ISO-10303-21;
HEADER;
/* Generated by software containing ST-Developer
 * from STEP Tools, Inc. (www.steptools.com) 
 */

FILE_DESCRIPTION(
/* description */ (''),
/* implementation_level */ '2;1');

FILE_NAME(
/* name */ 'Salamat-porte-cl.step',
/* time_stamp */ '2026-09-01T12:27:28Z',
/* author */ (''),
/* organization */ (''),
/* preprocessor_version */ 'ST-DEVELOPER v20.1',
/* originating_system */ 'Autodesk Translation Framework v15.8.0.0',
/* authorisation */ '');

FILE_SCHEMA (('AUTOMOTIVE_DESIGN { 1 0 10303 214 3 1 1 }'));
ENDSEC;

DATA;
#10=MECHANICAL_DESIGN_GEOMETRIC_PRESENTATION_REPRESENTATION('',(#13),#8558);
#11=SHAPE_REPRESENTATION_RELATIONSHIP('SRR','None',#8565,#12);
#12=ADVANCED_BREP_SHAPE_REPRESENTATION('',(#14),#8557);
#13=STYLED_ITEM('',(#8574),#14);
#14=MANIFOLD_SOLID_BREP('Corps1',#4194);
#15=B_SPLINE_SURFACE_WITH_KNOTS('',3,1,((#5699,#5700),(#5701,#5702),(#5703,
#5704),(#5705,#5706),(#5707,#5708)),.UNSPECIFIED.,.F.,.F.,.F.,(4,1,4),(2,
2),(0.,0.0240051917305837,0.0569276737112545),(0.,0.2),.UNSPECIFIED.);
#16=B_SPLINE_SURFACE_WITH_KNOTS('',3,1,((#5725,#5726),(#5727,#5728),(#5729,
#5730),(#5731,#5732),(#5733,#5734)),.UNSPECIFIED.,.F.,.F.,.F.,(4,1,4),(2,
2),(0.,0.0251733372120369,0.0658544895201739),(0.,0.2),.UNSPECIFIED.);
#17=B_SPLINE_SURFACE_WITH_KNOTS('',3,1,((#5748,#5749),(#5750,#5751),(#5752,
#5753),(#5754,#5755),(#5756,#5757)),.UNSPECIFIED.,.F.,.F.,.F.,(4,1,4),(2,
2),(0.,0.0142254860784436,0.026567056507764),(0.,0.2),.UNSPECIFIED.);
#18=B_SPLINE_SURFACE_WITH_KNOTS('',3,1,((#5771,#5772),(#5773,#5774),(#5775,
#5776),(#5777,#5778),(#5779,#5780)),.UNSPECIFIED.,.F.,.F.,.F.,(4,1,4),(2,
2),(0.,0.0151492432762951,0.0285425957162391),(0.,0.2),.UNSPECIFIED.);
#19=B_SPLINE_SURFACE_WITH_KNOTS('',3,1,((#5800,#5801),(#5802,#5803),(#5804,
#5805),(#5806,#5807),(#5808,#5809)),.UNSPECIFIED.,.F.,.F.,.F.,(4,1,4),(2,
2),(0.,0.0146773241091787,0.0322232219768478),(0.,0.2),.UNSPECIFIED.);
#20=B_SPLINE_SURFACE_WITH_KNOTS('',3,1,((#5823,#5824),(#5825,#5826),(#5827,
#5828),(#5829,#5830),(#5831,#5832)),.UNSPECIFIED.,.F.,.F.,.F.,(4,1,4),(2,
2),(0.,0.0120931590288793,0.024668759259993),(0.,0.2),.UNSPECIFIED.);
#21=B_SPLINE_SURFACE_WITH_KNOTS('',3,1,((#5846,#5847),(#5848,#5849),(#5850,
#5851),(#5852,#5853),(#5854,#5855)),.UNSPECIFIED.,.F.,.F.,.F.,(4,1,4),(2,
2),(0.,0.0213478049564443,0.0392764216899458),(0.,0.2),.UNSPECIFIED.);
#22=B_SPLINE_SURFACE_WITH_KNOTS('',3,1,((#5878,#5879),(#5880,#5881),(#5882,
#5883),(#5884,#5885),(#5886,#5887)),.UNSPECIFIED.,.F.,.F.,.F.,(4,1,4),(2,
2),(0.,0.0402235860901161,0.0741158101017113),(0.,0.2),.UNSPECIFIED.);
#23=B_SPLINE_SURFACE_WITH_KNOTS('',3,1,((#5895,#5896),(#5897,#5898),(#5899,
#5900),(#5901,#5902),(#5903,#5904)),.UNSPECIFIED.,.F.,.F.,.F.,(4,1,4),(2,
2),(0.,0.0956798070192441,0.187466261381191),(0.,0.2),.UNSPECIFIED.);
#24=B_SPLINE_SURFACE_WITH_KNOTS('',3,1,((#5912,#5913),(#5914,#5915),(#5916,
#5917),(#5918,#5919),(#5920,#5921)),.UNSPECIFIED.,.F.,.F.,.F.,(4,1,4),(2,
2),(0.,0.0806652037765596,0.172081754248424),(0.,0.2),.UNSPECIFIED.);
#25=B_SPLINE_SURFACE_WITH_KNOTS('',3,1,((#5929,#5930),(#5931,#5932),(#5933,
#5934),(#5935,#5936),(#5937,#5938)),.UNSPECIFIED.,.F.,.F.,.F.,(4,1,4),(2,
2),(0.,0.0427112720899391,0.0860548970324441),(0.,0.2),.UNSPECIFIED.);
#26=B_SPLINE_SURFACE_WITH_KNOTS('',3,1,((#5946,#5947),(#5948,#5949),(#5950,
#5951),(#5952,#5953),(#5954,#5955)),.UNSPECIFIED.,.F.,.F.,.F.,(4,1,4),(2,
2),(0.,0.0485032763413752,0.0932504063111366),(0.,0.2),.UNSPECIFIED.);
#27=B_SPLINE_SURFACE_WITH_KNOTS('',3,1,((#5963,#5964),(#5965,#5966),(#5967,
#5968),(#5969,#5970),(#5971,#5972)),.UNSPECIFIED.,.F.,.F.,.F.,(4,1,4),(2,
2),(0.,0.0781084997774626,0.149097486159369),(0.,0.2),.UNSPECIFIED.);
#28=B_SPLINE_SURFACE_WITH_KNOTS('',3,1,((#5980,#5981),(#5982,#5983),(#5984,
#5985),(#5986,#5987),(#5988,#5989)),.UNSPECIFIED.,.F.,.F.,.F.,(4,1,4),(2,
2),(0.,0.0290737162073308,0.0570430299251502),(0.,0.2),.UNSPECIFIED.);
#29=B_SPLINE_SURFACE_WITH_KNOTS('',3,1,((#5997,#5998),(#5999,#6000),(#6001,
#6002),(#6003,#6004),(#6005,#6006)),.UNSPECIFIED.,.F.,.F.,.F.,(4,1,4),(2,
2),(0.,0.0314365927569046,0.0618337257642646),(0.,0.2),.UNSPECIFIED.);
#30=B_SPLINE_SURFACE_WITH_KNOTS('',3,1,((#6014,#6015),(#6016,#6017),(#6018,
#6019),(#6020,#6021),(#6022,#6023)),.UNSPECIFIED.,.F.,.F.,.F.,(4,1,4),(2,
2),(0.,0.1039239339616,0.194182136009789),(0.,0.2),.UNSPECIFIED.);
#31=B_SPLINE_SURFACE_WITH_KNOTS('',3,1,((#6035,#6036),(#6037,#6038),(#6039,
#6040),(#6041,#6042),(#6043,#6044)),.UNSPECIFIED.,.F.,.F.,.F.,(4,1,4),(2,
2),(0.,0.0279642247193109,0.0580211872201068),(0.,0.2),.UNSPECIFIED.);
#32=B_SPLINE_SURFACE_WITH_KNOTS('',3,1,((#6052,#6053),(#6054,#6055),(#6056,
#6057),(#6058,#6059),(#6060,#6061)),.UNSPECIFIED.,.F.,.F.,.F.,(4,1,4),(2,
2),(0.,0.0115310418970767,0.033111975457911),(0.,0.2),.UNSPECIFIED.);
#33=B_SPLINE_SURFACE_WITH_KNOTS('',3,1,((#6069,#6070),(#6071,#6072),(#6073,
#6074),(#6075,#6076),(#6077,#6078)),.UNSPECIFIED.,.F.,.F.,.F.,(4,1,4),(2,
2),(0.,0.0041123336458024,0.00756033085477792),(0.,0.2),.UNSPECIFIED.);
#34=B_SPLINE_SURFACE_WITH_KNOTS('',3,1,((#6086,#6087),(#6088,#6089),(#6090,
#6091),(#6092,#6093),(#6094,#6095)),.UNSPECIFIED.,.F.,.F.,.F.,(4,1,4),(2,
2),(0.,0.00368556194891477,0.00784300814015773),(0.,0.2),.UNSPECIFIED.);
#35=B_SPLINE_SURFACE_WITH_KNOTS('',3,1,((#6103,#6104),(#6105,#6106),(#6107,
#6108),(#6109,#6110),(#6111,#6112)),.UNSPECIFIED.,.F.,.F.,.F.,(4,1,4),(2,
2),(0.,0.0149058786635291,0.0242464094264699),(0.,0.2),.UNSPECIFIED.);
#36=B_SPLINE_SURFACE_WITH_KNOTS('',3,1,((#6120,#6121),(#6122,#6123),(#6124,
#6125),(#6126,#6127),(#6128,#6129)),.UNSPECIFIED.,.F.,.F.,.F.,(4,1,4),(2,
2),(0.,0.172901289829272,0.242364245115212),(0.,0.2),.UNSPECIFIED.);
#37=B_SPLINE_SURFACE_WITH_KNOTS('',3,1,((#6150,#6151),(#6152,#6153),(#6154,
#6155),(#6156,#6157),(#6158,#6159)),.UNSPECIFIED.,.F.,.F.,.F.,(4,1,4),(2,
2),(0.,0.126784517787844,0.293025947395939),(0.,0.2),.UNSPECIFIED.);
#38=B_SPLINE_SURFACE_WITH_KNOTS('',3,1,((#6179,#6180),(#6181,#6182),(#6183,
#6184),(#6185,#6186),(#6187,#6188)),.UNSPECIFIED.,.F.,.F.,.F.,(4,1,4),(2,
2),(0.,0.0234197317112488,0.0509803637994087),(0.,0.2),.UNSPECIFIED.);
#39=B_SPLINE_SURFACE_WITH_KNOTS('',3,1,((#6196,#6197),(#6198,#6199),(#6200,
#6201),(#6202,#6203),(#6204,#6205)),.UNSPECIFIED.,.F.,.F.,.F.,(4,1,4),(2,
2),(0.,0.0330092536886803,0.0660319424176823),(0.,0.2),.UNSPECIFIED.);
#40=B_SPLINE_SURFACE_WITH_KNOTS('',3,1,((#6213,#6214),(#6215,#6216),(#6217,
#6218),(#6219,#6220),(#6221,#6222)),.UNSPECIFIED.,.F.,.F.,.F.,(4,1,4),(2,
2),(0.,0.0480368501629974,0.0870143783326964),(0.,0.2),.UNSPECIFIED.);
#41=B_SPLINE_SURFACE_WITH_KNOTS('',3,1,((#6230,#6231),(#6232,#6233),(#6234,
#6235),(#6236,#6237),(#6238,#6239)),.UNSPECIFIED.,.F.,.F.,.F.,(4,1,4),(2,
2),(0.,0.109057164494195,0.207686781427428),(0.,0.2),.UNSPECIFIED.);
#42=B_SPLINE_SURFACE_WITH_KNOTS('',3,1,((#6251,#6252),(#6253,#6254),(#6255,
#6256),(#6257,#6258),(#6259,#6260)),.UNSPECIFIED.,.F.,.F.,.F.,(4,1,4),(2,
2),(0.,0.035302295858535,0.0800951715527935),(0.,0.2),.UNSPECIFIED.);
#43=B_SPLINE_SURFACE_WITH_KNOTS('',3,1,((#6268,#6269),(#6270,#6271),(#6272,
#6273),(#6274,#6275),(#6276,#6277)),.UNSPECIFIED.,.F.,.F.,.F.,(4,1,4),(2,
2),(0.,0.0163598723143406,0.0421875287656599),(0.,0.2),.UNSPECIFIED.);
#44=B_SPLINE_SURFACE_WITH_KNOTS('',3,1,((#6285,#6286),(#6287,#6288),(#6289,
#6290),(#6291,#6292),(#6293,#6294)),.UNSPECIFIED.,.F.,.F.,.F.,(4,1,4),(2,
2),(0.,0.00846400430800679,0.0162210628275044),(0.,0.2),.UNSPECIFIED.);
#45=B_SPLINE_SURFACE_WITH_KNOTS('',3,1,((#6302,#6303),(#6304,#6305),(#6306,
#6307),(#6308,#6309),(#6310,#6311)),.UNSPECIFIED.,.F.,.F.,.F.,(4,1,4),(2,
2),(0.,0.0106484584994162,0.0193578862570026),(0.,0.2),.UNSPECIFIED.);
#46=B_SPLINE_SURFACE_WITH_KNOTS('',3,1,((#6333,#6334),(#6335,#6336),(#6337,
#6338),(#6339,#6340),(#6341,#6342)),.UNSPECIFIED.,.F.,.F.,.F.,(4,1,4),(2,
2),(0.,0.0270807295799852,0.0591750168377235),(0.,0.2),.UNSPECIFIED.);
#47=B_SPLINE_SURFACE_WITH_KNOTS('',3,1,((#6352,#6353),(#6354,#6355),(#6356,
#6357),(#6358,#6359),(#6360,#6361)),.UNSPECIFIED.,.F.,.F.,.F.,(4,1,4),(2,
2),(0.,0.0130354252149044,0.0334266071466306),(0.,0.2),.UNSPECIFIED.);
#48=B_SPLINE_SURFACE_WITH_KNOTS('',3,1,((#6369,#6370),(#6371,#6372),(#6373,
#6374),(#6375,#6376),(#6377,#6378)),.UNSPECIFIED.,.F.,.F.,.F.,(4,1,4),(2,
2),(0.,0.00704546230332594,0.013855446417974),(0.,0.2),.UNSPECIFIED.);
#49=B_SPLINE_SURFACE_WITH_KNOTS('',3,1,((#6386,#6387),(#6388,#6389),(#6390,
#6391),(#6392,#6393),(#6394,#6395)),.UNSPECIFIED.,.F.,.F.,.F.,(4,1,4),(2,
2),(0.,0.0107180644805774,0.0194369432524981),(0.,0.2),.UNSPECIFIED.);
#50=B_SPLINE_SURFACE_WITH_KNOTS('',3,1,((#6407,#6408),(#6409,#6410),(#6411,
#6412),(#6413,#6414),(#6415,#6416)),.UNSPECIFIED.,.F.,.F.,.F.,(4,1,4),(2,
2),(0.,0.0182378089516859,0.0367761703432244),(0.,0.2),.UNSPECIFIED.);
#51=B_SPLINE_SURFACE_WITH_KNOTS('',3,1,((#6424,#6425),(#6426,#6427),(#6428,
#6429),(#6430,#6431),(#6432,#6433)),.UNSPECIFIED.,.F.,.F.,.F.,(4,1,4),(2,
2),(0.,0.0265850697233113,0.0529229667058578),(0.,0.2),.UNSPECIFIED.);
#52=B_SPLINE_SURFACE_WITH_KNOTS('',3,1,((#6441,#6442),(#6443,#6444),(#6445,
#6446),(#6447,#6448),(#6449,#6450)),.UNSPECIFIED.,.F.,.F.,.F.,(4,1,4),(2,
2),(0.,0.033068761903822,0.0622938395390872),(0.,0.2),.UNSPECIFIED.);
#53=B_SPLINE_SURFACE_WITH_KNOTS('',3,1,((#6458,#6459),(#6460,#6461),(#6462,
#6463),(#6464,#6465),(#6466,#6467)),.UNSPECIFIED.,.F.,.F.,.F.,(4,1,4),(2,
2),(0.,0.0435559312999772,0.0855553078351415),(0.,0.2),.UNSPECIFIED.);
#54=B_SPLINE_SURFACE_WITH_KNOTS('',3,1,((#6475,#6476),(#6477,#6478),(#6479,
#6480),(#6481,#6482),(#6483,#6484)),.UNSPECIFIED.,.F.,.F.,.F.,(4,1,4),(2,
2),(0.,0.062485239597555,0.113342862064645),(0.,0.2),.UNSPECIFIED.);
#55=B_SPLINE_SURFACE_WITH_KNOTS('',3,1,((#6496,#6497),(#6498,#6499),(#6500,
#6501),(#6502,#6503),(#6504,#6505)),.UNSPECIFIED.,.F.,.F.,.F.,(4,1,4),(2,
2),(0.,0.0136907811684954,0.0312357630231416),(0.,0.2),.UNSPECIFIED.);
#56=B_SPLINE_SURFACE_WITH_KNOTS('',3,1,((#6513,#6514),(#6515,#6516),(#6517,
#6518),(#6519,#6520),(#6521,#6522)),.UNSPECIFIED.,.F.,.F.,.F.,(4,1,4),(2,
2),(0.,0.0278935773983456,0.0546459446515637),(0.,0.2),.UNSPECIFIED.);
#57=B_SPLINE_SURFACE_WITH_KNOTS('',3,1,((#6530,#6531),(#6532,#6533),(#6534,
#6535),(#6536,#6537),(#6538,#6539)),.UNSPECIFIED.,.F.,.F.,.F.,(4,1,4),(2,
2),(0.,0.0327984201022711,0.0630023240823881),(0.,0.2),.UNSPECIFIED.);
#58=B_SPLINE_SURFACE_WITH_KNOTS('',3,1,((#6547,#6548),(#6549,#6550),(#6551,
#6552),(#6553,#6554),(#6555,#6556)),.UNSPECIFIED.,.F.,.F.,.F.,(4,1,4),(2,
2),(0.,0.106554246660907,0.189702909616149),(0.,0.2),.UNSPECIFIED.);
#59=B_SPLINE_SURFACE_WITH_KNOTS('',3,1,((#6572,#6573),(#6574,#6575),(#6576,
#6577),(#6578,#6579),(#6580,#6581)),.UNSPECIFIED.,.F.,.F.,.F.,(4,1,4),(2,
2),(0.,0.123195099681309,0.235174422751458),(0.,0.2),.UNSPECIFIED.);
#60=B_SPLINE_SURFACE_WITH_KNOTS('',3,1,((#6613,#6614),(#6615,#6616),(#6617,
#6618),(#6619,#6620),(#6621,#6622)),.UNSPECIFIED.,.F.,.F.,.F.,(4,1,4),(2,
2),(0.,0.012145696274527,0.0163825903075921),(0.,0.2),.UNSPECIFIED.);
#61=B_SPLINE_SURFACE_WITH_KNOTS('',3,1,((#6630,#6631),(#6632,#6633),(#6634,
#6635),(#6636,#6637),(#6638,#6639)),.UNSPECIFIED.,.F.,.F.,.F.,(4,1,4),(2,
2),(0.,0.0143082485600925,0.0298030549792968),(0.,0.2),.UNSPECIFIED.);
#62=B_SPLINE_SURFACE_WITH_KNOTS('',3,1,((#6647,#6648),(#6649,#6650),(#6651,
#6652),(#6653,#6654),(#6655,#6656)),.UNSPECIFIED.,.F.,.F.,.F.,(4,1,4),(2,
2),(0.,0.00995336349397933,0.0224016264271689),(0.,0.2),.UNSPECIFIED.);
#63=B_SPLINE_SURFACE_WITH_KNOTS('',3,1,((#6664,#6665),(#6666,#6667),(#6668,
#6669),(#6670,#6671),(#6672,#6673)),.UNSPECIFIED.,.F.,.F.,.F.,(4,1,4),(2,
2),(0.,0.00647445054898086,0.0143817647028686),(0.,0.2),.UNSPECIFIED.);
#64=B_SPLINE_SURFACE_WITH_KNOTS('',3,1,((#6681,#6682),(#6683,#6684),(#6685,
#6686),(#6687,#6688),(#6689,#6690)),.UNSPECIFIED.,.F.,.F.,.F.,(4,1,4),(2,
2),(0.,0.00470016665275086,0.00910666247233244),(0.,0.2),.UNSPECIFIED.);
#65=B_SPLINE_SURFACE_WITH_KNOTS('',3,1,((#6698,#6699),(#6700,#6701),(#6702,
#6703),(#6704,#6705),(#6706,#6707)),.UNSPECIFIED.,.F.,.F.,.F.,(4,1,4),(2,
2),(0.,0.00399022999519494,0.00848431836205196),(0.,0.2),.UNSPECIFIED.);
#66=B_SPLINE_SURFACE_WITH_KNOTS('',3,1,((#6715,#6716),(#6717,#6718),(#6719,
#6720),(#6721,#6722),(#6723,#6724)),.UNSPECIFIED.,.F.,.F.,.F.,(4,1,4),(2,
2),(0.,0.00800764566134362,0.0143708129567996),(0.,0.2),.UNSPECIFIED.);
#67=B_SPLINE_SURFACE_WITH_KNOTS('',3,1,((#6732,#6733),(#6734,#6735),(#6736,
#6737),(#6738,#6739),(#6740,#6741)),.UNSPECIFIED.,.F.,.F.,.F.,(4,1,4),(2,
2),(0.,0.051997685267466,0.0752302958092743),(0.,0.2),.UNSPECIFIED.);
#68=B_SPLINE_SURFACE_WITH_KNOTS('',3,1,((#6761,#6762),(#6763,#6764),(#6765,
#6766),(#6767,#6768),(#6769,#6770)),.UNSPECIFIED.,.F.,.F.,.F.,(4,1,4),(2,
2),(0.,0.0211497330632287,0.0597823780322363),(0.,0.2),.UNSPECIFIED.);
#69=B_SPLINE_SURFACE_WITH_KNOTS('',3,1,((#6778,#6779),(#6780,#6781),(#6782,
#6783),(#6784,#6785),(#6786,#6787)),.UNSPECIFIED.,.F.,.F.,.F.,(4,1,4),(2,
2),(0.,0.00850512605288954,0.0203182838458983),(0.,0.2),.UNSPECIFIED.);
#70=B_SPLINE_SURFACE_WITH_KNOTS('',3,1,((#6795,#6796),(#6797,#6798),(#6799,
#6800),(#6801,#6802),(#6803,#6804)),.UNSPECIFIED.,.F.,.F.,.F.,(4,1,4),(2,
2),(0.,0.00698788386725831,0.0168756963965372),(0.,0.2),.UNSPECIFIED.);
#71=B_SPLINE_SURFACE_WITH_KNOTS('',3,1,((#6812,#6813),(#6814,#6815),(#6816,
#6817),(#6818,#6819),(#6820,#6821)),.UNSPECIFIED.,.F.,.F.,.F.,(4,1,4),(2,
2),(0.,0.00762818064033935,0.0156169210761125),(0.,0.2),.UNSPECIFIED.);
#72=B_SPLINE_SURFACE_WITH_KNOTS('',3,1,((#6829,#6830),(#6831,#6832),(#6833,
#6834),(#6835,#6836),(#6837,#6838)),.UNSPECIFIED.,.F.,.F.,.F.,(4,1,4),(2,
2),(0.,0.00601211396419925,0.0130471314514431),(0.,0.2),.UNSPECIFIED.);
#73=B_SPLINE_SURFACE_WITH_KNOTS('',3,1,((#6846,#6847),(#6848,#6849),(#6850,
#6851),(#6852,#6853),(#6854,#6855)),.UNSPECIFIED.,.F.,.F.,.F.,(4,1,4),(2,
2),(0.,0.004153327036277,0.00938071680141053),(0.,0.2),.UNSPECIFIED.);
#74=B_SPLINE_SURFACE_WITH_KNOTS('',3,1,((#6863,#6864),(#6865,#6866),(#6867,
#6868),(#6869,#6870),(#6871,#6872)),.UNSPECIFIED.,.F.,.F.,.F.,(4,1,4),(2,
2),(0.,0.00369129100679613,0.00699217870442422),(0.,0.2),.UNSPECIFIED.);
#75=B_SPLINE_SURFACE_WITH_KNOTS('',3,1,((#6880,#6881),(#6882,#6883),(#6884,
#6885),(#6886,#6887),(#6888,#6889)),.UNSPECIFIED.,.F.,.F.,.F.,(4,1,4),(2,
2),(0.,0.00333651139107503,0.00705970899206597),(0.,0.2),.UNSPECIFIED.);
#76=B_SPLINE_SURFACE_WITH_KNOTS('',3,1,((#6897,#6898),(#6899,#6900),(#6901,
#6902),(#6903,#6904),(#6905,#6906)),.UNSPECIFIED.,.F.,.F.,.F.,(4,1,4),(2,
2),(0.,0.00823288167763026,0.0134136145094418),(0.,0.2),.UNSPECIFIED.);
#77=B_SPLINE_SURFACE_WITH_KNOTS('',3,1,((#6918,#6919),(#6920,#6921),(#6922,
#6923),(#6924,#6925),(#6926,#6927)),.UNSPECIFIED.,.F.,.F.,.F.,(4,1,4),(2,
2),(0.,0.0241187219334488,0.0568128960918486),(0.,0.2),.UNSPECIFIED.);
#78=B_SPLINE_SURFACE_WITH_KNOTS('',3,1,((#6935,#6936),(#6937,#6938),(#6939,
#6940),(#6941,#6942),(#6943,#6944)),.UNSPECIFIED.,.F.,.F.,.F.,(4,1,4),(2,
2),(0.,0.0279171446506643,0.0552615979515338),(0.,0.2),.UNSPECIFIED.);
#79=B_SPLINE_SURFACE_WITH_KNOTS('',3,1,((#6952,#6953),(#6954,#6955),(#6956,
#6957),(#6958,#6959),(#6960,#6961)),.UNSPECIFIED.,.F.,.F.,.F.,(4,1,4),(2,
2),(0.,0.0416451198756969,0.0751824576799975),(0.,0.2),.UNSPECIFIED.);
#80=B_SPLINE_SURFACE_WITH_KNOTS('',3,1,((#6969,#6970),(#6971,#6972),(#6973,
#6974),(#6975,#6976),(#6977,#6978)),.UNSPECIFIED.,.F.,.F.,.F.,(4,1,4),(2,
2),(0.,0.11237231685647,0.209707845033965),(0.,0.2),.UNSPECIFIED.);
#81=B_SPLINE_SURFACE_WITH_KNOTS('',3,1,((#6989,#6990),(#6991,#6992),(#6993,
#6994),(#6995,#6996),(#6997,#6998)),.UNSPECIFIED.,.F.,.F.,.F.,(4,1,4),(2,
2),(0.,0.0240051750669225,0.056927719151885),(0.,0.2),.UNSPECIFIED.);
#82=B_SPLINE_SURFACE_WITH_KNOTS('',3,1,((#7015,#7016),(#7017,#7018),(#7019,
#7020),(#7021,#7022),(#7023,#7024)),.UNSPECIFIED.,.F.,.F.,.F.,(4,1,4),(2,
2),(0.,0.0251733372120369,0.0658546818170395),(0.,0.2),.UNSPECIFIED.);
#83=B_SPLINE_SURFACE_WITH_KNOTS('',3,1,((#7038,#7039),(#7040,#7041),(#7042,
#7043),(#7044,#7045),(#7046,#7047)),.UNSPECIFIED.,.F.,.F.,.F.,(4,1,4),(2,
2),(0.,0.0142255181049333,0.0265668670438613),(0.,0.2),.UNSPECIFIED.);
#84=B_SPLINE_SURFACE_WITH_KNOTS('',3,1,((#7061,#7062),(#7063,#7064),(#7065,
#7066),(#7067,#7068),(#7069,#7070)),.UNSPECIFIED.,.F.,.F.,.F.,(4,1,4),(2,
2),(0.,0.0151491816627055,0.028542545718357),(0.,0.2),.UNSPECIFIED.);
#85=B_SPLINE_SURFACE_WITH_KNOTS('',3,1,((#7090,#7091),(#7092,#7093),(#7094,
#7095),(#7096,#7097),(#7098,#7099)),.UNSPECIFIED.,.F.,.F.,.F.,(4,1,4),(2,
2),(0.,0.01467746189956,0.0322233597672291),(0.,0.2),.UNSPECIFIED.);
#86=B_SPLINE_SURFACE_WITH_KNOTS('',3,1,((#7113,#7114),(#7115,#7116),(#7117,
#7118),(#7119,#7120),(#7121,#7122)),.UNSPECIFIED.,.F.,.F.,.F.,(4,1,4),(2,
2),(0.,0.0120931590288793,0.024668759259993),(0.,0.2),.UNSPECIFIED.);
#87=B_SPLINE_SURFACE_WITH_KNOTS('',3,1,((#7136,#7137),(#7138,#7139),(#7140,
#7141),(#7142,#7143),(#7144,#7145)),.UNSPECIFIED.,.F.,.F.,.F.,(4,1,4),(2,
2),(0.,0.0213478049564443,0.0392764216899458),(0.,0.2),.UNSPECIFIED.);
#88=B_SPLINE_SURFACE_WITH_KNOTS('',3,1,((#7168,#7169),(#7170,#7171),(#7172,
#7173),(#7174,#7175),(#7176,#7177)),.UNSPECIFIED.,.F.,.F.,.F.,(4,1,4),(2,
2),(0.,0.0402235860901161,0.0741158101017113),(0.,0.2),.UNSPECIFIED.);
#89=B_SPLINE_SURFACE_WITH_KNOTS('',3,1,((#7185,#7186),(#7187,#7188),(#7189,
#7190),(#7191,#7192),(#7193,#7194)),.UNSPECIFIED.,.F.,.F.,.F.,(4,1,4),(2,
2),(0.,0.0956798070192441,0.187466027002502),(0.,0.2),.UNSPECIFIED.);
#90=B_SPLINE_SURFACE_WITH_KNOTS('',3,1,((#7202,#7203),(#7204,#7205),(#7206,
#7207),(#7208,#7209),(#7210,#7211)),.UNSPECIFIED.,.F.,.F.,.F.,(4,1,4),(2,
2),(0.,0.0806652321540615,0.172081782625925),(0.,0.2),.UNSPECIFIED.);
#91=B_SPLINE_SURFACE_WITH_KNOTS('',3,1,((#7219,#7220),(#7221,#7222),(#7223,
#7224),(#7225,#7226),(#7227,#7228)),.UNSPECIFIED.,.F.,.F.,.F.,(4,1,4),(2,
2),(0.,0.0427112720899391,0.0860548970324441),(0.,0.2),.UNSPECIFIED.);
#92=B_SPLINE_SURFACE_WITH_KNOTS('',3,1,((#7236,#7237),(#7238,#7239),(#7240,
#7241),(#7242,#7243),(#7244,#7245)),.UNSPECIFIED.,.F.,.F.,.F.,(4,1,4),(2,
2),(0.,0.0485031585852991,0.0932502885550605),(0.,0.2),.UNSPECIFIED.);
#93=B_SPLINE_SURFACE_WITH_KNOTS('',3,1,((#7253,#7254),(#7255,#7256),(#7257,
#7258),(#7259,#7260),(#7261,#7262)),.UNSPECIFIED.,.F.,.F.,.F.,(4,1,4),(2,
2),(0.,0.0781083031695116,0.149097522782537),(0.,0.2),.UNSPECIFIED.);
#94=B_SPLINE_SURFACE_WITH_KNOTS('',3,1,((#7270,#7271),(#7272,#7273),(#7274,
#7275),(#7276,#7277),(#7278,#7279)),.UNSPECIFIED.,.F.,.F.,.F.,(4,1,4),(2,
2),(0.,0.0290738985174697,0.0570431520459256),(0.,0.2),.UNSPECIFIED.);
#95=B_SPLINE_SURFACE_WITH_KNOTS('',3,1,((#7287,#7288),(#7289,#7290),(#7291,
#7292),(#7293,#7294),(#7295,#7296)),.UNSPECIFIED.,.F.,.F.,.F.,(4,1,4),(2,
2),(0.,0.0314369474660395,0.0618338615028905),(0.,0.2),.UNSPECIFIED.);
#96=B_SPLINE_SURFACE_WITH_KNOTS('',3,1,((#7304,#7305),(#7306,#7307),(#7308,
#7309),(#7310,#7311),(#7312,#7313)),.UNSPECIFIED.,.F.,.F.,.F.,(4,1,4),(2,
2),(0.,0.103924002072301,0.194182090979468),(0.,0.2),.UNSPECIFIED.);
#97=B_SPLINE_SURFACE_WITH_KNOTS('',3,1,((#7325,#7326),(#7327,#7328),(#7329,
#7330),(#7331,#7332),(#7333,#7334)),.UNSPECIFIED.,.F.,.F.,.F.,(4,1,4),(2,
2),(0.,0.0279641603468284,0.0580211753448778),(0.,0.2),.UNSPECIFIED.);
#98=B_SPLINE_SURFACE_WITH_KNOTS('',3,1,((#7342,#7343),(#7344,#7345),(#7346,
#7347),(#7348,#7349),(#7350,#7351)),.UNSPECIFIED.,.F.,.F.,.F.,(4,1,4),(2,
2),(0.,0.0115312519725124,0.0331121077835051),(0.,0.2),.UNSPECIFIED.);
#99=B_SPLINE_SURFACE_WITH_KNOTS('',3,1,((#7359,#7360),(#7361,#7362),(#7363,
#7364),(#7365,#7366),(#7367,#7368)),.UNSPECIFIED.,.F.,.F.,.F.,(4,1,4),(2,
2),(0.,0.0041123336458024,0.00756033085477792),(0.,0.2),.UNSPECIFIED.);
#100=B_SPLINE_SURFACE_WITH_KNOTS('',3,1,((#7376,#7377),(#7378,#7379),(#7380,
#7381),(#7382,#7383),(#7384,#7385)),.UNSPECIFIED.,.F.,.F.,.F.,(4,1,4),(2,
2),(0.,0.00368550768173801,0.00784295387298098),(0.,0.2),.UNSPECIFIED.);
#101=B_SPLINE_SURFACE_WITH_KNOTS('',3,1,((#7393,#7394),(#7395,#7396),(#7397,
#7398),(#7399,#7400),(#7401,#7402)),.UNSPECIFIED.,.F.,.F.,.F.,(4,1,4),(2,
2),(0.,0.0149058439983882,0.024246374761329),(0.,0.2),.UNSPECIFIED.);
#102=B_SPLINE_SURFACE_WITH_KNOTS('',3,1,((#7410,#7411),(#7412,#7413),(#7414,
#7415),(#7416,#7417),(#7418,#7419)),.UNSPECIFIED.,.F.,.F.,.F.,(4,1,4),(2,
2),(0.,0.172901289829272,0.242364245115212),(0.,0.2),.UNSPECIFIED.);
#103=B_SPLINE_SURFACE_WITH_KNOTS('',3,1,((#7430,#7431),(#7432,#7433),(#7434,
#7435),(#7436,#7437),(#7438,#7439)),.UNSPECIFIED.,.F.,.F.,.F.,(4,1,4),(2,
2),(0.,0.0240051750669225,0.0569276570475933),(0.,0.2),.UNSPECIFIED.);
#104=B_SPLINE_SURFACE_WITH_KNOTS('',3,1,((#7456,#7457),(#7458,#7459),(#7460,
#7461),(#7462,#7463),(#7464,#7465)),.UNSPECIFIED.,.F.,.F.,.F.,(4,1,4),(2,
2),(0.,0.0251731112054023,0.0658544558104049),(0.,0.2),.UNSPECIFIED.);
#105=B_SPLINE_SURFACE_WITH_KNOTS('',3,1,((#7479,#7480),(#7481,#7482),(#7483,
#7484),(#7485,#7486),(#7487,#7488)),.UNSPECIFIED.,.F.,.F.,.F.,(4,1,4),(2,
2),(0.,0.0142255181049333,0.0265670885342537),(0.,0.2),.UNSPECIFIED.);
#106=B_SPLINE_SURFACE_WITH_KNOTS('',3,1,((#7502,#7503),(#7504,#7505),(#7506,
#7507),(#7508,#7509),(#7510,#7511)),.UNSPECIFIED.,.F.,.F.,.F.,(4,1,4),(2,
2),(0.,0.0151491816627055,0.028542545718357),(0.,0.2),.UNSPECIFIED.);
#107=B_SPLINE_SURFACE_WITH_KNOTS('',3,1,((#7531,#7532),(#7533,#7534),(#7535,
#7536),(#7537,#7538),(#7539,#7540)),.UNSPECIFIED.,.F.,.F.,.F.,(4,1,4),(2,
2),(0.,0.01467746189956,0.0322233597672291),(0.,0.2),.UNSPECIFIED.);
#108=B_SPLINE_SURFACE_WITH_KNOTS('',3,1,((#7554,#7555),(#7556,#7557),(#7558,
#7559),(#7560,#7561),(#7562,#7563)),.UNSPECIFIED.,.F.,.F.,.F.,(4,1,4),(2,
2),(0.,0.0120931590288793,0.024668759259993),(0.,0.2),.UNSPECIFIED.);
#109=B_SPLINE_SURFACE_WITH_KNOTS('',3,1,((#7577,#7578),(#7579,#7580),(#7581,
#7582),(#7583,#7584),(#7585,#7586)),.UNSPECIFIED.,.F.,.F.,.F.,(4,1,4),(2,
2),(0.,0.0213478049564443,0.0392764216899458),(0.,0.2),.UNSPECIFIED.);
#110=B_SPLINE_SURFACE_WITH_KNOTS('',3,1,((#7609,#7610),(#7611,#7612),(#7613,
#7614),(#7615,#7616),(#7617,#7618)),.UNSPECIFIED.,.F.,.F.,.F.,(4,1,4),(2,
2),(0.,0.0402235860901161,0.0741158101017113),(0.,0.2),.UNSPECIFIED.);
#111=B_SPLINE_SURFACE_WITH_KNOTS('',3,1,((#7626,#7627),(#7628,#7629),(#7630,
#7631),(#7632,#7633),(#7634,#7635)),.UNSPECIFIED.,.F.,.F.,.F.,(4,1,4),(2,
2),(0.,0.0956796044762162,0.187466293216873),(0.,0.2),.UNSPECIFIED.);
#112=B_SPLINE_SURFACE_WITH_KNOTS('',3,1,((#7643,#7644),(#7645,#7646),(#7647,
#7648),(#7649,#7650),(#7651,#7652)),.UNSPECIFIED.,.F.,.F.,.F.,(4,1,4),(2,
2),(0.,0.080665175399224,0.172081725871088),(0.,0.2),.UNSPECIFIED.);
#113=B_SPLINE_SURFACE_WITH_KNOTS('',3,1,((#7660,#7661),(#7662,#7663),(#7664,
#7665),(#7666,#7667),(#7668,#7669)),.UNSPECIFIED.,.F.,.F.,.F.,(4,1,4),(2,
2),(0.,0.0427112720899391,0.0860548970324441),(0.,0.2),.UNSPECIFIED.);
#114=B_SPLINE_SURFACE_WITH_KNOTS('',3,1,((#7677,#7678),(#7679,#7680),(#7681,
#7682),(#7683,#7684),(#7685,#7686)),.UNSPECIFIED.,.F.,.F.,.F.,(4,1,4),(2,
2),(0.,0.0485033940974584,0.0932503184512319),(0.,0.2),.UNSPECIFIED.);
#115=B_SPLINE_SURFACE_WITH_KNOTS('',3,1,((#7694,#7695),(#7696,#7697),(#7698,
#7699),(#7700,#7701),(#7702,#7703)),.UNSPECIFIED.,.F.,.F.,.F.,(4,1,4),(2,
2),(0.,0.0781083031695116,0.149097522782537),(0.,0.2),.UNSPECIFIED.);
#116=B_SPLINE_SURFACE_WITH_KNOTS('',3,1,((#7711,#7712),(#7713,#7714),(#7715,
#7716),(#7717,#7718),(#7719,#7720)),.UNSPECIFIED.,.F.,.F.,.F.,(4,1,4),(2,
2),(0.,0.0290737162073308,0.0570430901148922),(0.,0.2),.UNSPECIFIED.);
#117=B_SPLINE_SURFACE_WITH_KNOTS('',3,1,((#7728,#7729),(#7730,#7731),(#7732,
#7733),(#7734,#7735),(#7736,#7737)),.UNSPECIFIED.,.F.,.F.,.F.,(4,1,4),(2,
2),(0.,0.0314367109932756,0.0618336250301266),(0.,0.2),.UNSPECIFIED.);
#118=B_SPLINE_SURFACE_WITH_KNOTS('',3,1,((#7745,#7746),(#7747,#7748),(#7749,
#7750),(#7751,#7752),(#7753,#7754)),.UNSPECIFIED.,.F.,.F.,.F.,(4,1,4),(2,
2),(0.,0.103924002072301,0.194182317261529),(0.,0.2),.UNSPECIFIED.);
#119=B_SPLINE_SURFACE_WITH_KNOTS('',3,1,((#7766,#7767),(#7768,#7769),(#7770,
#7771),(#7772,#7773),(#7774,#7775)),.UNSPECIFIED.,.F.,.F.,.F.,(4,1,4),(2,
2),(0.,0.0279641603468284,0.0580211753448778),(0.,0.2),.UNSPECIFIED.);
#120=B_SPLINE_SURFACE_WITH_KNOTS('',3,1,((#7783,#7784),(#7785,#7786),(#7787,
#7788),(#7789,#7790),(#7791,#7792)),.UNSPECIFIED.,.F.,.F.,.F.,(4,1,4),(2,
2),(0.,0.0115312519725124,0.0331121077835051),(0.,0.2),.UNSPECIFIED.);
#121=B_SPLINE_SURFACE_WITH_KNOTS('',3,1,((#7800,#7801),(#7802,#7803),(#7804,
#7805),(#7806,#7807),(#7808,#7809)),.UNSPECIFIED.,.F.,.F.,.F.,(4,1,4),(2,
2),(0.,0.00411252820215045,0.00756029337218531),(0.,0.2),.UNSPECIFIED.);
#122=B_SPLINE_SURFACE_WITH_KNOTS('',3,1,((#7817,#7818),(#7819,#7820),(#7821,
#7822),(#7823,#7824),(#7825,#7826)),.UNSPECIFIED.,.F.,.F.,.F.,(4,1,4),(2,
2),(0.,0.00368550768173801,0.00784295387298098),(0.,0.2),.UNSPECIFIED.);
#123=B_SPLINE_SURFACE_WITH_KNOTS('',3,1,((#7834,#7835),(#7836,#7837),(#7838,
#7839),(#7840,#7841),(#7842,#7843)),.UNSPECIFIED.,.F.,.F.,.F.,(4,1,4),(2,
2),(0.,0.0149058439983882,0.024246374761329),(0.,0.2),.UNSPECIFIED.);
#124=B_SPLINE_SURFACE_WITH_KNOTS('',3,1,((#7851,#7852),(#7853,#7854),(#7855,
#7856),(#7857,#7858),(#7859,#7860)),.UNSPECIFIED.,.F.,.F.,.F.,(4,1,4),(2,
2),(0.,0.172901289829272,0.242364245115212),(0.,0.2),.UNSPECIFIED.);
#125=B_SPLINE_SURFACE_WITH_KNOTS('',3,1,((#7889,#7890),(#7891,#7892),(#7893,
#7894),(#7895,#7896),(#7897,#7898)),.UNSPECIFIED.,.F.,.F.,.F.,(4,1,4),(2,
2),(0.,0.0163828885655294,0.0466408466672776),(0.,0.2),.UNSPECIFIED.);
#126=B_SPLINE_SURFACE_WITH_KNOTS('',3,1,((#7906,#7907),(#7908,#7909),(#7910,
#7911),(#7912,#7913),(#7914,#7915)),.UNSPECIFIED.,.F.,.F.,.F.,(4,1,4),(2,
2),(0.,0.0302897547320465,0.0583131993734356),(0.,0.2),.UNSPECIFIED.);
#127=B_SPLINE_SURFACE_WITH_KNOTS('',3,1,((#7923,#7924),(#7925,#7926),(#7927,
#7928),(#7929,#7930),(#7931,#7932)),.UNSPECIFIED.,.F.,.F.,.F.,(4,1,4),(2,
2),(0.,0.0414275633647721,0.0769054471220157),(0.,0.2),.UNSPECIFIED.);
#128=B_SPLINE_SURFACE_WITH_KNOTS('',3,1,((#7940,#7941),(#7942,#7943),(#7944,
#7945),(#7946,#7947),(#7948,#7949)),.UNSPECIFIED.,.F.,.F.,.F.,(4,1,4),(2,
2),(0.,0.0454627437045492,0.0944751470144935),(0.,0.2),.UNSPECIFIED.);
#129=B_SPLINE_SURFACE_WITH_KNOTS('',3,1,((#7957,#7958),(#7959,#7960),(#7961,
#7962),(#7963,#7964),(#7965,#7966)),.UNSPECIFIED.,.F.,.F.,.F.,(4,1,4),(2,
2),(0.,0.0579898058278775,0.106845081991279),(0.,0.2),.UNSPECIFIED.);
#130=B_SPLINE_SURFACE_WITH_KNOTS('',3,1,((#7978,#7979),(#7980,#7981),(#7982,
#7983),(#7984,#7985),(#7986,#7987)),.UNSPECIFIED.,.F.,.F.,.F.,(4,1,4),(2,
2),(0.,0.0283244667834117,0.0577973087087574),(0.,0.2),.UNSPECIFIED.);
#131=B_SPLINE_SURFACE_WITH_KNOTS('',3,1,((#7995,#7996),(#7997,#7998),(#7999,
#8000),(#8001,#8002),(#8003,#8004)),.UNSPECIFIED.,.F.,.F.,.F.,(4,1,4),(2,
2),(0.,0.0113673144742434,0.0335674222343427),(0.,0.2),.UNSPECIFIED.);
#132=B_SPLINE_SURFACE_WITH_KNOTS('',3,1,((#8012,#8013),(#8014,#8015),(#8016,
#8017),(#8018,#8019),(#8020,#8021)),.UNSPECIFIED.,.F.,.F.,.F.,(4,1,4),(2,
2),(0.,0.00704557585975887,0.013855334787584),(0.,0.2),.UNSPECIFIED.);
#133=B_SPLINE_SURFACE_WITH_KNOTS('',3,1,((#8029,#8030),(#8031,#8032),(#8033,
#8034),(#8035,#8036),(#8037,#8038)),.UNSPECIFIED.,.F.,.F.,.F.,(4,1,4),(2,
2),(0.,0.0109882229734371,0.0197997946723575),(0.,0.2),.UNSPECIFIED.);
#134=B_SPLINE_SURFACE_WITH_KNOTS('',3,1,((#8050,#8051),(#8052,#8053),(#8054,
#8055),(#8056,#8057),(#8058,#8059)),.UNSPECIFIED.,.F.,.F.,.F.,(4,1,4),(2,
2),(0.,0.114611912033436,0.212753824990096),(0.,0.2),.UNSPECIFIED.);
#135=B_SPLINE_SURFACE_WITH_KNOTS('',3,1,((#8072,#8073),(#8074,#8075),(#8076,
#8077),(#8078,#8079),(#8080,#8081)),.UNSPECIFIED.,.F.,.F.,.F.,(4,1,4),(2,
2),(0.,0.0384298976090336,0.0856076983473969),(0.,0.2),.UNSPECIFIED.);
#136=B_SPLINE_SURFACE_WITH_KNOTS('',3,1,((#8089,#8090),(#8091,#8092),(#8093,
#8094),(#8095,#8096),(#8097,#8098)),.UNSPECIFIED.,.F.,.F.,.F.,(4,1,4),(2,
2),(0.,0.0388729209824736,0.0745478952626897),(0.,0.2),.UNSPECIFIED.);
#137=B_SPLINE_SURFACE_WITH_KNOTS('',3,1,((#8106,#8107),(#8108,#8109),(#8110,
#8111),(#8112,#8113),(#8114,#8115)),.UNSPECIFIED.,.F.,.F.,.F.,(4,1,4),(2,
2),(0.,0.0897807544963159,0.190982398340302),(0.,0.2),.UNSPECIFIED.);
#138=B_SPLINE_SURFACE_WITH_KNOTS('',3,1,((#8123,#8124),(#8125,#8126),(#8127,
#8128),(#8129,#8130),(#8131,#8132)),.UNSPECIFIED.,.F.,.F.,.F.,(4,1,4),(2,
2),(0.,0.0687472959395199,0.14580011249859),(0.,0.2),.UNSPECIFIED.);
#139=B_SPLINE_SURFACE_WITH_KNOTS('',3,1,((#8140,#8141),(#8142,#8143),(#8144,
#8145),(#8146,#8147),(#8148,#8149)),.UNSPECIFIED.,.F.,.F.,.F.,(4,1,4),(2,
2),(0.,0.0340749854895733,0.0671899892674383),(0.,0.2),.UNSPECIFIED.);
#140=B_SPLINE_SURFACE_WITH_KNOTS('',3,1,((#8157,#8158),(#8159,#8160),(#8161,
#8162),(#8163,#8164),(#8165,#8166)),.UNSPECIFIED.,.F.,.F.,.F.,(4,1,4),(2,
2),(0.,0.075060058345969,0.122539051159752),(0.,0.2),.UNSPECIFIED.);
#141=B_SPLINE_SURFACE_WITH_KNOTS('',3,1,((#8174,#8175),(#8176,#8177),(#8178,
#8179),(#8180,#8181),(#8182,#8183)),.UNSPECIFIED.,.F.,.F.,.F.,(4,1,4),(2,
2),(0.,0.0490542005288154,0.140652892679134),(0.,0.2),.UNSPECIFIED.);
#142=B_SPLINE_SURFACE_WITH_KNOTS('',3,1,((#8191,#8192),(#8193,#8194),(#8195,
#8196),(#8197,#8198),(#8199,#8200)),.UNSPECIFIED.,.F.,.F.,.F.,(4,1,4),(2,
2),(0.,0.0220313223183492,0.0470784413221555),(0.,0.2),.UNSPECIFIED.);
#143=B_SPLINE_SURFACE_WITH_KNOTS('',3,1,((#8208,#8209),(#8210,#8211),(#8212,
#8213),(#8214,#8215),(#8216,#8217)),.UNSPECIFIED.,.F.,.F.,.F.,(4,1,4),(2,
2),(0.,0.0329592827437479,0.0608919197326205),(0.,0.2),.UNSPECIFIED.);
#144=B_SPLINE_SURFACE_WITH_KNOTS('',3,1,((#8225,#8226),(#8227,#8228),(#8229,
#8230),(#8231,#8232),(#8233,#8234)),.UNSPECIFIED.,.F.,.F.,.F.,(4,1,4),(2,
2),(0.,0.042044449059036,0.0803621531619009),(0.,0.2),.UNSPECIFIED.);
#145=B_SPLINE_SURFACE_WITH_KNOTS('',3,1,((#8242,#8243),(#8244,#8245),(#8246,
#8247),(#8248,#8249),(#8250,#8251)),.UNSPECIFIED.,.F.,.F.,.F.,(4,1,4),(2,
2),(0.,0.066196299856417,0.131002237220001),(0.,0.2),.UNSPECIFIED.);
#146=B_SPLINE_SURFACE_WITH_KNOTS('',3,1,((#8259,#8260),(#8261,#8262),(#8263,
#8264),(#8265,#8266),(#8267,#8268)),.UNSPECIFIED.,.F.,.F.,.F.,(4,1,4),(2,
2),(0.,0.0578603757996745,0.121324665277819),(0.,0.2),.UNSPECIFIED.);
#147=B_SPLINE_SURFACE_WITH_KNOTS('',3,1,((#8276,#8277),(#8278,#8279),(#8280,
#8281),(#8282,#8283),(#8284,#8285)),.UNSPECIFIED.,.F.,.F.,.F.,(4,1,4),(2,
2),(0.,0.0247818513470576,0.0465805740211497),(0.,0.2),.UNSPECIFIED.);
#148=B_SPLINE_SURFACE_WITH_KNOTS('',3,1,((#8309,#8310),(#8311,#8312),(#8313,
#8314),(#8315,#8316),(#8317,#8318)),.UNSPECIFIED.,.F.,.F.,.F.,(4,1,4),(2,
2),(0.,0.0513045003788093,0.118155741511871),(0.,0.2),.UNSPECIFIED.);
#149=B_SPLINE_SURFACE_WITH_KNOTS('',3,1,((#8326,#8327),(#8328,#8329),(#8330,
#8331),(#8332,#8333),(#8334,#8335)),.UNSPECIFIED.,.F.,.F.,.F.,(4,1,4),(2,
2),(0.,0.0446247440965359,0.0886900520108683),(0.,0.2),.UNSPECIFIED.);
#150=B_SPLINE_SURFACE_WITH_KNOTS('',3,1,((#8343,#8344),(#8345,#8346),(#8347,
#8348),(#8349,#8350),(#8351,#8352)),.UNSPECIFIED.,.F.,.F.,.F.,(4,1,4),(2,
2),(0.,0.0923584367126404,0.193112374221857),(0.,0.2),.UNSPECIFIED.);
#151=B_SPLINE_SURFACE_WITH_KNOTS('',3,1,((#8360,#8361),(#8362,#8363),(#8364,
#8365),(#8366,#8367),(#8368,#8369)),.UNSPECIFIED.,.F.,.F.,.F.,(4,1,4),(2,
2),(0.,0.0768552260152428,0.159912403744807),(0.,0.2),.UNSPECIFIED.);
#152=B_SPLINE_SURFACE_WITH_KNOTS('',3,1,((#8377,#8378),(#8379,#8380),(#8381,
#8382),(#8383,#8384),(#8385,#8386)),.UNSPECIFIED.,.F.,.F.,.F.,(4,1,4),(2,
2),(0.,0.0271551512039856,0.0541481121086324),(0.,0.2),.UNSPECIFIED.);
#153=B_SPLINE_SURFACE_WITH_KNOTS('',3,1,((#8394,#8395),(#8396,#8397),(#8398,
#8399),(#8400,#8401),(#8402,#8403)),.UNSPECIFIED.,.F.,.F.,.F.,(4,1,4),(2,
2),(0.,0.0287018238642267,0.0563662052274876),(0.,0.2),.UNSPECIFIED.);
#154=B_SPLINE_SURFACE_WITH_KNOTS('',3,1,((#8411,#8412),(#8413,#8414),(#8415,
#8416),(#8417,#8418),(#8419,#8420)),.UNSPECIFIED.,.F.,.F.,.F.,(4,1,4),(2,
2),(0.,0.0494186165544477,0.0853257469728969),(0.,0.2),.UNSPECIFIED.);
#155=B_SPLINE_SURFACE_WITH_KNOTS('',3,1,((#8432,#8433),(#8434,#8435),(#8436,
#8437),(#8438,#8439),(#8440,#8441)),.UNSPECIFIED.,.F.,.F.,.F.,(4,1,4),(2,
2),(0.,0.0257474362051894,0.0612355848075873),(0.,0.2),.UNSPECIFIED.);
#156=B_SPLINE_SURFACE_WITH_KNOTS('',3,1,((#8449,#8450),(#8451,#8452),(#8453,
#8454),(#8455,#8456),(#8457,#8458)),.UNSPECIFIED.,.F.,.F.,.F.,(4,1,4),(2,
2),(0.,0.0233565076496596,0.042487256042608),(0.,0.2),.UNSPECIFIED.);
#157=B_SPLINE_SURFACE_WITH_KNOTS('',3,1,((#8466,#8467),(#8468,#8469),(#8470,
#8471),(#8472,#8473),(#8474,#8475)),.UNSPECIFIED.,.F.,.F.,.F.,(4,1,4),(2,
2),(0.,0.0338171891326584,0.0627503054526802),(0.,0.2),.UNSPECIFIED.);
#158=B_SPLINE_SURFACE_WITH_KNOTS('',3,1,((#8483,#8484),(#8485,#8486),(#8487,
#8488),(#8489,#8490),(#8491,#8492)),.UNSPECIFIED.,.F.,.F.,.F.,(4,1,4),(2,
2),(0.,0.0575722597370495,0.121237429699037),(0.,0.2),.UNSPECIFIED.);
#159=B_SPLINE_SURFACE_WITH_KNOTS('',3,1,((#8500,#8501),(#8502,#8503),(#8504,
#8505),(#8506,#8507),(#8508,#8509)),.UNSPECIFIED.,.F.,.F.,.F.,(4,1,4),(2,
2),(0.,0.0492323985089936,0.101210784845083),(0.,0.2),.UNSPECIFIED.);
#160=B_SPLINE_SURFACE_WITH_KNOTS('',3,1,((#8517,#8518),(#8519,#8520),(#8521,
#8522),(#8523,#8524),(#8525,#8526)),.UNSPECIFIED.,.F.,.F.,.F.,(4,1,4),(2,
2),(0.,0.0202580494994876,0.0396609436194885),(0.,0.2),.UNSPECIFIED.);
#161=FACE_BOUND('',#774,.T.);
#162=FACE_BOUND('',#775,.T.);
#163=FACE_BOUND('',#776,.T.);
#164=FACE_BOUND('',#777,.T.);
#165=FACE_BOUND('',#778,.T.);
#166=FACE_BOUND('',#779,.T.);
#167=FACE_BOUND('',#780,.T.);
#168=FACE_BOUND('',#811,.T.);
#169=FACE_BOUND('',#910,.T.);
#170=FACE_BOUND('',#939,.T.);
#171=FACE_BOUND('',#999,.T.);
#172=B_SPLINE_CURVE_WITH_KNOTS('',3,(#4852,#4853,#4854,#4855,#4856),
 .UNSPECIFIED.,.F.,.F.,(4,1,4),(0.,0.172901289829272,0.242364245115212),
 .UNSPECIFIED.);
#173=B_SPLINE_CURVE_WITH_KNOTS('',3,(#4858,#4859,#4860,#4861,#4862),
 .UNSPECIFIED.,.F.,.F.,(4,1,4),(0.,0.0149058786635291,0.0242464094264699),
 .UNSPECIFIED.);
#174=B_SPLINE_CURVE_WITH_KNOTS('',3,(#4864,#4865,#4866,#4867,#4868),
 .UNSPECIFIED.,.F.,.F.,(4,1,4),(0.,0.00368556194891477,0.00784300814015773),
 .UNSPECIFIED.);
#175=B_SPLINE_CURVE_WITH_KNOTS('',3,(#4870,#4871,#4872,#4873,#4874),
 .UNSPECIFIED.,.F.,.F.,(4,1,4),(0.,0.0041123336458024,0.00756033085477792),
 .UNSPECIFIED.);
#176=B_SPLINE_CURVE_WITH_KNOTS('',3,(#4876,#4877,#4878,#4879,#4880),
 .UNSPECIFIED.,.F.,.F.,(4,1,4),(0.,0.0115310418970767,0.033111975457911),
 .UNSPECIFIED.);
#177=B_SPLINE_CURVE_WITH_KNOTS('',3,(#4882,#4883,#4884,#4885,#4886),
 .UNSPECIFIED.,.F.,.F.,(4,1,4),(0.,0.0279642247193109,0.0580211872201068),
 .UNSPECIFIED.);
#178=B_SPLINE_CURVE_WITH_KNOTS('',3,(#4890,#4891,#4892,#4893,#4894),
 .UNSPECIFIED.,.F.,.F.,(4,1,4),(0.,0.1039239339616,0.194182136009789),
 .UNSPECIFIED.);
#179=B_SPLINE_CURVE_WITH_KNOTS('',3,(#4896,#4897,#4898,#4899,#4900),
 .UNSPECIFIED.,.F.,.F.,(4,1,4),(0.,0.0314365927569046,0.0618337257642646),
 .UNSPECIFIED.);
#180=B_SPLINE_CURVE_WITH_KNOTS('',3,(#4902,#4903,#4904,#4905,#4906),
 .UNSPECIFIED.,.F.,.F.,(4,1,4),(0.,0.0290737162073308,0.0570430299251502),
 .UNSPECIFIED.);
#181=B_SPLINE_CURVE_WITH_KNOTS('',3,(#4908,#4909,#4910,#4911,#4912),
 .UNSPECIFIED.,.F.,.F.,(4,1,4),(0.,0.0781084997774626,0.149097486159369),
 .UNSPECIFIED.);
#182=B_SPLINE_CURVE_WITH_KNOTS('',3,(#4914,#4915,#4916,#4917,#4918),
 .UNSPECIFIED.,.F.,.F.,(4,1,4),(0.,0.0485032763413752,0.0932504063111366),
 .UNSPECIFIED.);
#183=B_SPLINE_CURVE_WITH_KNOTS('',3,(#4920,#4921,#4922,#4923,#4924),
 .UNSPECIFIED.,.F.,.F.,(4,1,4),(0.,0.0427112720899391,0.0860548970324441),
 .UNSPECIFIED.);
#184=B_SPLINE_CURVE_WITH_KNOTS('',3,(#4926,#4927,#4928,#4929,#4930),
 .UNSPECIFIED.,.F.,.F.,(4,1,4),(0.,0.0806652037765596,0.172081754248424),
 .UNSPECIFIED.);
#185=B_SPLINE_CURVE_WITH_KNOTS('',3,(#4932,#4933,#4934,#4935,#4936),
 .UNSPECIFIED.,.F.,.F.,(4,1,4),(0.,0.0956798070192441,0.187466261381191),
 .UNSPECIFIED.);
#186=B_SPLINE_CURVE_WITH_KNOTS('',3,(#4937,#4938,#4939,#4940,#4941),
 .UNSPECIFIED.,.F.,.F.,(4,1,4),(0.,0.0402235860901161,0.0741158101017113),
 .UNSPECIFIED.);
#187=B_SPLINE_CURVE_WITH_KNOTS('',3,(#4944,#4945,#4946,#4947,#4948),
 .UNSPECIFIED.,.F.,.F.,(4,1,4),(0.,0.0270807295799852,0.0591750168377235),
 .UNSPECIFIED.);
#188=B_SPLINE_CURVE_WITH_KNOTS('',3,(#4952,#4953,#4954,#4955,#4956),
 .UNSPECIFIED.,.F.,.F.,(4,1,4),(0.,0.11237231685647,0.209707845033965),
 .UNSPECIFIED.);
#189=B_SPLINE_CURVE_WITH_KNOTS('',3,(#4958,#4959,#4960,#4961,#4962),
 .UNSPECIFIED.,.F.,.F.,(4,1,4),(0.,0.0416451198756969,0.0751824576799975),
 .UNSPECIFIED.);
#190=B_SPLINE_CURVE_WITH_KNOTS('',3,(#4964,#4965,#4966,#4967,#4968),
 .UNSPECIFIED.,.F.,.F.,(4,1,4),(0.,0.0279171446506643,0.0552615979515338),
 .UNSPECIFIED.);
#191=B_SPLINE_CURVE_WITH_KNOTS('',3,(#4970,#4971,#4972,#4973,#4974),
 .UNSPECIFIED.,.F.,.F.,(4,1,4),(0.,0.0241187219334488,0.0568128960918486),
 .UNSPECIFIED.);
#192=B_SPLINE_CURVE_WITH_KNOTS('',3,(#4978,#4979,#4980,#4981,#4982),
 .UNSPECIFIED.,.F.,.F.,(4,1,4),(0.,0.00823288167763026,0.0134136145094418),
 .UNSPECIFIED.);
#193=B_SPLINE_CURVE_WITH_KNOTS('',3,(#4984,#4985,#4986,#4987,#4988),
 .UNSPECIFIED.,.F.,.F.,(4,1,4),(0.,0.00333651139107503,0.00705970899206597),
 .UNSPECIFIED.);
#194=B_SPLINE_CURVE_WITH_KNOTS('',3,(#4990,#4991,#4992,#4993,#4994),
 .UNSPECIFIED.,.F.,.F.,(4,1,4),(0.,0.00369129100679613,0.00699217870442422),
 .UNSPECIFIED.);
#195=B_SPLINE_CURVE_WITH_KNOTS('',3,(#4996,#4997,#4998,#4999,#5000),
 .UNSPECIFIED.,.F.,.F.,(4,1,4),(0.,0.004153327036277,0.00938071680141053),
 .UNSPECIFIED.);
#196=B_SPLINE_CURVE_WITH_KNOTS('',3,(#5002,#5003,#5004,#5005,#5006),
 .UNSPECIFIED.,.F.,.F.,(4,1,4),(0.,0.00601211396419925,0.0130471314514431),
 .UNSPECIFIED.);
#197=B_SPLINE_CURVE_WITH_KNOTS('',3,(#5008,#5009,#5010,#5011,#5012),
 .UNSPECIFIED.,.F.,.F.,(4,1,4),(0.,0.00762818064033935,0.0156169210761125),
 .UNSPECIFIED.);
#198=B_SPLINE_CURVE_WITH_KNOTS('',3,(#5014,#5015,#5016,#5017,#5018),
 .UNSPECIFIED.,.F.,.F.,(4,1,4),(0.,0.00698788386725831,0.0168756963965372),
 .UNSPECIFIED.);
#199=B_SPLINE_CURVE_WITH_KNOTS('',3,(#5020,#5021,#5022,#5023,#5024),
 .UNSPECIFIED.,.F.,.F.,(4,1,4),(0.,0.00850512605288954,0.0203182838458983),
 .UNSPECIFIED.);
#200=B_SPLINE_CURVE_WITH_KNOTS('',3,(#5026,#5027,#5028,#5029,#5030),
 .UNSPECIFIED.,.F.,.F.,(4,1,4),(0.,0.0211497330632287,0.0597823780322363),
 .UNSPECIFIED.);
#201=B_SPLINE_CURVE_WITH_KNOTS('',3,(#5038,#5039,#5040,#5041,#5042),
 .UNSPECIFIED.,.F.,.F.,(4,1,4),(0.,0.051997685267466,0.0752302958092743),
 .UNSPECIFIED.);
#202=B_SPLINE_CURVE_WITH_KNOTS('',3,(#5044,#5045,#5046,#5047,#5048),
 .UNSPECIFIED.,.F.,.F.,(4,1,4),(0.,0.00800764566134362,0.0143708129567996),
 .UNSPECIFIED.);
#203=B_SPLINE_CURVE_WITH_KNOTS('',3,(#5050,#5051,#5052,#5053,#5054),
 .UNSPECIFIED.,.F.,.F.,(4,1,4),(0.,0.00399022999519494,0.00848431836205196),
 .UNSPECIFIED.);
#204=B_SPLINE_CURVE_WITH_KNOTS('',3,(#5056,#5057,#5058,#5059,#5060),
 .UNSPECIFIED.,.F.,.F.,(4,1,4),(0.,0.00470016665275086,0.00910666247233244),
 .UNSPECIFIED.);
#205=B_SPLINE_CURVE_WITH_KNOTS('',3,(#5062,#5063,#5064,#5065,#5066),
 .UNSPECIFIED.,.F.,.F.,(4,1,4),(0.,0.00647445054898086,0.0143817647028686),
 .UNSPECIFIED.);
#206=B_SPLINE_CURVE_WITH_KNOTS('',3,(#5068,#5069,#5070,#5071,#5072),
 .UNSPECIFIED.,.F.,.F.,(4,1,4),(0.,0.00995336349397933,0.0224016264271689),
 .UNSPECIFIED.);
#207=B_SPLINE_CURVE_WITH_KNOTS('',3,(#5074,#5075,#5076,#5077,#5078),
 .UNSPECIFIED.,.F.,.F.,(4,1,4),(0.,0.0143082485600925,0.0298030549792968),
 .UNSPECIFIED.);
#208=B_SPLINE_CURVE_WITH_KNOTS('',3,(#5080,#5081,#5082,#5083,#5084),
 .UNSPECIFIED.,.F.,.F.,(4,1,4),(0.,0.012145696274527,0.0163825903075921),
 .UNSPECIFIED.);
#209=B_SPLINE_CURVE_WITH_KNOTS('',3,(#5098,#5099,#5100,#5101,#5102),
 .UNSPECIFIED.,.F.,.F.,(4,1,4),(0.,0.123195099681309,0.235174422751458),
 .UNSPECIFIED.);
#210=B_SPLINE_CURVE_WITH_KNOTS('',3,(#5108,#5109,#5110,#5111,#5112),
 .UNSPECIFIED.,.F.,.F.,(4,1,4),(0.,0.106554246660907,0.189702909616149),
 .UNSPECIFIED.);
#211=B_SPLINE_CURVE_WITH_KNOTS('',3,(#5114,#5115,#5116,#5117,#5118),
 .UNSPECIFIED.,.F.,.F.,(4,1,4),(0.,0.0327984201022711,0.0630023240823881),
 .UNSPECIFIED.);
#212=B_SPLINE_CURVE_WITH_KNOTS('',3,(#5120,#5121,#5122,#5123,#5124),
 .UNSPECIFIED.,.F.,.F.,(4,1,4),(0.,0.0278935773983456,0.0546459446515637),
 .UNSPECIFIED.);
#213=B_SPLINE_CURVE_WITH_KNOTS('',3,(#5126,#5127,#5128,#5129,#5130),
 .UNSPECIFIED.,.F.,.F.,(4,1,4),(0.,0.0136907811684954,0.0312357630231416),
 .UNSPECIFIED.);
#214=B_SPLINE_CURVE_WITH_KNOTS('',3,(#5134,#5135,#5136,#5137,#5138),
 .UNSPECIFIED.,.F.,.F.,(4,1,4),(0.,0.062485239597555,0.113342862064645),
 .UNSPECIFIED.);
#215=B_SPLINE_CURVE_WITH_KNOTS('',3,(#5140,#5141,#5142,#5143,#5144),
 .UNSPECIFIED.,.F.,.F.,(4,1,4),(0.,0.0435559312999772,0.0855553078351415),
 .UNSPECIFIED.);
#216=B_SPLINE_CURVE_WITH_KNOTS('',3,(#5146,#5147,#5148,#5149,#5150),
 .UNSPECIFIED.,.F.,.F.,(4,1,4),(0.,0.033068761903822,0.0622938395390872),
 .UNSPECIFIED.);
#217=B_SPLINE_CURVE_WITH_KNOTS('',3,(#5152,#5153,#5154,#5155,#5156),
 .UNSPECIFIED.,.F.,.F.,(4,1,4),(0.,0.0265850697233113,0.0529229667058578),
 .UNSPECIFIED.);
#218=B_SPLINE_CURVE_WITH_KNOTS('',3,(#5158,#5159,#5160,#5161,#5162),
 .UNSPECIFIED.,.F.,.F.,(4,1,4),(0.,0.0182378089516859,0.0367761703432244),
 .UNSPECIFIED.);
#219=B_SPLINE_CURVE_WITH_KNOTS('',3,(#5166,#5167,#5168,#5169,#5170),
 .UNSPECIFIED.,.F.,.F.,(4,1,4),(0.,0.0107180644805774,0.0194369432524981),
 .UNSPECIFIED.);
#220=B_SPLINE_CURVE_WITH_KNOTS('',3,(#5172,#5173,#5174,#5175,#5176),
 .UNSPECIFIED.,.F.,.F.,(4,1,4),(0.,0.00704546230332594,0.013855446417974),
 .UNSPECIFIED.);
#221=B_SPLINE_CURVE_WITH_KNOTS('',3,(#5177,#5178,#5179,#5180,#5181),
 .UNSPECIFIED.,.F.,.F.,(4,1,4),(0.,0.0130354252149044,0.0334266071466306),
 .UNSPECIFIED.);
#222=B_SPLINE_CURVE_WITH_KNOTS('',3,(#5188,#5189,#5190,#5191,#5192),
 .UNSPECIFIED.,.F.,.F.,(4,1,4),(0.,0.172901289829272,0.242364245115212),
 .UNSPECIFIED.);
#223=B_SPLINE_CURVE_WITH_KNOTS('',3,(#5194,#5195,#5196,#5197,#5198),
 .UNSPECIFIED.,.F.,.F.,(4,1,4),(0.,0.0149058439983882,0.024246374761329),
 .UNSPECIFIED.);
#224=B_SPLINE_CURVE_WITH_KNOTS('',3,(#5200,#5201,#5202,#5203,#5204),
 .UNSPECIFIED.,.F.,.F.,(4,1,4),(0.,0.00368550768173801,0.00784295387298098),
 .UNSPECIFIED.);
#225=B_SPLINE_CURVE_WITH_KNOTS('',3,(#5206,#5207,#5208,#5209,#5210),
 .UNSPECIFIED.,.F.,.F.,(4,1,4),(0.,0.0041123336458024,0.00756033085477792),
 .UNSPECIFIED.);
#226=B_SPLINE_CURVE_WITH_KNOTS('',3,(#5212,#5213,#5214,#5215,#5216),
 .UNSPECIFIED.,.F.,.F.,(4,1,4),(0.,0.0115312519725124,0.0331121077835051),
 .UNSPECIFIED.);
#227=B_SPLINE_CURVE_WITH_KNOTS('',3,(#5218,#5219,#5220,#5221,#5222),
 .UNSPECIFIED.,.F.,.F.,(4,1,4),(0.,0.0279641603468284,0.0580211753448778),
 .UNSPECIFIED.);
#228=B_SPLINE_CURVE_WITH_KNOTS('',3,(#5226,#5227,#5228,#5229,#5230),
 .UNSPECIFIED.,.F.,.F.,(4,1,4),(0.,0.103924002072301,0.194182090979468),
 .UNSPECIFIED.);
#229=B_SPLINE_CURVE_WITH_KNOTS('',3,(#5232,#5233,#5234,#5235,#5236),
 .UNSPECIFIED.,.F.,.F.,(4,1,4),(0.,0.0314369474660395,0.0618338615028905),
 .UNSPECIFIED.);
#230=B_SPLINE_CURVE_WITH_KNOTS('',3,(#5238,#5239,#5240,#5241,#5242),
 .UNSPECIFIED.,.F.,.F.,(4,1,4),(0.,0.0290738985174697,0.0570431520459256),
 .UNSPECIFIED.);
#231=B_SPLINE_CURVE_WITH_KNOTS('',3,(#5244,#5245,#5246,#5247,#5248),
 .UNSPECIFIED.,.F.,.F.,(4,1,4),(0.,0.0781083031695116,0.149097522782537),
 .UNSPECIFIED.);
#232=B_SPLINE_CURVE_WITH_KNOTS('',3,(#5250,#5251,#5252,#5253,#5254),
 .UNSPECIFIED.,.F.,.F.,(4,1,4),(0.,0.0485031585852991,0.0932502885550605),
 .UNSPECIFIED.);
#233=B_SPLINE_CURVE_WITH_KNOTS('',3,(#5256,#5257,#5258,#5259,#5260),
 .UNSPECIFIED.,.F.,.F.,(4,1,4),(0.,0.0427112720899391,0.0860548970324441),
 .UNSPECIFIED.);
#234=B_SPLINE_CURVE_WITH_KNOTS('',3,(#5262,#5263,#5264,#5265,#5266),
 .UNSPECIFIED.,.F.,.F.,(4,1,4),(0.,0.0806652321540615,0.172081782625925),
 .UNSPECIFIED.);
#235=B_SPLINE_CURVE_WITH_KNOTS('',3,(#5268,#5269,#5270,#5271,#5272),
 .UNSPECIFIED.,.F.,.F.,(4,1,4),(0.,0.0956798070192441,0.187466027002502),
 .UNSPECIFIED.);
#236=B_SPLINE_CURVE_WITH_KNOTS('',3,(#5273,#5274,#5275,#5276,#5277),
 .UNSPECIFIED.,.F.,.F.,(4,1,4),(0.,0.0402235860901161,0.0741158101017113),
 .UNSPECIFIED.);
#237=B_SPLINE_CURVE_WITH_KNOTS('',3,(#5284,#5285,#5286,#5287,#5288),
 .UNSPECIFIED.,.F.,.F.,(4,1,4),(0.,0.172901289829272,0.242364245115212),
 .UNSPECIFIED.);
#238=B_SPLINE_CURVE_WITH_KNOTS('',3,(#5290,#5291,#5292,#5293,#5294),
 .UNSPECIFIED.,.F.,.F.,(4,1,4),(0.,0.0149058439983882,0.024246374761329),
 .UNSPECIFIED.);
#239=B_SPLINE_CURVE_WITH_KNOTS('',3,(#5296,#5297,#5298,#5299,#5300),
 .UNSPECIFIED.,.F.,.F.,(4,1,4),(0.,0.00368550768173801,0.00784295387298098),
 .UNSPECIFIED.);
#240=B_SPLINE_CURVE_WITH_KNOTS('',3,(#5302,#5303,#5304,#5305,#5306),
 .UNSPECIFIED.,.F.,.F.,(4,1,4),(0.,0.00411252820215045,0.00756029337218531),
 .UNSPECIFIED.);
#241=B_SPLINE_CURVE_WITH_KNOTS('',3,(#5308,#5309,#5310,#5311,#5312),
 .UNSPECIFIED.,.F.,.F.,(4,1,4),(0.,0.0115312519725124,0.0331121077835051),
 .UNSPECIFIED.);
#242=B_SPLINE_CURVE_WITH_KNOTS('',3,(#5314,#5315,#5316,#5317,#5318),
 .UNSPECIFIED.,.F.,.F.,(4,1,4),(0.,0.0279641603468284,0.0580211753448778),
 .UNSPECIFIED.);
#243=B_SPLINE_CURVE_WITH_KNOTS('',3,(#5322,#5323,#5324,#5325,#5326),
 .UNSPECIFIED.,.F.,.F.,(4,1,4),(0.,0.103924002072301,0.194182317261529),
 .UNSPECIFIED.);
#244=B_SPLINE_CURVE_WITH_KNOTS('',3,(#5328,#5329,#5330,#5331,#5332),
 .UNSPECIFIED.,.F.,.F.,(4,1,4),(0.,0.0314367109932756,0.0618336250301266),
 .UNSPECIFIED.);
#245=B_SPLINE_CURVE_WITH_KNOTS('',3,(#5334,#5335,#5336,#5337,#5338),
 .UNSPECIFIED.,.F.,.F.,(4,1,4),(0.,0.0290737162073308,0.0570430901148922),
 .UNSPECIFIED.);
#246=B_SPLINE_CURVE_WITH_KNOTS('',3,(#5340,#5341,#5342,#5343,#5344),
 .UNSPECIFIED.,.F.,.F.,(4,1,4),(0.,0.0781083031695116,0.149097522782537),
 .UNSPECIFIED.);
#247=B_SPLINE_CURVE_WITH_KNOTS('',3,(#5346,#5347,#5348,#5349,#5350),
 .UNSPECIFIED.,.F.,.F.,(4,1,4),(0.,0.0485033940974584,0.0932503184512319),
 .UNSPECIFIED.);
#248=B_SPLINE_CURVE_WITH_KNOTS('',3,(#5352,#5353,#5354,#5355,#5356),
 .UNSPECIFIED.,.F.,.F.,(4,1,4),(0.,0.0427112720899391,0.0860548970324441),
 .UNSPECIFIED.);
#249=B_SPLINE_CURVE_WITH_KNOTS('',3,(#5358,#5359,#5360,#5361,#5362),
 .UNSPECIFIED.,.F.,.F.,(4,1,4),(0.,0.080665175399224,0.172081725871088),
 .UNSPECIFIED.);
#250=B_SPLINE_CURVE_WITH_KNOTS('',3,(#5364,#5365,#5366,#5367,#5368),
 .UNSPECIFIED.,.F.,.F.,(4,1,4),(0.,0.0956796044762162,0.187466293216873),
 .UNSPECIFIED.);
#251=B_SPLINE_CURVE_WITH_KNOTS('',3,(#5369,#5370,#5371,#5372,#5373),
 .UNSPECIFIED.,.F.,.F.,(4,1,4),(0.,0.0402235860901161,0.0741158101017113),
 .UNSPECIFIED.);
#252=B_SPLINE_CURVE_WITH_KNOTS('',3,(#5378,#5379,#5380,#5381,#5382),
 .UNSPECIFIED.,.F.,.F.,(4,1,4),(0.,0.114611912033436,0.212753824990096),
 .UNSPECIFIED.);
#253=B_SPLINE_CURVE_WITH_KNOTS('',3,(#5386,#5387,#5388,#5389,#5390),
 .UNSPECIFIED.,.F.,.F.,(4,1,4),(0.,0.0109882229734371,0.0197997946723575),
 .UNSPECIFIED.);
#254=B_SPLINE_CURVE_WITH_KNOTS('',3,(#5392,#5393,#5394,#5395,#5396),
 .UNSPECIFIED.,.F.,.F.,(4,1,4),(0.,0.00704557585975887,0.013855334787584),
 .UNSPECIFIED.);
#255=B_SPLINE_CURVE_WITH_KNOTS('',3,(#5398,#5399,#5400,#5401,#5402),
 .UNSPECIFIED.,.F.,.F.,(4,1,4),(0.,0.0113673144742434,0.0335674222343427),
 .UNSPECIFIED.);
#256=B_SPLINE_CURVE_WITH_KNOTS('',3,(#5404,#5405,#5406,#5407,#5408),
 .UNSPECIFIED.,.F.,.F.,(4,1,4),(0.,0.0283244667834117,0.0577973087087574),
 .UNSPECIFIED.);
#257=B_SPLINE_CURVE_WITH_KNOTS('',3,(#5412,#5413,#5414,#5415,#5416),
 .UNSPECIFIED.,.F.,.F.,(4,1,4),(0.,0.0579898058278775,0.106845081991279),
 .UNSPECIFIED.);
#258=B_SPLINE_CURVE_WITH_KNOTS('',3,(#5418,#5419,#5420,#5421,#5422),
 .UNSPECIFIED.,.F.,.F.,(4,1,4),(0.,0.0454627437045492,0.0944751470144935),
 .UNSPECIFIED.);
#259=B_SPLINE_CURVE_WITH_KNOTS('',3,(#5424,#5425,#5426,#5427,#5428),
 .UNSPECIFIED.,.F.,.F.,(4,1,4),(0.,0.0414275633647721,0.0769054471220157),
 .UNSPECIFIED.);
#260=B_SPLINE_CURVE_WITH_KNOTS('',3,(#5430,#5431,#5432,#5433,#5434),
 .UNSPECIFIED.,.F.,.F.,(4,1,4),(0.,0.0302897547320465,0.0583131993734356),
 .UNSPECIFIED.);
#261=B_SPLINE_CURVE_WITH_KNOTS('',3,(#5436,#5437,#5438,#5439,#5440),
 .UNSPECIFIED.,.F.,.F.,(4,1,4),(0.,0.0163828885655294,0.0466408466672776),
 .UNSPECIFIED.);
#262=B_SPLINE_CURVE_WITH_KNOTS('',3,(#5456,#5457,#5458,#5459,#5460),
 .UNSPECIFIED.,.F.,.F.,(4,1,4),(0.,0.0202580494994876,0.0396609436194885),
 .UNSPECIFIED.);
#263=B_SPLINE_CURVE_WITH_KNOTS('',3,(#5462,#5463,#5464,#5465,#5466),
 .UNSPECIFIED.,.F.,.F.,(4,1,4),(0.,0.0492323985089936,0.101210784845083),
 .UNSPECIFIED.);
#264=B_SPLINE_CURVE_WITH_KNOTS('',3,(#5468,#5469,#5470,#5471,#5472),
 .UNSPECIFIED.,.F.,.F.,(4,1,4),(0.,0.0575722597370495,0.121237429699037),
 .UNSPECIFIED.);
#265=B_SPLINE_CURVE_WITH_KNOTS('',3,(#5474,#5475,#5476,#5477,#5478),
 .UNSPECIFIED.,.F.,.F.,(4,1,4),(0.,0.0338171891326584,0.0627503054526802),
 .UNSPECIFIED.);
#266=B_SPLINE_CURVE_WITH_KNOTS('',3,(#5480,#5481,#5482,#5483,#5484),
 .UNSPECIFIED.,.F.,.F.,(4,1,4),(0.,0.0233565076496596,0.042487256042608),
 .UNSPECIFIED.);
#267=B_SPLINE_CURVE_WITH_KNOTS('',3,(#5486,#5487,#5488,#5489,#5490),
 .UNSPECIFIED.,.F.,.F.,(4,1,4),(0.,0.0257474362051894,0.0612355848075873),
 .UNSPECIFIED.);
#268=B_SPLINE_CURVE_WITH_KNOTS('',3,(#5494,#5495,#5496,#5497,#5498),
 .UNSPECIFIED.,.F.,.F.,(4,1,4),(0.,0.0494186165544477,0.0853257469728969),
 .UNSPECIFIED.);
#269=B_SPLINE_CURVE_WITH_KNOTS('',3,(#5500,#5501,#5502,#5503,#5504),
 .UNSPECIFIED.,.F.,.F.,(4,1,4),(0.,0.0287018238642267,0.0563662052274876),
 .UNSPECIFIED.);
#270=B_SPLINE_CURVE_WITH_KNOTS('',3,(#5506,#5507,#5508,#5509,#5510),
 .UNSPECIFIED.,.F.,.F.,(4,1,4),(0.,0.0271551512039856,0.0541481121086324),
 .UNSPECIFIED.);
#271=B_SPLINE_CURVE_WITH_KNOTS('',3,(#5512,#5513,#5514,#5515,#5516),
 .UNSPECIFIED.,.F.,.F.,(4,1,4),(0.,0.0768552260152428,0.159912403744807),
 .UNSPECIFIED.);
#272=B_SPLINE_CURVE_WITH_KNOTS('',3,(#5518,#5519,#5520,#5521,#5522),
 .UNSPECIFIED.,.F.,.F.,(4,1,4),(0.,0.0923584367126404,0.193112374221857),
 .UNSPECIFIED.);
#273=B_SPLINE_CURVE_WITH_KNOTS('',3,(#5524,#5525,#5526,#5527,#5528),
 .UNSPECIFIED.,.F.,.F.,(4,1,4),(0.,0.0446247440965359,0.0886900520108683),
 .UNSPECIFIED.);
#274=B_SPLINE_CURVE_WITH_KNOTS('',3,(#5530,#5531,#5532,#5533,#5534),
 .UNSPECIFIED.,.F.,.F.,(4,1,4),(0.,0.0513045003788093,0.118155741511871),
 .UNSPECIFIED.);
#275=B_SPLINE_CURVE_WITH_KNOTS('',3,(#5544,#5545,#5546,#5547,#5548),
 .UNSPECIFIED.,.F.,.F.,(4,1,4),(0.,0.0247818513470576,0.0465805740211497),
 .UNSPECIFIED.);
#276=B_SPLINE_CURVE_WITH_KNOTS('',3,(#5550,#5551,#5552,#5553,#5554),
 .UNSPECIFIED.,.F.,.F.,(4,1,4),(0.,0.0578603757996745,0.121324665277819),
 .UNSPECIFIED.);
#277=B_SPLINE_CURVE_WITH_KNOTS('',3,(#5556,#5557,#5558,#5559,#5560),
 .UNSPECIFIED.,.F.,.F.,(4,1,4),(0.,0.066196299856417,0.131002237220001),
 .UNSPECIFIED.);
#278=B_SPLINE_CURVE_WITH_KNOTS('',3,(#5562,#5563,#5564,#5565,#5566),
 .UNSPECIFIED.,.F.,.F.,(4,1,4),(0.,0.042044449059036,0.0803621531619009),
 .UNSPECIFIED.);
#279=B_SPLINE_CURVE_WITH_KNOTS('',3,(#5568,#5569,#5570,#5571,#5572),
 .UNSPECIFIED.,.F.,.F.,(4,1,4),(0.,0.0329592827437479,0.0608919197326205),
 .UNSPECIFIED.);
#280=B_SPLINE_CURVE_WITH_KNOTS('',3,(#5574,#5575,#5576,#5577,#5578),
 .UNSPECIFIED.,.F.,.F.,(4,1,4),(0.,0.0220313223183492,0.0470784413221555),
 .UNSPECIFIED.);
#281=B_SPLINE_CURVE_WITH_KNOTS('',3,(#5580,#5581,#5582,#5583,#5584),
 .UNSPECIFIED.,.F.,.F.,(4,1,4),(0.,0.0490542005288154,0.140652892679134),
 .UNSPECIFIED.);
#282=B_SPLINE_CURVE_WITH_KNOTS('',3,(#5586,#5587,#5588,#5589,#5590),
 .UNSPECIFIED.,.F.,.F.,(4,1,4),(0.,0.075060058345969,0.122539051159752),
 .UNSPECIFIED.);
#283=B_SPLINE_CURVE_WITH_KNOTS('',3,(#5592,#5593,#5594,#5595,#5596),
 .UNSPECIFIED.,.F.,.F.,(4,1,4),(0.,0.0340749854895733,0.0671899892674383),
 .UNSPECIFIED.);
#284=B_SPLINE_CURVE_WITH_KNOTS('',3,(#5598,#5599,#5600,#5601,#5602),
 .UNSPECIFIED.,.F.,.F.,(4,1,4),(0.,0.0687472959395199,0.14580011249859),
 .UNSPECIFIED.);
#285=B_SPLINE_CURVE_WITH_KNOTS('',3,(#5604,#5605,#5606,#5607,#5608),
 .UNSPECIFIED.,.F.,.F.,(4,1,4),(0.,0.0897807544963159,0.190982398340302),
 .UNSPECIFIED.);
#286=B_SPLINE_CURVE_WITH_KNOTS('',3,(#5610,#5611,#5612,#5613,#5614),
 .UNSPECIFIED.,.F.,.F.,(4,1,4),(0.,0.0388729209824736,0.0745478952626897),
 .UNSPECIFIED.);
#287=B_SPLINE_CURVE_WITH_KNOTS('',3,(#5615,#5616,#5617,#5618,#5619),
 .UNSPECIFIED.,.F.,.F.,(4,1,4),(0.,0.0384298976090336,0.0856076983473969),
 .UNSPECIFIED.);
#288=B_SPLINE_CURVE_WITH_KNOTS('',3,(#5626,#5627,#5628,#5629,#5630),
 .UNSPECIFIED.,.F.,.F.,(4,1,4),(0.,0.0106484584994162,0.0193578862570026),
 .UNSPECIFIED.);
#289=B_SPLINE_CURVE_WITH_KNOTS('',3,(#5632,#5633,#5634,#5635,#5636),
 .UNSPECIFIED.,.F.,.F.,(4,1,4),(0.,0.00846400430800679,0.0162210628275044),
 .UNSPECIFIED.);
#290=B_SPLINE_CURVE_WITH_KNOTS('',3,(#5638,#5639,#5640,#5641,#5642),
 .UNSPECIFIED.,.F.,.F.,(4,1,4),(0.,0.0163598723143406,0.0421875287656599),
 .UNSPECIFIED.);
#291=B_SPLINE_CURVE_WITH_KNOTS('',3,(#5644,#5645,#5646,#5647,#5648),
 .UNSPECIFIED.,.F.,.F.,(4,1,4),(0.,0.035302295858535,0.0800951715527935),
 .UNSPECIFIED.);
#292=B_SPLINE_CURVE_WITH_KNOTS('',3,(#5652,#5653,#5654,#5655,#5656),
 .UNSPECIFIED.,.F.,.F.,(4,1,4),(0.,0.109057164494195,0.207686781427428),
 .UNSPECIFIED.);
#293=B_SPLINE_CURVE_WITH_KNOTS('',3,(#5658,#5659,#5660,#5661,#5662),
 .UNSPECIFIED.,.F.,.F.,(4,1,4),(0.,0.0480368501629974,0.0870143783326964),
 .UNSPECIFIED.);
#294=B_SPLINE_CURVE_WITH_KNOTS('',3,(#5664,#5665,#5666,#5667,#5668),
 .UNSPECIFIED.,.F.,.F.,(4,1,4),(0.,0.0330092536886803,0.0660319424176823),
 .UNSPECIFIED.);
#295=B_SPLINE_CURVE_WITH_KNOTS('',3,(#5670,#5671,#5672,#5673,#5674),
 .UNSPECIFIED.,.F.,.F.,(4,1,4),(0.,0.0234197317112488,0.0509803637994087),
 .UNSPECIFIED.);
#296=B_SPLINE_CURVE_WITH_KNOTS('',3,(#5682,#5683,#5684,#5685,#5686),
 .UNSPECIFIED.,.F.,.F.,(4,1,4),(0.,0.126784517787844,0.293025947395939),
 .UNSPECIFIED.);
#297=B_SPLINE_CURVE_WITH_KNOTS('',3,(#5711,#5712,#5713,#5714,#5715),
 .UNSPECIFIED.,.F.,.F.,(4,1,4),(0.,0.0240051917305837,0.0569276737112545),
 .UNSPECIFIED.);
#298=B_SPLINE_CURVE_WITH_KNOTS('',3,(#5719,#5720,#5721,#5722,#5723),
 .UNSPECIFIED.,.F.,.F.,(4,1,4),(0.,0.0240051917305837,0.0569276737112545),
 .UNSPECIFIED.);
#299=B_SPLINE_CURVE_WITH_KNOTS('',3,(#5736,#5737,#5738,#5739,#5740),
 .UNSPECIFIED.,.F.,.F.,(4,1,4),(0.,0.0251733372120369,0.0658544895201739),
 .UNSPECIFIED.);
#300=B_SPLINE_CURVE_WITH_KNOTS('',3,(#5743,#5744,#5745,#5746,#5747),
 .UNSPECIFIED.,.F.,.F.,(4,1,4),(0.,0.0251733372120369,0.0658544895201739),
 .UNSPECIFIED.);
#301=B_SPLINE_CURVE_WITH_KNOTS('',3,(#5759,#5760,#5761,#5762,#5763),
 .UNSPECIFIED.,.F.,.F.,(4,1,4),(0.,0.0142254860784436,0.026567056507764),
 .UNSPECIFIED.);
#302=B_SPLINE_CURVE_WITH_KNOTS('',3,(#5766,#5767,#5768,#5769,#5770),
 .UNSPECIFIED.,.F.,.F.,(4,1,4),(0.,0.0142254860784436,0.026567056507764),
 .UNSPECIFIED.);
#303=B_SPLINE_CURVE_WITH_KNOTS('',3,(#5782,#5783,#5784,#5785,#5786),
 .UNSPECIFIED.,.F.,.F.,(4,1,4),(0.,0.0151492432762951,0.0285425957162391),
 .UNSPECIFIED.);
#304=B_SPLINE_CURVE_WITH_KNOTS('',3,(#5789,#5790,#5791,#5792,#5793),
 .UNSPECIFIED.,.F.,.F.,(4,1,4),(0.,0.0151492432762951,0.0285425957162391),
 .UNSPECIFIED.);
#305=B_SPLINE_CURVE_WITH_KNOTS('',3,(#5811,#5812,#5813,#5814,#5815),
 .UNSPECIFIED.,.F.,.F.,(4,1,4),(0.,0.0146773241091787,0.0322232219768478),
 .UNSPECIFIED.);
#306=B_SPLINE_CURVE_WITH_KNOTS('',3,(#5818,#5819,#5820,#5821,#5822),
 .UNSPECIFIED.,.F.,.F.,(4,1,4),(0.,0.0146773241091787,0.0322232219768478),
 .UNSPECIFIED.);
#307=B_SPLINE_CURVE_WITH_KNOTS('',3,(#5834,#5835,#5836,#5837,#5838),
 .UNSPECIFIED.,.F.,.F.,(4,1,4),(0.,0.0120931590288793,0.024668759259993),
 .UNSPECIFIED.);
#308=B_SPLINE_CURVE_WITH_KNOTS('',3,(#5841,#5842,#5843,#5844,#5845),
 .UNSPECIFIED.,.F.,.F.,(4,1,4),(0.,0.0120931590288793,0.024668759259993),
 .UNSPECIFIED.);
#309=B_SPLINE_CURVE_WITH_KNOTS('',3,(#5857,#5858,#5859,#5860,#5861),
 .UNSPECIFIED.,.F.,.F.,(4,1,4),(0.,0.0213478049564443,0.0392764216899458),
 .UNSPECIFIED.);
#310=B_SPLINE_CURVE_WITH_KNOTS('',3,(#5864,#5865,#5866,#5867,#5868),
 .UNSPECIFIED.,.F.,.F.,(4,1,4),(0.,0.0213478049564443,0.0392764216899458),
 .UNSPECIFIED.);
#311=B_SPLINE_CURVE_WITH_KNOTS('',3,(#5890,#5891,#5892,#5893,#5894),
 .UNSPECIFIED.,.F.,.F.,(4,1,4),(0.,0.0402235860901161,0.0741158101017113),
 .UNSPECIFIED.);
#312=B_SPLINE_CURVE_WITH_KNOTS('',3,(#5907,#5908,#5909,#5910,#5911),
 .UNSPECIFIED.,.F.,.F.,(4,1,4),(0.,0.0956798070192441,0.187466261381191),
 .UNSPECIFIED.);
#313=B_SPLINE_CURVE_WITH_KNOTS('',3,(#5924,#5925,#5926,#5927,#5928),
 .UNSPECIFIED.,.F.,.F.,(4,1,4),(0.,0.0806652037765596,0.172081754248424),
 .UNSPECIFIED.);
#314=B_SPLINE_CURVE_WITH_KNOTS('',3,(#5941,#5942,#5943,#5944,#5945),
 .UNSPECIFIED.,.F.,.F.,(4,1,4),(0.,0.0427112720899391,0.0860548970324441),
 .UNSPECIFIED.);
#315=B_SPLINE_CURVE_WITH_KNOTS('',3,(#5958,#5959,#5960,#5961,#5962),
 .UNSPECIFIED.,.F.,.F.,(4,1,4),(0.,0.0485032763413752,0.0932504063111366),
 .UNSPECIFIED.);
#316=B_SPLINE_CURVE_WITH_KNOTS('',3,(#5975,#5976,#5977,#5978,#5979),
 .UNSPECIFIED.,.F.,.F.,(4,1,4),(0.,0.0781084997774626,0.149097486159369),
 .UNSPECIFIED.);
#317=B_SPLINE_CURVE_WITH_KNOTS('',3,(#5992,#5993,#5994,#5995,#5996),
 .UNSPECIFIED.,.F.,.F.,(4,1,4),(0.,0.0290737162073308,0.0570430299251502),
 .UNSPECIFIED.);
#318=B_SPLINE_CURVE_WITH_KNOTS('',3,(#6009,#6010,#6011,#6012,#6013),
 .UNSPECIFIED.,.F.,.F.,(4,1,4),(0.,0.0314365927569046,0.0618337257642646),
 .UNSPECIFIED.);
#319=B_SPLINE_CURVE_WITH_KNOTS('',3,(#6026,#6027,#6028,#6029,#6030),
 .UNSPECIFIED.,.F.,.F.,(4,1,4),(0.,0.1039239339616,0.194182136009789),
 .UNSPECIFIED.);
#320=B_SPLINE_CURVE_WITH_KNOTS('',3,(#6047,#6048,#6049,#6050,#6051),
 .UNSPECIFIED.,.F.,.F.,(4,1,4),(0.,0.0279642247193109,0.0580211872201068),
 .UNSPECIFIED.);
#321=B_SPLINE_CURVE_WITH_KNOTS('',3,(#6064,#6065,#6066,#6067,#6068),
 .UNSPECIFIED.,.F.,.F.,(4,1,4),(0.,0.0115310418970767,0.033111975457911),
 .UNSPECIFIED.);
#322=B_SPLINE_CURVE_WITH_KNOTS('',3,(#6081,#6082,#6083,#6084,#6085),
 .UNSPECIFIED.,.F.,.F.,(4,1,4),(0.,0.0041123336458024,0.00756033085477792),
 .UNSPECIFIED.);
#323=B_SPLINE_CURVE_WITH_KNOTS('',3,(#6098,#6099,#6100,#6101,#6102),
 .UNSPECIFIED.,.F.,.F.,(4,1,4),(0.,0.00368556194891477,0.00784300814015773),
 .UNSPECIFIED.);
#324=B_SPLINE_CURVE_WITH_KNOTS('',3,(#6115,#6116,#6117,#6118,#6119),
 .UNSPECIFIED.,.F.,.F.,(4,1,4),(0.,0.0149058786635291,0.0242464094264699),
 .UNSPECIFIED.);
#325=B_SPLINE_CURVE_WITH_KNOTS('',3,(#6132,#6133,#6134,#6135,#6136),
 .UNSPECIFIED.,.F.,.F.,(4,1,4),(0.,0.172901289829272,0.242364245115212),
 .UNSPECIFIED.);
#326=B_SPLINE_CURVE_WITH_KNOTS('',3,(#6162,#6163,#6164,#6165,#6166),
 .UNSPECIFIED.,.F.,.F.,(4,1,4),(0.,0.126784517787844,0.293025947395939),
 .UNSPECIFIED.);
#327=B_SPLINE_CURVE_WITH_KNOTS('',3,(#6191,#6192,#6193,#6194,#6195),
 .UNSPECIFIED.,.F.,.F.,(4,1,4),(0.,0.0234197317112488,0.0509803637994087),
 .UNSPECIFIED.);
#328=B_SPLINE_CURVE_WITH_KNOTS('',3,(#6208,#6209,#6210,#6211,#6212),
 .UNSPECIFIED.,.F.,.F.,(4,1,4),(0.,0.0330092536886803,0.0660319424176823),
 .UNSPECIFIED.);
#329=B_SPLINE_CURVE_WITH_KNOTS('',3,(#6225,#6226,#6227,#6228,#6229),
 .UNSPECIFIED.,.F.,.F.,(4,1,4),(0.,0.0480368501629974,0.0870143783326964),
 .UNSPECIFIED.);
#330=B_SPLINE_CURVE_WITH_KNOTS('',3,(#6242,#6243,#6244,#6245,#6246),
 .UNSPECIFIED.,.F.,.F.,(4,1,4),(0.,0.109057164494195,0.207686781427428),
 .UNSPECIFIED.);
#331=B_SPLINE_CURVE_WITH_KNOTS('',3,(#6263,#6264,#6265,#6266,#6267),
 .UNSPECIFIED.,.F.,.F.,(4,1,4),(0.,0.035302295858535,0.0800951715527935),
 .UNSPECIFIED.);
#332=B_SPLINE_CURVE_WITH_KNOTS('',3,(#6280,#6281,#6282,#6283,#6284),
 .UNSPECIFIED.,.F.,.F.,(4,1,4),(0.,0.0163598723143406,0.0421875287656599),
 .UNSPECIFIED.);
#333=B_SPLINE_CURVE_WITH_KNOTS('',3,(#6297,#6298,#6299,#6300,#6301),
 .UNSPECIFIED.,.F.,.F.,(4,1,4),(0.,0.00846400430800679,0.0162210628275044),
 .UNSPECIFIED.);
#334=B_SPLINE_CURVE_WITH_KNOTS('',3,(#6314,#6315,#6316,#6317,#6318),
 .UNSPECIFIED.,.F.,.F.,(4,1,4),(0.,0.0106484584994162,0.0193578862570026),
 .UNSPECIFIED.);
#335=B_SPLINE_CURVE_WITH_KNOTS('',3,(#6346,#6347,#6348,#6349,#6350),
 .UNSPECIFIED.,.F.,.F.,(4,1,4),(0.,0.0270807295799852,0.0591750168377235),
 .UNSPECIFIED.);
#336=B_SPLINE_CURVE_WITH_KNOTS('',3,(#6364,#6365,#6366,#6367,#6368),
 .UNSPECIFIED.,.F.,.F.,(4,1,4),(0.,0.0130354252149044,0.0334266071466306),
 .UNSPECIFIED.);
#337=B_SPLINE_CURVE_WITH_KNOTS('',3,(#6381,#6382,#6383,#6384,#6385),
 .UNSPECIFIED.,.F.,.F.,(4,1,4),(0.,0.00704546230332594,0.013855446417974),
 .UNSPECIFIED.);
#338=B_SPLINE_CURVE_WITH_KNOTS('',3,(#6398,#6399,#6400,#6401,#6402),
 .UNSPECIFIED.,.F.,.F.,(4,1,4),(0.,0.0107180644805774,0.0194369432524981),
 .UNSPECIFIED.);
#339=B_SPLINE_CURVE_WITH_KNOTS('',3,(#6419,#6420,#6421,#6422,#6423),
 .UNSPECIFIED.,.F.,.F.,(4,1,4),(0.,0.0182378089516859,0.0367761703432244),
 .UNSPECIFIED.);
#340=B_SPLINE_CURVE_WITH_KNOTS('',3,(#6436,#6437,#6438,#6439,#6440),
 .UNSPECIFIED.,.F.,.F.,(4,1,4),(0.,0.0265850697233113,0.0529229667058578),
 .UNSPECIFIED.);
#341=B_SPLINE_CURVE_WITH_KNOTS('',3,(#6453,#6454,#6455,#6456,#6457),
 .UNSPECIFIED.,.F.,.F.,(4,1,4),(0.,0.033068761903822,0.0622938395390872),
 .UNSPECIFIED.);
#342=B_SPLINE_CURVE_WITH_KNOTS('',3,(#6470,#6471,#6472,#6473,#6474),
 .UNSPECIFIED.,.F.,.F.,(4,1,4),(0.,0.0435559312999772,0.0855553078351415),
 .UNSPECIFIED.);
#343=B_SPLINE_CURVE_WITH_KNOTS('',3,(#6487,#6488,#6489,#6490,#6491),
 .UNSPECIFIED.,.F.,.F.,(4,1,4),(0.,0.062485239597555,0.113342862064645),
 .UNSPECIFIED.);
#344=B_SPLINE_CURVE_WITH_KNOTS('',3,(#6508,#6509,#6510,#6511,#6512),
 .UNSPECIFIED.,.F.,.F.,(4,1,4),(0.,0.0136907811684954,0.0312357630231416),
 .UNSPECIFIED.);
#345=B_SPLINE_CURVE_WITH_KNOTS('',3,(#6525,#6526,#6527,#6528,#6529),
 .UNSPECIFIED.,.F.,.F.,(4,1,4),(0.,0.0278935773983456,0.0546459446515637),
 .UNSPECIFIED.);
#346=B_SPLINE_CURVE_WITH_KNOTS('',3,(#6542,#6543,#6544,#6545,#6546),
 .UNSPECIFIED.,.F.,.F.,(4,1,4),(0.,0.0327984201022711,0.0630023240823881),
 .UNSPECIFIED.);
#347=B_SPLINE_CURVE_WITH_KNOTS('',3,(#6559,#6560,#6561,#6562,#6563),
 .UNSPECIFIED.,.F.,.F.,(4,1,4),(0.,0.106554246660907,0.189702909616149),
 .UNSPECIFIED.);
#348=B_SPLINE_CURVE_WITH_KNOTS('',3,(#6584,#6585,#6586,#6587,#6588),
 .UNSPECIFIED.,.F.,.F.,(4,1,4),(0.,0.123195099681309,0.235174422751458),
 .UNSPECIFIED.);
#349=B_SPLINE_CURVE_WITH_KNOTS('',3,(#6625,#6626,#6627,#6628,#6629),
 .UNSPECIFIED.,.F.,.F.,(4,1,4),(0.,0.012145696274527,0.0163825903075921),
 .UNSPECIFIED.);
#350=B_SPLINE_CURVE_WITH_KNOTS('',3,(#6642,#6643,#6644,#6645,#6646),
 .UNSPECIFIED.,.F.,.F.,(4,1,4),(0.,0.0143082485600925,0.0298030549792968),
 .UNSPECIFIED.);
#351=B_SPLINE_CURVE_WITH_KNOTS('',3,(#6659,#6660,#6661,#6662,#6663),
 .UNSPECIFIED.,.F.,.F.,(4,1,4),(0.,0.00995336349397933,0.0224016264271689),
 .UNSPECIFIED.);
#352=B_SPLINE_CURVE_WITH_KNOTS('',3,(#6676,#6677,#6678,#6679,#6680),
 .UNSPECIFIED.,.F.,.F.,(4,1,4),(0.,0.00647445054898086,0.0143817647028686),
 .UNSPECIFIED.);
#353=B_SPLINE_CURVE_WITH_KNOTS('',3,(#6693,#6694,#6695,#6696,#6697),
 .UNSPECIFIED.,.F.,.F.,(4,1,4),(0.,0.00470016665275086,0.00910666247233244),
 .UNSPECIFIED.);
#354=B_SPLINE_CURVE_WITH_KNOTS('',3,(#6710,#6711,#6712,#6713,#6714),
 .UNSPECIFIED.,.F.,.F.,(4,1,4),(0.,0.00399022999519494,0.00848431836205196),
 .UNSPECIFIED.);
#355=B_SPLINE_CURVE_WITH_KNOTS('',3,(#6727,#6728,#6729,#6730,#6731),
 .UNSPECIFIED.,.F.,.F.,(4,1,4),(0.,0.00800764566134362,0.0143708129567996),
 .UNSPECIFIED.);
#356=B_SPLINE_CURVE_WITH_KNOTS('',3,(#6744,#6745,#6746,#6747,#6748),
 .UNSPECIFIED.,.F.,.F.,(4,1,4),(0.,0.051997685267466,0.0752302958092743),
 .UNSPECIFIED.);
#357=B_SPLINE_CURVE_WITH_KNOTS('',3,(#6773,#6774,#6775,#6776,#6777),
 .UNSPECIFIED.,.F.,.F.,(4,1,4),(0.,0.0211497330632287,0.0597823780322363),
 .UNSPECIFIED.);
#358=B_SPLINE_CURVE_WITH_KNOTS('',3,(#6790,#6791,#6792,#6793,#6794),
 .UNSPECIFIED.,.F.,.F.,(4,1,4),(0.,0.00850512605288954,0.0203182838458983),
 .UNSPECIFIED.);
#359=B_SPLINE_CURVE_WITH_KNOTS('',3,(#6807,#6808,#6809,#6810,#6811),
 .UNSPECIFIED.,.F.,.F.,(4,1,4),(0.,0.00698788386725831,0.0168756963965372),
 .UNSPECIFIED.);
#360=B_SPLINE_CURVE_WITH_KNOTS('',3,(#6824,#6825,#6826,#6827,#6828),
 .UNSPECIFIED.,.F.,.F.,(4,1,4),(0.,0.00762818064033935,0.0156169210761125),
 .UNSPECIFIED.);
#361=B_SPLINE_CURVE_WITH_KNOTS('',3,(#6841,#6842,#6843,#6844,#6845),
 .UNSPECIFIED.,.F.,.F.,(4,1,4),(0.,0.00601211396419925,0.0130471314514431),
 .UNSPECIFIED.);
#362=B_SPLINE_CURVE_WITH_KNOTS('',3,(#6858,#6859,#6860,#6861,#6862),
 .UNSPECIFIED.,.F.,.F.,(4,1,4),(0.,0.004153327036277,0.00938071680141053),
 .UNSPECIFIED.);
#363=B_SPLINE_CURVE_WITH_KNOTS('',3,(#6875,#6876,#6877,#6878,#6879),
 .UNSPECIFIED.,.F.,.F.,(4,1,4),(0.,0.00369129100679613,0.00699217870442422),
 .UNSPECIFIED.);
#364=B_SPLINE_CURVE_WITH_KNOTS('',3,(#6892,#6893,#6894,#6895,#6896),
 .UNSPECIFIED.,.F.,.F.,(4,1,4),(0.,0.00333651139107503,0.00705970899206597),
 .UNSPECIFIED.);
#365=B_SPLINE_CURVE_WITH_KNOTS('',3,(#6909,#6910,#6911,#6912,#6913),
 .UNSPECIFIED.,.F.,.F.,(4,1,4),(0.,0.00823288167763026,0.0134136145094418),
 .UNSPECIFIED.);
#366=B_SPLINE_CURVE_WITH_KNOTS('',3,(#6930,#6931,#6932,#6933,#6934),
 .UNSPECIFIED.,.F.,.F.,(4,1,4),(0.,0.0241187219334488,0.0568128960918486),
 .UNSPECIFIED.);
#367=B_SPLINE_CURVE_WITH_KNOTS('',3,(#6947,#6948,#6949,#6950,#6951),
 .UNSPECIFIED.,.F.,.F.,(4,1,4),(0.,0.0279171446506643,0.0552615979515338),
 .UNSPECIFIED.);
#368=B_SPLINE_CURVE_WITH_KNOTS('',3,(#6964,#6965,#6966,#6967,#6968),
 .UNSPECIFIED.,.F.,.F.,(4,1,4),(0.,0.0416451198756969,0.0751824576799975),
 .UNSPECIFIED.);
#369=B_SPLINE_CURVE_WITH_KNOTS('',3,(#6981,#6982,#6983,#6984,#6985),
 .UNSPECIFIED.,.F.,.F.,(4,1,4),(0.,0.11237231685647,0.209707845033965),
 .UNSPECIFIED.);
#370=B_SPLINE_CURVE_WITH_KNOTS('',3,(#7001,#7002,#7003,#7004,#7005),
 .UNSPECIFIED.,.F.,.F.,(4,1,4),(0.,0.0240051750669225,0.056927719151885),
 .UNSPECIFIED.);
#371=B_SPLINE_CURVE_WITH_KNOTS('',3,(#7009,#7010,#7011,#7012,#7013),
 .UNSPECIFIED.,.F.,.F.,(4,1,4),(0.,0.0240051750669225,0.056927719151885),
 .UNSPECIFIED.);
#372=B_SPLINE_CURVE_WITH_KNOTS('',3,(#7026,#7027,#7028,#7029,#7030),
 .UNSPECIFIED.,.F.,.F.,(4,1,4),(0.,0.0251733372120369,0.0658546818170395),
 .UNSPECIFIED.);
#373=B_SPLINE_CURVE_WITH_KNOTS('',3,(#7033,#7034,#7035,#7036,#7037),
 .UNSPECIFIED.,.F.,.F.,(4,1,4),(0.,0.0251733372120369,0.0658546818170395),
 .UNSPECIFIED.);
#374=B_SPLINE_CURVE_WITH_KNOTS('',3,(#7049,#7050,#7051,#7052,#7053),
 .UNSPECIFIED.,.F.,.F.,(4,1,4),(0.,0.0142255181049333,0.0265668670438613),
 .UNSPECIFIED.);
#375=B_SPLINE_CURVE_WITH_KNOTS('',3,(#7056,#7057,#7058,#7059,#7060),
 .UNSPECIFIED.,.F.,.F.,(4,1,4),(0.,0.0142255181049333,0.0265668670438613),
 .UNSPECIFIED.);
#376=B_SPLINE_CURVE_WITH_KNOTS('',3,(#7072,#7073,#7074,#7075,#7076),
 .UNSPECIFIED.,.F.,.F.,(4,1,4),(0.,0.0151491816627055,0.028542545718357),
 .UNSPECIFIED.);
#377=B_SPLINE_CURVE_WITH_KNOTS('',3,(#7079,#7080,#7081,#7082,#7083),
 .UNSPECIFIED.,.F.,.F.,(4,1,4),(0.,0.0151491816627055,0.028542545718357),
 .UNSPECIFIED.);
#378=B_SPLINE_CURVE_WITH_KNOTS('',3,(#7101,#7102,#7103,#7104,#7105),
 .UNSPECIFIED.,.F.,.F.,(4,1,4),(0.,0.01467746189956,0.0322233597672291),
 .UNSPECIFIED.);
#379=B_SPLINE_CURVE_WITH_KNOTS('',3,(#7108,#7109,#7110,#7111,#7112),
 .UNSPECIFIED.,.F.,.F.,(4,1,4),(0.,0.01467746189956,0.0322233597672291),
 .UNSPECIFIED.);
#380=B_SPLINE_CURVE_WITH_KNOTS('',3,(#7124,#7125,#7126,#7127,#7128),
 .UNSPECIFIED.,.F.,.F.,(4,1,4),(0.,0.0120931590288793,0.024668759259993),
 .UNSPECIFIED.);
#381=B_SPLINE_CURVE_WITH_KNOTS('',3,(#7131,#7132,#7133,#7134,#7135),
 .UNSPECIFIED.,.F.,.F.,(4,1,4),(0.,0.0120931590288793,0.024668759259993),
 .UNSPECIFIED.);
#382=B_SPLINE_CURVE_WITH_KNOTS('',3,(#7147,#7148,#7149,#7150,#7151),
 .UNSPECIFIED.,.F.,.F.,(4,1,4),(0.,0.0213478049564443,0.0392764216899458),
 .UNSPECIFIED.);
#383=B_SPLINE_CURVE_WITH_KNOTS('',3,(#7154,#7155,#7156,#7157,#7158),
 .UNSPECIFIED.,.F.,.F.,(4,1,4),(0.,0.0213478049564443,0.0392764216899458),
 .UNSPECIFIED.);
#384=B_SPLINE_CURVE_WITH_KNOTS('',3,(#7180,#7181,#7182,#7183,#7184),
 .UNSPECIFIED.,.F.,.F.,(4,1,4),(0.,0.0402235860901161,0.0741158101017113),
 .UNSPECIFIED.);
#385=B_SPLINE_CURVE_WITH_KNOTS('',3,(#7197,#7198,#7199,#7200,#7201),
 .UNSPECIFIED.,.F.,.F.,(4,1,4),(0.,0.0956798070192441,0.187466027002502),
 .UNSPECIFIED.);
#386=B_SPLINE_CURVE_WITH_KNOTS('',3,(#7214,#7215,#7216,#7217,#7218),
 .UNSPECIFIED.,.F.,.F.,(4,1,4),(0.,0.0806652321540615,0.172081782625925),
 .UNSPECIFIED.);
#387=B_SPLINE_CURVE_WITH_KNOTS('',3,(#7231,#7232,#7233,#7234,#7235),
 .UNSPECIFIED.,.F.,.F.,(4,1,4),(0.,0.0427112720899391,0.0860548970324441),
 .UNSPECIFIED.);
#388=B_SPLINE_CURVE_WITH_KNOTS('',3,(#7248,#7249,#7250,#7251,#7252),
 .UNSPECIFIED.,.F.,.F.,(4,1,4),(0.,0.0485031585852991,0.0932502885550605),
 .UNSPECIFIED.);
#389=B_SPLINE_CURVE_WITH_KNOTS('',3,(#7265,#7266,#7267,#7268,#7269),
 .UNSPECIFIED.,.F.,.F.,(4,1,4),(0.,0.0781083031695116,0.149097522782537),
 .UNSPECIFIED.);
#390=B_SPLINE_CURVE_WITH_KNOTS('',3,(#7282,#7283,#7284,#7285,#7286),
 .UNSPECIFIED.,.F.,.F.,(4,1,4),(0.,0.0290738985174697,0.0570431520459256),
 .UNSPECIFIED.);
#391=B_SPLINE_CURVE_WITH_KNOTS('',3,(#7299,#7300,#7301,#7302,#7303),
 .UNSPECIFIED.,.F.,.F.,(4,1,4),(0.,0.0314369474660395,0.0618338615028905),
 .UNSPECIFIED.);
#392=B_SPLINE_CURVE_WITH_KNOTS('',3,(#7316,#7317,#7318,#7319,#7320),
 .UNSPECIFIED.,.F.,.F.,(4,1,4),(0.,0.103924002072301,0.194182090979468),
 .UNSPECIFIED.);
#393=B_SPLINE_CURVE_WITH_KNOTS('',3,(#7337,#7338,#7339,#7340,#7341),
 .UNSPECIFIED.,.F.,.F.,(4,1,4),(0.,0.0279641603468284,0.0580211753448778),
 .UNSPECIFIED.);
#394=B_SPLINE_CURVE_WITH_KNOTS('',3,(#7354,#7355,#7356,#7357,#7358),
 .UNSPECIFIED.,.F.,.F.,(4,1,4),(0.,0.0115312519725124,0.0331121077835051),
 .UNSPECIFIED.);
#395=B_SPLINE_CURVE_WITH_KNOTS('',3,(#7371,#7372,#7373,#7374,#7375),
 .UNSPECIFIED.,.F.,.F.,(4,1,4),(0.,0.0041123336458024,0.00756033085477792),
 .UNSPECIFIED.);
#396=B_SPLINE_CURVE_WITH_KNOTS('',3,(#7388,#7389,#7390,#7391,#7392),
 .UNSPECIFIED.,.F.,.F.,(4,1,4),(0.,0.00368550768173801,0.00784295387298098),
 .UNSPECIFIED.);
#397=B_SPLINE_CURVE_WITH_KNOTS('',3,(#7405,#7406,#7407,#7408,#7409),
 .UNSPECIFIED.,.F.,.F.,(4,1,4),(0.,0.0149058439983882,0.024246374761329),
 .UNSPECIFIED.);
#398=B_SPLINE_CURVE_WITH_KNOTS('',3,(#7422,#7423,#7424,#7425,#7426),
 .UNSPECIFIED.,.F.,.F.,(4,1,4),(0.,0.172901289829272,0.242364245115212),
 .UNSPECIFIED.);
#399=B_SPLINE_CURVE_WITH_KNOTS('',3,(#7442,#7443,#7444,#7445,#7446),
 .UNSPECIFIED.,.F.,.F.,(4,1,4),(0.,0.0240051750669225,0.0569276570475933),
 .UNSPECIFIED.);
#400=B_SPLINE_CURVE_WITH_KNOTS('',3,(#7450,#7451,#7452,#7453,#7454),
 .UNSPECIFIED.,.F.,.F.,(4,1,4),(0.,0.0240051750669225,0.0569276570475933),
 .UNSPECIFIED.);
#401=B_SPLINE_CURVE_WITH_KNOTS('',3,(#7467,#7468,#7469,#7470,#7471),
 .UNSPECIFIED.,.F.,.F.,(4,1,4),(0.,0.0251731112054023,0.0658544558104049),
 .UNSPECIFIED.);
#402=B_SPLINE_CURVE_WITH_KNOTS('',3,(#7474,#7475,#7476,#7477,#7478),
 .UNSPECIFIED.,.F.,.F.,(4,1,4),(0.,0.0251731112054023,0.0658544558104049),
 .UNSPECIFIED.);
#403=B_SPLINE_CURVE_WITH_KNOTS('',3,(#7490,#7491,#7492,#7493,#7494),
 .UNSPECIFIED.,.F.,.F.,(4,1,4),(0.,0.0142255181049333,0.0265670885342537),
 .UNSPECIFIED.);
#404=B_SPLINE_CURVE_WITH_KNOTS('',3,(#7497,#7498,#7499,#7500,#7501),
 .UNSPECIFIED.,.F.,.F.,(4,1,4),(0.,0.0142255181049333,0.0265670885342537),
 .UNSPECIFIED.);
#405=B_SPLINE_CURVE_WITH_KNOTS('',3,(#7513,#7514,#7515,#7516,#7517),
 .UNSPECIFIED.,.F.,.F.,(4,1,4),(0.,0.0151491816627055,0.028542545718357),
 .UNSPECIFIED.);
#406=B_SPLINE_CURVE_WITH_KNOTS('',3,(#7520,#7521,#7522,#7523,#7524),
 .UNSPECIFIED.,.F.,.F.,(4,1,4),(0.,0.0151491816627055,0.028542545718357),
 .UNSPECIFIED.);
#407=B_SPLINE_CURVE_WITH_KNOTS('',3,(#7542,#7543,#7544,#7545,#7546),
 .UNSPECIFIED.,.F.,.F.,(4,1,4),(0.,0.01467746189956,0.0322233597672291),
 .UNSPECIFIED.);
#408=B_SPLINE_CURVE_WITH_KNOTS('',3,(#7549,#7550,#7551,#7552,#7553),
 .UNSPECIFIED.,.F.,.F.,(4,1,4),(0.,0.01467746189956,0.0322233597672291),
 .UNSPECIFIED.);
#409=B_SPLINE_CURVE_WITH_KNOTS('',3,(#7565,#7566,#7567,#7568,#7569),
 .UNSPECIFIED.,.F.,.F.,(4,1,4),(0.,0.0120931590288793,0.024668759259993),
 .UNSPECIFIED.);
#410=B_SPLINE_CURVE_WITH_KNOTS('',3,(#7572,#7573,#7574,#7575,#7576),
 .UNSPECIFIED.,.F.,.F.,(4,1,4),(0.,0.0120931590288793,0.024668759259993),
 .UNSPECIFIED.);
#411=B_SPLINE_CURVE_WITH_KNOTS('',3,(#7588,#7589,#7590,#7591,#7592),
 .UNSPECIFIED.,.F.,.F.,(4,1,4),(0.,0.0213478049564443,0.0392764216899458),
 .UNSPECIFIED.);
#412=B_SPLINE_CURVE_WITH_KNOTS('',3,(#7595,#7596,#7597,#7598,#7599),
 .UNSPECIFIED.,.F.,.F.,(4,1,4),(0.,0.0213478049564443,0.0392764216899458),
 .UNSPECIFIED.);
#413=B_SPLINE_CURVE_WITH_KNOTS('',3,(#7621,#7622,#7623,#7624,#7625),
 .UNSPECIFIED.,.F.,.F.,(4,1,4),(0.,0.0402235860901161,0.0741158101017113),
 .UNSPECIFIED.);
#414=B_SPLINE_CURVE_WITH_KNOTS('',3,(#7638,#7639,#7640,#7641,#7642),
 .UNSPECIFIED.,.F.,.F.,(4,1,4),(0.,0.0956796044762162,0.187466293216873),
 .UNSPECIFIED.);
#415=B_SPLINE_CURVE_WITH_KNOTS('',3,(#7655,#7656,#7657,#7658,#7659),
 .UNSPECIFIED.,.F.,.F.,(4,1,4),(0.,0.080665175399224,0.172081725871088),
 .UNSPECIFIED.);
#416=B_SPLINE_CURVE_WITH_KNOTS('',3,(#7672,#7673,#7674,#7675,#7676),
 .UNSPECIFIED.,.F.,.F.,(4,1,4),(0.,0.0427112720899391,0.0860548970324441),
 .UNSPECIFIED.);
#417=B_SPLINE_CURVE_WITH_KNOTS('',3,(#7689,#7690,#7691,#7692,#7693),
 .UNSPECIFIED.,.F.,.F.,(4,1,4),(0.,0.0485033940974584,0.0932503184512319),
 .UNSPECIFIED.);
#418=B_SPLINE_CURVE_WITH_KNOTS('',3,(#7706,#7707,#7708,#7709,#7710),
 .UNSPECIFIED.,.F.,.F.,(4,1,4),(0.,0.0781083031695116,0.149097522782537),
 .UNSPECIFIED.);
#419=B_SPLINE_CURVE_WITH_KNOTS('',3,(#7723,#7724,#7725,#7726,#7727),
 .UNSPECIFIED.,.F.,.F.,(4,1,4),(0.,0.0290737162073308,0.0570430901148922),
 .UNSPECIFIED.);
#420=B_SPLINE_CURVE_WITH_KNOTS('',3,(#7740,#7741,#7742,#7743,#7744),
 .UNSPECIFIED.,.F.,.F.,(4,1,4),(0.,0.0314367109932756,0.0618336250301266),
 .UNSPECIFIED.);
#421=B_SPLINE_CURVE_WITH_KNOTS('',3,(#7757,#7758,#7759,#7760,#7761),
 .UNSPECIFIED.,.F.,.F.,(4,1,4),(0.,0.103924002072301,0.194182317261529),
 .UNSPECIFIED.);
#422=B_SPLINE_CURVE_WITH_KNOTS('',3,(#7778,#7779,#7780,#7781,#7782),
 .UNSPECIFIED.,.F.,.F.,(4,1,4),(0.,0.0279641603468284,0.0580211753448778),
 .UNSPECIFIED.);
#423=B_SPLINE_CURVE_WITH_KNOTS('',3,(#7795,#7796,#7797,#7798,#7799),
 .UNSPECIFIED.,.F.,.F.,(4,1,4),(0.,0.0115312519725124,0.0331121077835051),
 .UNSPECIFIED.);
#424=B_SPLINE_CURVE_WITH_KNOTS('',3,(#7812,#7813,#7814,#7815,#7816),
 .UNSPECIFIED.,.F.,.F.,(4,1,4),(0.,0.00411252820215045,0.00756029337218531),
 .UNSPECIFIED.);
#425=B_SPLINE_CURVE_WITH_KNOTS('',3,(#7829,#7830,#7831,#7832,#7833),
 .UNSPECIFIED.,.F.,.F.,(4,1,4),(0.,0.00368550768173801,0.00784295387298098),
 .UNSPECIFIED.);
#426=B_SPLINE_CURVE_WITH_KNOTS('',3,(#7846,#7847,#7848,#7849,#7850),
 .UNSPECIFIED.,.F.,.F.,(4,1,4),(0.,0.0149058439983882,0.024246374761329),
 .UNSPECIFIED.);
#427=B_SPLINE_CURVE_WITH_KNOTS('',3,(#7863,#7864,#7865,#7866,#7867),
 .UNSPECIFIED.,.F.,.F.,(4,1,4),(0.,0.172901289829272,0.242364245115212),
 .UNSPECIFIED.);
#428=B_SPLINE_CURVE_WITH_KNOTS('',3,(#7901,#7902,#7903,#7904,#7905),
 .UNSPECIFIED.,.F.,.F.,(4,1,4),(0.,0.0163828885655294,0.0466408466672776),
 .UNSPECIFIED.);
#429=B_SPLINE_CURVE_WITH_KNOTS('',3,(#7918,#7919,#7920,#7921,#7922),
 .UNSPECIFIED.,.F.,.F.,(4,1,4),(0.,0.0302897547320465,0.0583131993734356),
 .UNSPECIFIED.);
#430=B_SPLINE_CURVE_WITH_KNOTS('',3,(#7935,#7936,#7937,#7938,#7939),
 .UNSPECIFIED.,.F.,.F.,(4,1,4),(0.,0.0414275633647721,0.0769054471220157),
 .UNSPECIFIED.);
#431=B_SPLINE_CURVE_WITH_KNOTS('',3,(#7952,#7953,#7954,#7955,#7956),
 .UNSPECIFIED.,.F.,.F.,(4,1,4),(0.,0.0454627437045492,0.0944751470144935),
 .UNSPECIFIED.);
#432=B_SPLINE_CURVE_WITH_KNOTS('',3,(#7969,#7970,#7971,#7972,#7973),
 .UNSPECIFIED.,.F.,.F.,(4,1,4),(0.,0.0579898058278775,0.106845081991279),
 .UNSPECIFIED.);
#433=B_SPLINE_CURVE_WITH_KNOTS('',3,(#7990,#7991,#7992,#7993,#7994),
 .UNSPECIFIED.,.F.,.F.,(4,1,4),(0.,0.0283244667834117,0.0577973087087574),
 .UNSPECIFIED.);
#434=B_SPLINE_CURVE_WITH_KNOTS('',3,(#8007,#8008,#8009,#8010,#8011),
 .UNSPECIFIED.,.F.,.F.,(4,1,4),(0.,0.0113673144742434,0.0335674222343427),
 .UNSPECIFIED.);
#435=B_SPLINE_CURVE_WITH_KNOTS('',3,(#8024,#8025,#8026,#8027,#8028),
 .UNSPECIFIED.,.F.,.F.,(4,1,4),(0.,0.00704557585975887,0.013855334787584),
 .UNSPECIFIED.);
#436=B_SPLINE_CURVE_WITH_KNOTS('',3,(#8041,#8042,#8043,#8044,#8045),
 .UNSPECIFIED.,.F.,.F.,(4,1,4),(0.,0.0109882229734371,0.0197997946723575),
 .UNSPECIFIED.);
#437=B_SPLINE_CURVE_WITH_KNOTS('',3,(#8060,#8061,#8062,#8063,#8064),
 .UNSPECIFIED.,.F.,.F.,(4,1,4),(0.,0.114611912033436,0.212753824990096),
 .UNSPECIFIED.);
#438=B_SPLINE_CURVE_WITH_KNOTS('',3,(#8084,#8085,#8086,#8087,#8088),
 .UNSPECIFIED.,.F.,.F.,(4,1,4),(0.,0.0384298976090336,0.0856076983473969),
 .UNSPECIFIED.);
#439=B_SPLINE_CURVE_WITH_KNOTS('',3,(#8101,#8102,#8103,#8104,#8105),
 .UNSPECIFIED.,.F.,.F.,(4,1,4),(0.,0.0388729209824736,0.0745478952626897),
 .UNSPECIFIED.);
#440=B_SPLINE_CURVE_WITH_KNOTS('',3,(#8118,#8119,#8120,#8121,#8122),
 .UNSPECIFIED.,.F.,.F.,(4,1,4),(0.,0.0897807544963159,0.190982398340302),
 .UNSPECIFIED.);
#441=B_SPLINE_CURVE_WITH_KNOTS('',3,(#8135,#8136,#8137,#8138,#8139),
 .UNSPECIFIED.,.F.,.F.,(4,1,4),(0.,0.0687472959395199,0.14580011249859),
 .UNSPECIFIED.);
#442=B_SPLINE_CURVE_WITH_KNOTS('',3,(#8152,#8153,#8154,#8155,#8156),
 .UNSPECIFIED.,.F.,.F.,(4,1,4),(0.,0.0340749854895733,0.0671899892674383),
 .UNSPECIFIED.);
#443=B_SPLINE_CURVE_WITH_KNOTS('',3,(#8169,#8170,#8171,#8172,#8173),
 .UNSPECIFIED.,.F.,.F.,(4,1,4),(0.,0.075060058345969,0.122539051159752),
 .UNSPECIFIED.);
#444=B_SPLINE_CURVE_WITH_KNOTS('',3,(#8186,#8187,#8188,#8189,#8190),
 .UNSPECIFIED.,.F.,.F.,(4,1,4),(0.,0.0490542005288154,0.140652892679134),
 .UNSPECIFIED.);
#445=B_SPLINE_CURVE_WITH_KNOTS('',3,(#8203,#8204,#8205,#8206,#8207),
 .UNSPECIFIED.,.F.,.F.,(4,1,4),(0.,0.0220313223183492,0.0470784413221555),
 .UNSPECIFIED.);
#446=B_SPLINE_CURVE_WITH_KNOTS('',3,(#8220,#8221,#8222,#8223,#8224),
 .UNSPECIFIED.,.F.,.F.,(4,1,4),(0.,0.0329592827437479,0.0608919197326205),
 .UNSPECIFIED.);
#447=B_SPLINE_CURVE_WITH_KNOTS('',3,(#8237,#8238,#8239,#8240,#8241),
 .UNSPECIFIED.,.F.,.F.,(4,1,4),(0.,0.042044449059036,0.0803621531619009),
 .UNSPECIFIED.);
#448=B_SPLINE_CURVE_WITH_KNOTS('',3,(#8254,#8255,#8256,#8257,#8258),
 .UNSPECIFIED.,.F.,.F.,(4,1,4),(0.,0.066196299856417,0.131002237220001),
 .UNSPECIFIED.);
#449=B_SPLINE_CURVE_WITH_KNOTS('',3,(#8271,#8272,#8273,#8274,#8275),
 .UNSPECIFIED.,.F.,.F.,(4,1,4),(0.,0.0578603757996745,0.121324665277819),
 .UNSPECIFIED.);
#450=B_SPLINE_CURVE_WITH_KNOTS('',3,(#8288,#8289,#8290,#8291,#8292),
 .UNSPECIFIED.,.F.,.F.,(4,1,4),(0.,0.0247818513470576,0.0465805740211497),
 .UNSPECIFIED.);
#451=B_SPLINE_CURVE_WITH_KNOTS('',3,(#8321,#8322,#8323,#8324,#8325),
 .UNSPECIFIED.,.F.,.F.,(4,1,4),(0.,0.0513045003788093,0.118155741511871),
 .UNSPECIFIED.);
#452=B_SPLINE_CURVE_WITH_KNOTS('',3,(#8338,#8339,#8340,#8341,#8342),
 .UNSPECIFIED.,.F.,.F.,(4,1,4),(0.,0.0446247440965359,0.0886900520108683),
 .UNSPECIFIED.);
#453=B_SPLINE_CURVE_WITH_KNOTS('',3,(#8355,#8356,#8357,#8358,#8359),
 .UNSPECIFIED.,.F.,.F.,(4,1,4),(0.,0.0923584367126404,0.193112374221857),
 .UNSPECIFIED.);
#454=B_SPLINE_CURVE_WITH_KNOTS('',3,(#8372,#8373,#8374,#8375,#8376),
 .UNSPECIFIED.,.F.,.F.,(4,1,4),(0.,0.0768552260152428,0.159912403744807),
 .UNSPECIFIED.);
#455=B_SPLINE_CURVE_WITH_KNOTS('',3,(#8389,#8390,#8391,#8392,#8393),
 .UNSPECIFIED.,.F.,.F.,(4,1,4),(0.,0.0271551512039856,0.0541481121086324),
 .UNSPECIFIED.);
#456=B_SPLINE_CURVE_WITH_KNOTS('',3,(#8406,#8407,#8408,#8409,#8410),
 .UNSPECIFIED.,.F.,.F.,(4,1,4),(0.,0.0287018238642267,0.0563662052274876),
 .UNSPECIFIED.);
#457=B_SPLINE_CURVE_WITH_KNOTS('',3,(#8423,#8424,#8425,#8426,#8427),
 .UNSPECIFIED.,.F.,.F.,(4,1,4),(0.,0.0494186165544477,0.0853257469728969),
 .UNSPECIFIED.);
#458=B_SPLINE_CURVE_WITH_KNOTS('',3,(#8444,#8445,#8446,#8447,#8448),
 .UNSPECIFIED.,.F.,.F.,(4,1,4),(0.,0.0257474362051894,0.0612355848075873),
 .UNSPECIFIED.);
#459=B_SPLINE_CURVE_WITH_KNOTS('',3,(#8461,#8462,#8463,#8464,#8465),
 .UNSPECIFIED.,.F.,.F.,(4,1,4),(0.,0.0233565076496596,0.042487256042608),
 .UNSPECIFIED.);
#460=B_SPLINE_CURVE_WITH_KNOTS('',3,(#8478,#8479,#8480,#8481,#8482),
 .UNSPECIFIED.,.F.,.F.,(4,1,4),(0.,0.0338171891326584,0.0627503054526802),
 .UNSPECIFIED.);
#461=B_SPLINE_CURVE_WITH_KNOTS('',3,(#8495,#8496,#8497,#8498,#8499),
 .UNSPECIFIED.,.F.,.F.,(4,1,4),(0.,0.0575722597370495,0.121237429699037),
 .UNSPECIFIED.);
#462=B_SPLINE_CURVE_WITH_KNOTS('',3,(#8512,#8513,#8514,#8515,#8516),
 .UNSPECIFIED.,.F.,.F.,(4,1,4),(0.,0.0492323985089936,0.101210784845083),
 .UNSPECIFIED.);
#463=B_SPLINE_CURVE_WITH_KNOTS('',3,(#8529,#8530,#8531,#8532,#8533),
 .UNSPECIFIED.,.F.,.F.,(4,1,4),(0.,0.0202580494994876,0.0396609436194885),
 .UNSPECIFIED.);
#464=PLANE('',#4221);
#465=PLANE('',#4222);
#466=PLANE('',#4225);
#467=PLANE('',#4226);
#468=PLANE('',#4227);
#469=PLANE('',#4228);
#470=PLANE('',#4229);
#471=PLANE('',#4230);
#472=PLANE('',#4231);
#473=PLANE('',#4232);
#474=PLANE('',#4233);
#475=PLANE('',#4234);
#476=PLANE('',#4235);
#477=PLANE('',#4236);
#478=PLANE('',#4237);
#479=PLANE('',#4238);
#480=PLANE('',#4239);
#481=PLANE('',#4240);
#482=PLANE('',#4241);
#483=PLANE('',#4242);
#484=PLANE('',#4244);
#485=PLANE('',#4245);
#486=PLANE('',#4246);
#487=PLANE('',#4247);
#488=PLANE('',#4248);
#489=PLANE('',#4249);
#490=PLANE('',#4250);
#491=PLANE('',#4251);
#492=PLANE('',#4252);
#493=PLANE('',#4253);
#494=PLANE('',#4254);
#495=PLANE('',#4255);
#496=PLANE('',#4256);
#497=PLANE('',#4257);
#498=PLANE('',#4258);
#499=PLANE('',#4259);
#500=PLANE('',#4260);
#501=PLANE('',#4261);
#502=PLANE('',#4262);
#503=PLANE('',#4263);
#504=PLANE('',#4264);
#505=PLANE('',#4265);
#506=PLANE('',#4266);
#507=PLANE('',#4267);
#508=PLANE('',#4268);
#509=PLANE('',#4269);
#510=PLANE('',#4270);
#511=PLANE('',#4271);
#512=PLANE('',#4272);
#513=PLANE('',#4273);
#514=PLANE('',#4274);
#515=PLANE('',#4275);
#516=PLANE('',#4276);
#517=PLANE('',#4277);
#518=PLANE('',#4278);
#519=PLANE('',#4279);
#520=PLANE('',#4280);
#521=PLANE('',#4281);
#522=PLANE('',#4282);
#523=PLANE('',#4283);
#524=PLANE('',#4284);
#525=PLANE('',#4285);
#526=PLANE('',#4286);
#527=PLANE('',#4287);
#528=PLANE('',#4288);
#529=PLANE('',#4289);
#530=PLANE('',#4290);
#531=PLANE('',#4291);
#532=PLANE('',#4294);
#533=PLANE('',#4295);
#534=CIRCLE('',#4212,4.);
#535=CIRCLE('',#4213,4.);
#536=CIRCLE('',#4214,4.);
#537=CIRCLE('',#4220,4.);
#538=CIRCLE('',#4223,2.5);
#539=CIRCLE('',#4224,2.5);
#540=CIRCLE('',#4243,2.5);
#541=CIRCLE('',#4293,2.5);
#542=SPHERICAL_SURFACE('',#4211,4.);
#543=FACE_OUTER_BOUND('',#766,.T.);
#544=FACE_OUTER_BOUND('',#767,.T.);
#545=FACE_OUTER_BOUND('',#768,.T.);
#546=FACE_OUTER_BOUND('',#769,.T.);
#547=FACE_OUTER_BOUND('',#770,.T.);
#548=FACE_OUTER_BOUND('',#771,.T.);
#549=FACE_OUTER_BOUND('',#772,.T.);
#550=FACE_OUTER_BOUND('',#773,.T.);
#551=FACE_OUTER_BOUND('',#781,.T.);
#552=FACE_OUTER_BOUND('',#782,.T.);
#553=FACE_OUTER_BOUND('',#783,.T.);
#554=FACE_OUTER_BOUND('',#784,.T.);
#555=FACE_OUTER_BOUND('',#785,.T.);
#556=FACE_OUTER_BOUND('',#786,.T.);
#557=FACE_OUTER_BOUND('',#787,.T.);
#558=FACE_OUTER_BOUND('',#788,.T.);
#559=FACE_OUTER_BOUND('',#789,.T.);
#560=FACE_OUTER_BOUND('',#790,.T.);
#561=FACE_OUTER_BOUND('',#791,.T.);
#562=FACE_OUTER_BOUND('',#792,.T.);
#563=FACE_OUTER_BOUND('',#793,.T.);
#564=FACE_OUTER_BOUND('',#794,.T.);
#565=FACE_OUTER_BOUND('',#795,.T.);
#566=FACE_OUTER_BOUND('',#796,.T.);
#567=FACE_OUTER_BOUND('',#797,.T.);
#568=FACE_OUTER_BOUND('',#798,.T.);
#569=FACE_OUTER_BOUND('',#799,.T.);
#570=FACE_OUTER_BOUND('',#800,.T.);
#571=FACE_OUTER_BOUND('',#801,.T.);
#572=FACE_OUTER_BOUND('',#802,.T.);
#573=FACE_OUTER_BOUND('',#803,.T.);
#574=FACE_OUTER_BOUND('',#804,.T.);
#575=FACE_OUTER_BOUND('',#805,.T.);
#576=FACE_OUTER_BOUND('',#806,.T.);
#577=FACE_OUTER_BOUND('',#807,.T.);
#578=FACE_OUTER_BOUND('',#808,.T.);
#579=FACE_OUTER_BOUND('',#809,.T.);
#580=FACE_OUTER_BOUND('',#810,.T.);
#581=FACE_OUTER_BOUND('',#812,.T.);
#582=FACE_OUTER_BOUND('',#813,.T.);
#583=FACE_OUTER_BOUND('',#814,.T.);
#584=FACE_OUTER_BOUND('',#815,.T.);
#585=FACE_OUTER_BOUND('',#816,.T.);
#586=FACE_OUTER_BOUND('',#817,.T.);
#587=FACE_OUTER_BOUND('',#818,.T.);
#588=FACE_OUTER_BOUND('',#819,.T.);
#589=FACE_OUTER_BOUND('',#820,.T.);
#590=FACE_OUTER_BOUND('',#821,.T.);
#591=FACE_OUTER_BOUND('',#822,.T.);
#592=FACE_OUTER_BOUND('',#823,.T.);
#593=FACE_OUTER_BOUND('',#824,.T.);
#594=FACE_OUTER_BOUND('',#825,.T.);
#595=FACE_OUTER_BOUND('',#826,.T.);
#596=FACE_OUTER_BOUND('',#827,.T.);
#597=FACE_OUTER_BOUND('',#828,.T.);
#598=FACE_OUTER_BOUND('',#829,.T.);
#599=FACE_OUTER_BOUND('',#830,.T.);
#600=FACE_OUTER_BOUND('',#831,.T.);
#601=FACE_OUTER_BOUND('',#832,.T.);
#602=FACE_OUTER_BOUND('',#833,.T.);
#603=FACE_OUTER_BOUND('',#834,.T.);
#604=FACE_OUTER_BOUND('',#835,.T.);
#605=FACE_OUTER_BOUND('',#836,.T.);
#606=FACE_OUTER_BOUND('',#837,.T.);
#607=FACE_OUTER_BOUND('',#838,.T.);
#608=FACE_OUTER_BOUND('',#839,.T.);
#609=FACE_OUTER_BOUND('',#840,.T.);
#610=FACE_OUTER_BOUND('',#841,.T.);
#611=FACE_OUTER_BOUND('',#842,.T.);
#612=FACE_OUTER_BOUND('',#843,.T.);
#613=FACE_OUTER_BOUND('',#844,.T.);
#614=FACE_OUTER_BOUND('',#845,.T.);
#615=FACE_OUTER_BOUND('',#846,.T.);
#616=FACE_OUTER_BOUND('',#847,.T.);
#617=FACE_OUTER_BOUND('',#848,.T.);
#618=FACE_OUTER_BOUND('',#849,.T.);
#619=FACE_OUTER_BOUND('',#850,.T.);
#620=FACE_OUTER_BOUND('',#851,.T.);
#621=FACE_OUTER_BOUND('',#852,.T.);
#622=FACE_OUTER_BOUND('',#853,.T.);
#623=FACE_OUTER_BOUND('',#854,.T.);
#624=FACE_OUTER_BOUND('',#855,.T.);
#625=FACE_OUTER_BOUND('',#856,.T.);
#626=FACE_OUTER_BOUND('',#857,.T.);
#627=FACE_OUTER_BOUND('',#858,.T.);
#628=FACE_OUTER_BOUND('',#859,.T.);
#629=FACE_OUTER_BOUND('',#860,.T.);
#630=FACE_OUTER_BOUND('',#861,.T.);
#631=FACE_OUTER_BOUND('',#862,.T.);
#632=FACE_OUTER_BOUND('',#863,.T.);
#633=FACE_OUTER_BOUND('',#864,.T.);
#634=FACE_OUTER_BOUND('',#865,.T.);
#635=FACE_OUTER_BOUND('',#866,.T.);
#636=FACE_OUTER_BOUND('',#867,.T.);
#637=FACE_OUTER_BOUND('',#868,.T.);
#638=FACE_OUTER_BOUND('',#869,.T.);
#639=FACE_OUTER_BOUND('',#870,.T.);
#640=FACE_OUTER_BOUND('',#871,.T.);
#641=FACE_OUTER_BOUND('',#872,.T.);
#642=FACE_OUTER_BOUND('',#873,.T.);
#643=FACE_OUTER_BOUND('',#874,.T.);
#644=FACE_OUTER_BOUND('',#875,.T.);
#645=FACE_OUTER_BOUND('',#876,.T.);
#646=FACE_OUTER_BOUND('',#877,.T.);
#647=FACE_OUTER_BOUND('',#878,.T.);
#648=FACE_OUTER_BOUND('',#879,.T.);
#649=FACE_OUTER_BOUND('',#880,.T.);
#650=FACE_OUTER_BOUND('',#881,.T.);
#651=FACE_OUTER_BOUND('',#882,.T.);
#652=FACE_OUTER_BOUND('',#883,.T.);
#653=FACE_OUTER_BOUND('',#884,.T.);
#654=FACE_OUTER_BOUND('',#885,.T.);
#655=FACE_OUTER_BOUND('',#886,.T.);
#656=FACE_OUTER_BOUND('',#887,.T.);
#657=FACE_OUTER_BOUND('',#888,.T.);
#658=FACE_OUTER_BOUND('',#889,.T.);
#659=FACE_OUTER_BOUND('',#890,.T.);
#660=FACE_OUTER_BOUND('',#891,.T.);
#661=FACE_OUTER_BOUND('',#892,.T.);
#662=FACE_OUTER_BOUND('',#893,.T.);
#663=FACE_OUTER_BOUND('',#894,.T.);
#664=FACE_OUTER_BOUND('',#895,.T.);
#665=FACE_OUTER_BOUND('',#896,.T.);
#666=FACE_OUTER_BOUND('',#897,.T.);
#667=FACE_OUTER_BOUND('',#898,.T.);
#668=FACE_OUTER_BOUND('',#899,.T.);
#669=FACE_OUTER_BOUND('',#900,.T.);
#670=FACE_OUTER_BOUND('',#901,.T.);
#671=FACE_OUTER_BOUND('',#902,.T.);
#672=FACE_OUTER_BOUND('',#903,.T.);
#673=FACE_OUTER_BOUND('',#904,.T.);
#674=FACE_OUTER_BOUND('',#905,.T.);
#675=FACE_OUTER_BOUND('',#906,.T.);
#676=FACE_OUTER_BOUND('',#907,.T.);
#677=FACE_OUTER_BOUND('',#908,.T.);
#678=FACE_OUTER_BOUND('',#909,.T.);
#679=FACE_OUTER_BOUND('',#911,.T.);
#680=FACE_OUTER_BOUND('',#912,.T.);
#681=FACE_OUTER_BOUND('',#913,.T.);
#682=FACE_OUTER_BOUND('',#914,.T.);
#683=FACE_OUTER_BOUND('',#915,.T.);
#684=FACE_OUTER_BOUND('',#916,.T.);
#685=FACE_OUTER_BOUND('',#917,.T.);
#686=FACE_OUTER_BOUND('',#918,.T.);
#687=FACE_OUTER_BOUND('',#919,.T.);
#688=FACE_OUTER_BOUND('',#920,.T.);
#689=FACE_OUTER_BOUND('',#921,.T.);
#690=FACE_OUTER_BOUND('',#922,.T.);
#691=FACE_OUTER_BOUND('',#923,.T.);
#692=FACE_OUTER_BOUND('',#924,.T.);
#693=FACE_OUTER_BOUND('',#925,.T.);
#694=FACE_OUTER_BOUND('',#926,.T.);
#695=FACE_OUTER_BOUND('',#927,.T.);
#696=FACE_OUTER_BOUND('',#928,.T.);
#697=FACE_OUTER_BOUND('',#929,.T.);
#698=FACE_OUTER_BOUND('',#930,.T.);
#699=FACE_OUTER_BOUND('',#931,.T.);
#700=FACE_OUTER_BOUND('',#932,.T.);
#701=FACE_OUTER_BOUND('',#933,.T.);
#702=FACE_OUTER_BOUND('',#934,.T.);
#703=FACE_OUTER_BOUND('',#935,.T.);
#704=FACE_OUTER_BOUND('',#936,.T.);
#705=FACE_OUTER_BOUND('',#937,.T.);
#706=FACE_OUTER_BOUND('',#938,.T.);
#707=FACE_OUTER_BOUND('',#940,.T.);
#708=FACE_OUTER_BOUND('',#941,.T.);
#709=FACE_OUTER_BOUND('',#942,.T.);
#710=FACE_OUTER_BOUND('',#943,.T.);
#711=FACE_OUTER_BOUND('',#944,.T.);
#712=FACE_OUTER_BOUND('',#945,.T.);
#713=FACE_OUTER_BOUND('',#946,.T.);
#714=FACE_OUTER_BOUND('',#947,.T.);
#715=FACE_OUTER_BOUND('',#948,.T.);
#716=FACE_OUTER_BOUND('',#949,.T.);
#717=FACE_OUTER_BOUND('',#950,.T.);
#718=FACE_OUTER_BOUND('',#951,.T.);
#719=FACE_OUTER_BOUND('',#952,.T.);
#720=FACE_OUTER_BOUND('',#953,.T.);
#721=FACE_OUTER_BOUND('',#954,.T.);
#722=FACE_OUTER_BOUND('',#955,.T.);
#723=FACE_OUTER_BOUND('',#956,.T.);
#724=FACE_OUTER_BOUND('',#957,.T.);
#725=FACE_OUTER_BOUND('',#958,.T.);
#726=FACE_OUTER_BOUND('',#959,.T.);
#727=FACE_OUTER_BOUND('',#960,.T.);
#728=FACE_OUTER_BOUND('',#961,.T.);
#729=FACE_OUTER_BOUND('',#962,.T.);
#730=FACE_OUTER_BOUND('',#963,.T.);
#731=FACE_OUTER_BOUND('',#964,.T.);
#732=FACE_OUTER_BOUND('',#965,.T.);
#733=FACE_OUTER_BOUND('',#966,.T.);
#734=FACE_OUTER_BOUND('',#967,.T.);
#735=FACE_OUTER_BOUND('',#968,.T.);
#736=FACE_OUTER_BOUND('',#969,.T.);
#737=FACE_OUTER_BOUND('',#970,.T.);
#738=FACE_OUTER_BOUND('',#971,.T.);
#739=FACE_OUTER_BOUND('',#972,.T.);
#740=FACE_OUTER_BOUND('',#973,.T.);
#741=FACE_OUTER_BOUND('',#974,.T.);
#742=FACE_OUTER_BOUND('',#975,.T.);
#743=FACE_OUTER_BOUND('',#976,.T.);
#744=FACE_OUTER_BOUND('',#977,.T.);
#745=FACE_OUTER_BOUND('',#978,.T.);
#746=FACE_OUTER_BOUND('',#979,.T.);
#747=FACE_OUTER_BOUND('',#980,.T.);
#748=FACE_OUTER_BOUND('',#981,.T.);
#749=FACE_OUTER_BOUND('',#982,.T.);
#750=FACE_OUTER_BOUND('',#983,.T.);
#751=FACE_OUTER_BOUND('',#984,.T.);
#752=FACE_OUTER_BOUND('',#985,.T.);
#753=FACE_OUTER_BOUND('',#986,.T.);
#754=FACE_OUTER_BOUND('',#987,.T.);
#755=FACE_OUTER_BOUND('',#988,.T.);
#756=FACE_OUTER_BOUND('',#989,.T.);
#757=FACE_OUTER_BOUND('',#990,.T.);
#758=FACE_OUTER_BOUND('',#991,.T.);
#759=FACE_OUTER_BOUND('',#992,.T.);
#760=FACE_OUTER_BOUND('',#993,.T.);
#761=FACE_OUTER_BOUND('',#994,.T.);
#762=FACE_OUTER_BOUND('',#995,.T.);
#763=FACE_OUTER_BOUND('',#996,.T.);
#764=FACE_OUTER_BOUND('',#997,.T.);
#765=FACE_OUTER_BOUND('',#998,.T.);
#766=EDGE_LOOP('',(#2705,#2706,#2707,#2708));
#767=EDGE_LOOP('',(#2709,#2710,#2711));
#768=EDGE_LOOP('',(#2712,#2713,#2714,#2715));
#769=EDGE_LOOP('',(#2716,#2717,#2718,#2719));
#770=EDGE_LOOP('',(#2720,#2721,#2722,#2723));
#771=EDGE_LOOP('',(#2724,#2725,#2726,#2727));
#772=EDGE_LOOP('',(#2728,#2729,#2730,#2731,#2732));
#773=EDGE_LOOP('',(#2733,#2734,#2735,#2736));
#774=EDGE_LOOP('',(#2737,#2738,#2739,#2740,#2741,#2742,#2743,#2744,#2745,
#2746,#2747,#2748,#2749,#2750,#2751,#2752,#2753,#2754));
#775=EDGE_LOOP('',(#2755,#2756,#2757,#2758,#2759,#2760,#2761,#2762,#2763,
#2764,#2765,#2766,#2767,#2768,#2769,#2770,#2771,#2772,#2773,#2774,#2775,
#2776,#2777,#2778,#2779,#2780,#2781,#2782,#2783,#2784,#2785,#2786,#2787,
#2788,#2789,#2790,#2791,#2792,#2793,#2794,#2795,#2796,#2797,#2798,#2799,
#2800,#2801,#2802,#2803,#2804));
#776=EDGE_LOOP('',(#2805,#2806,#2807,#2808,#2809,#2810,#2811,#2812,#2813,
#2814,#2815,#2816,#2817,#2818,#2819,#2820,#2821,#2822));
#777=EDGE_LOOP('',(#2823,#2824,#2825,#2826,#2827,#2828,#2829,#2830,#2831,
#2832,#2833,#2834,#2835,#2836,#2837,#2838,#2839,#2840));
#778=EDGE_LOOP('',(#2841,#2842,#2843,#2844,#2845,#2846,#2847,#2848,#2849,
#2850,#2851,#2852,#2853,#2854,#2855,#2856));
#779=EDGE_LOOP('',(#2857,#2858,#2859,#2860,#2861,#2862,#2863,#2864,#2865,
#2866,#2867,#2868,#2869,#2870,#2871,#2872,#2873,#2874,#2875,#2876,#2877,
#2878,#2879,#2880,#2881,#2882,#2883,#2884,#2885,#2886,#2887,#2888,#2889,
#2890,#2891));
#780=EDGE_LOOP('',(#2892,#2893,#2894,#2895,#2896,#2897,#2898,#2899,#2900,
#2901,#2902,#2903,#2904,#2905,#2906,#2907,#2908,#2909,#2910,#2911));
#781=EDGE_LOOP('',(#2912,#2913,#2914,#2915));
#782=EDGE_LOOP('',(#2916,#2917,#2918,#2919));
#783=EDGE_LOOP('',(#2920,#2921,#2922,#2923));
#784=EDGE_LOOP('',(#2924,#2925,#2926,#2927));
#785=EDGE_LOOP('',(#2928,#2929,#2930,#2931));
#786=EDGE_LOOP('',(#2932,#2933,#2934,#2935));
#787=EDGE_LOOP('',(#2936,#2937,#2938,#2939));
#788=EDGE_LOOP('',(#2940,#2941,#2942,#2943));
#789=EDGE_LOOP('',(#2944,#2945,#2946,#2947));
#790=EDGE_LOOP('',(#2948,#2949,#2950,#2951));
#791=EDGE_LOOP('',(#2952,#2953,#2954,#2955));
#792=EDGE_LOOP('',(#2956,#2957,#2958,#2959));
#793=EDGE_LOOP('',(#2960,#2961,#2962,#2963));
#794=EDGE_LOOP('',(#2964,#2965,#2966,#2967));
#795=EDGE_LOOP('',(#2968,#2969,#2970,#2971));
#796=EDGE_LOOP('',(#2972,#2973,#2974,#2975));
#797=EDGE_LOOP('',(#2976,#2977,#2978,#2979));
#798=EDGE_LOOP('',(#2980,#2981,#2982,#2983));
#799=EDGE_LOOP('',(#2984,#2985,#2986,#2987));
#800=EDGE_LOOP('',(#2988,#2989,#2990,#2991));
#801=EDGE_LOOP('',(#2992,#2993,#2994,#2995));
#802=EDGE_LOOP('',(#2996,#2997,#2998,#2999));
#803=EDGE_LOOP('',(#3000,#3001,#3002,#3003));
#804=EDGE_LOOP('',(#3004,#3005,#3006,#3007));
#805=EDGE_LOOP('',(#3008,#3009,#3010,#3011));
#806=EDGE_LOOP('',(#3012,#3013,#3014,#3015));
#807=EDGE_LOOP('',(#3016,#3017,#3018,#3019));
#808=EDGE_LOOP('',(#3020,#3021,#3022,#3023));
#809=EDGE_LOOP('',(#3024,#3025,#3026,#3027));
#810=EDGE_LOOP('',(#3028,#3029,#3030,#3031,#3032,#3033,#3034,#3035,#3036,
#3037,#3038,#3039,#3040,#3041,#3042,#3043,#3044,#3045));
#811=EDGE_LOOP('',(#3046,#3047,#3048,#3049,#3050,#3051,#3052,#3053,#3054));
#812=EDGE_LOOP('',(#3055,#3056,#3057,#3058));
#813=EDGE_LOOP('',(#3059,#3060,#3061,#3062));
#814=EDGE_LOOP('',(#3063,#3064,#3065,#3066));
#815=EDGE_LOOP('',(#3067,#3068,#3069,#3070));
#816=EDGE_LOOP('',(#3071,#3072,#3073,#3074));
#817=EDGE_LOOP('',(#3075,#3076,#3077,#3078));
#818=EDGE_LOOP('',(#3079,#3080,#3081,#3082));
#819=EDGE_LOOP('',(#3083,#3084,#3085,#3086));
#820=EDGE_LOOP('',(#3087,#3088,#3089,#3090));
#821=EDGE_LOOP('',(#3091,#3092,#3093,#3094));
#822=EDGE_LOOP('',(#3095,#3096,#3097,#3098));
#823=EDGE_LOOP('',(#3099,#3100,#3101,#3102));
#824=EDGE_LOOP('',(#3103,#3104,#3105,#3106));
#825=EDGE_LOOP('',(#3107,#3108,#3109,#3110));
#826=EDGE_LOOP('',(#3111,#3112,#3113,#3114));
#827=EDGE_LOOP('',(#3115,#3116,#3117,#3118));
#828=EDGE_LOOP('',(#3119,#3120,#3121,#3122));
#829=EDGE_LOOP('',(#3123,#3124,#3125,#3126));
#830=EDGE_LOOP('',(#3127,#3128,#3129,#3130,#3131,#3132,#3133,#3134,#3135,
#3136,#3137,#3138,#3139,#3140,#3141,#3142,#3143,#3144,#3145));
#831=EDGE_LOOP('',(#3146,#3147,#3148,#3149));
#832=EDGE_LOOP('',(#3150,#3151,#3152,#3153));
#833=EDGE_LOOP('',(#3154,#3155,#3156,#3157));
#834=EDGE_LOOP('',(#3158,#3159,#3160,#3161));
#835=EDGE_LOOP('',(#3162,#3163,#3164,#3165));
#836=EDGE_LOOP('',(#3166,#3167,#3168,#3169));
#837=EDGE_LOOP('',(#3170,#3171,#3172,#3173));
#838=EDGE_LOOP('',(#3174,#3175,#3176,#3177));
#839=EDGE_LOOP('',(#3178,#3179,#3180,#3181));
#840=EDGE_LOOP('',(#3182,#3183,#3184,#3185));
#841=EDGE_LOOP('',(#3186,#3187,#3188,#3189));
#842=EDGE_LOOP('',(#3190,#3191,#3192,#3193));
#843=EDGE_LOOP('',(#3194,#3195,#3196,#3197));
#844=EDGE_LOOP('',(#3198,#3199,#3200,#3201));
#845=EDGE_LOOP('',(#3202,#3203,#3204,#3205));
#846=EDGE_LOOP('',(#3206,#3207,#3208,#3209));
#847=EDGE_LOOP('',(#3210,#3211,#3212,#3213));
#848=EDGE_LOOP('',(#3214,#3215,#3216,#3217));
#849=EDGE_LOOP('',(#3218,#3219,#3220,#3221));
#850=EDGE_LOOP('',(#3222,#3223,#3224,#3225));
#851=EDGE_LOOP('',(#3226,#3227,#3228,#3229));
#852=EDGE_LOOP('',(#3230,#3231,#3232,#3233));
#853=EDGE_LOOP('',(#3234,#3235,#3236,#3237));
#854=EDGE_LOOP('',(#3238,#3239,#3240,#3241));
#855=EDGE_LOOP('',(#3242,#3243,#3244,#3245));
#856=EDGE_LOOP('',(#3246,#3247,#3248,#3249));
#857=EDGE_LOOP('',(#3250,#3251,#3252,#3253));
#858=EDGE_LOOP('',(#3254,#3255,#3256,#3257));
#859=EDGE_LOOP('',(#3258,#3259,#3260,#3261));
#860=EDGE_LOOP('',(#3262,#3263,#3264,#3265));
#861=EDGE_LOOP('',(#3266,#3267,#3268,#3269));
#862=EDGE_LOOP('',(#3270,#3271,#3272,#3273));
#863=EDGE_LOOP('',(#3274,#3275,#3276,#3277));
#864=EDGE_LOOP('',(#3278,#3279,#3280,#3281));
#865=EDGE_LOOP('',(#3282,#3283,#3284,#3285));
#866=EDGE_LOOP('',(#3286,#3287,#3288,#3289));
#867=EDGE_LOOP('',(#3290,#3291,#3292,#3293));
#868=EDGE_LOOP('',(#3294,#3295,#3296,#3297));
#869=EDGE_LOOP('',(#3298,#3299,#3300,#3301));
#870=EDGE_LOOP('',(#3302,#3303,#3304,#3305));
#871=EDGE_LOOP('',(#3306,#3307,#3308,#3309));
#872=EDGE_LOOP('',(#3310,#3311,#3312,#3313));
#873=EDGE_LOOP('',(#3314,#3315,#3316,#3317));
#874=EDGE_LOOP('',(#3318,#3319,#3320,#3321));
#875=EDGE_LOOP('',(#3322,#3323,#3324,#3325));
#876=EDGE_LOOP('',(#3326,#3327,#3328,#3329));
#877=EDGE_LOOP('',(#3330,#3331,#3332,#3333));
#878=EDGE_LOOP('',(#3334,#3335,#3336,#3337));
#879=EDGE_LOOP('',(#3338,#3339,#3340,#3341));
#880=EDGE_LOOP('',(#3342,#3343,#3344,#3345));
#881=EDGE_LOOP('',(#3346,#3347,#3348,#3349,#3350,#3351,#3352,#3353,#3354,
#3355,#3356,#3357,#3358,#3359,#3360,#3361,#3362,#3363,#3364,#3365,#3366,
#3367,#3368,#3369,#3370,#3371,#3372,#3373,#3374,#3375,#3376,#3377,#3378,
#3379,#3380,#3381,#3382,#3383,#3384,#3385,#3386,#3387,#3388,#3389,#3390,
#3391,#3392,#3393,#3394,#3395));
#882=EDGE_LOOP('',(#3396,#3397,#3398,#3399));
#883=EDGE_LOOP('',(#3400,#3401,#3402,#3403));
#884=EDGE_LOOP('',(#3404,#3405,#3406,#3407));
#885=EDGE_LOOP('',(#3408,#3409,#3410,#3411));
#886=EDGE_LOOP('',(#3412,#3413,#3414,#3415));
#887=EDGE_LOOP('',(#3416,#3417,#3418,#3419));
#888=EDGE_LOOP('',(#3420,#3421,#3422,#3423));
#889=EDGE_LOOP('',(#3424,#3425,#3426,#3427));
#890=EDGE_LOOP('',(#3428,#3429,#3430,#3431));
#891=EDGE_LOOP('',(#3432,#3433,#3434,#3435));
#892=EDGE_LOOP('',(#3436,#3437,#3438,#3439));
#893=EDGE_LOOP('',(#3440,#3441,#3442,#3443));
#894=EDGE_LOOP('',(#3444,#3445,#3446,#3447));
#895=EDGE_LOOP('',(#3448,#3449,#3450,#3451));
#896=EDGE_LOOP('',(#3452,#3453,#3454,#3455));
#897=EDGE_LOOP('',(#3456,#3457,#3458,#3459));
#898=EDGE_LOOP('',(#3460,#3461,#3462,#3463));
#899=EDGE_LOOP('',(#3464,#3465,#3466,#3467));
#900=EDGE_LOOP('',(#3468,#3469,#3470,#3471));
#901=EDGE_LOOP('',(#3472,#3473,#3474,#3475));
#902=EDGE_LOOP('',(#3476,#3477,#3478,#3479));
#903=EDGE_LOOP('',(#3480,#3481,#3482,#3483));
#904=EDGE_LOOP('',(#3484,#3485,#3486,#3487));
#905=EDGE_LOOP('',(#3488,#3489,#3490,#3491));
#906=EDGE_LOOP('',(#3492,#3493,#3494,#3495));
#907=EDGE_LOOP('',(#3496,#3497,#3498,#3499));
#908=EDGE_LOOP('',(#3500,#3501,#3502,#3503));
#909=EDGE_LOOP('',(#3504,#3505,#3506,#3507,#3508,#3509,#3510,#3511,#3512,
#3513,#3514,#3515,#3516,#3517,#3518,#3519,#3520,#3521));
#910=EDGE_LOOP('',(#3522,#3523,#3524,#3525,#3526,#3527,#3528,#3529,#3530));
#911=EDGE_LOOP('',(#3531,#3532,#3533,#3534));
#912=EDGE_LOOP('',(#3535,#3536,#3537,#3538));
#913=EDGE_LOOP('',(#3539,#3540,#3541,#3542));
#914=EDGE_LOOP('',(#3543,#3544,#3545,#3546));
#915=EDGE_LOOP('',(#3547,#3548,#3549,#3550));
#916=EDGE_LOOP('',(#3551,#3552,#3553,#3554));
#917=EDGE_LOOP('',(#3555,#3556,#3557,#3558));
#918=EDGE_LOOP('',(#3559,#3560,#3561,#3562));
#919=EDGE_LOOP('',(#3563,#3564,#3565,#3566));
#920=EDGE_LOOP('',(#3567,#3568,#3569,#3570));
#921=EDGE_LOOP('',(#3571,#3572,#3573,#3574));
#922=EDGE_LOOP('',(#3575,#3576,#3577,#3578));
#923=EDGE_LOOP('',(#3579,#3580,#3581,#3582));
#924=EDGE_LOOP('',(#3583,#3584,#3585,#3586));
#925=EDGE_LOOP('',(#3587,#3588,#3589,#3590));
#926=EDGE_LOOP('',(#3591,#3592,#3593,#3594));
#927=EDGE_LOOP('',(#3595,#3596,#3597,#3598));
#928=EDGE_LOOP('',(#3599,#3600,#3601,#3602));
#929=EDGE_LOOP('',(#3603,#3604,#3605,#3606));
#930=EDGE_LOOP('',(#3607,#3608,#3609,#3610));
#931=EDGE_LOOP('',(#3611,#3612,#3613,#3614));
#932=EDGE_LOOP('',(#3615,#3616,#3617,#3618));
#933=EDGE_LOOP('',(#3619,#3620,#3621,#3622));
#934=EDGE_LOOP('',(#3623,#3624,#3625,#3626));
#935=EDGE_LOOP('',(#3627,#3628,#3629,#3630));
#936=EDGE_LOOP('',(#3631,#3632,#3633,#3634));
#937=EDGE_LOOP('',(#3635,#3636,#3637,#3638));
#938=EDGE_LOOP('',(#3639,#3640,#3641,#3642,#3643,#3644,#3645,#3646,#3647,
#3648,#3649,#3650,#3651,#3652,#3653,#3654,#3655,#3656));
#939=EDGE_LOOP('',(#3657,#3658,#3659,#3660,#3661,#3662,#3663,#3664,#3665));
#940=EDGE_LOOP('',(#3666,#3667,#3668,#3669));
#941=EDGE_LOOP('',(#3670,#3671,#3672,#3673));
#942=EDGE_LOOP('',(#3674,#3675,#3676,#3677));
#943=EDGE_LOOP('',(#3678,#3679,#3680,#3681));
#944=EDGE_LOOP('',(#3682,#3683,#3684,#3685));
#945=EDGE_LOOP('',(#3686,#3687,#3688,#3689));
#946=EDGE_LOOP('',(#3690,#3691,#3692,#3693));
#947=EDGE_LOOP('',(#3694,#3695,#3696,#3697));
#948=EDGE_LOOP('',(#3698,#3699,#3700,#3701));
#949=EDGE_LOOP('',(#3702,#3703,#3704,#3705));
#950=EDGE_LOOP('',(#3706,#3707,#3708,#3709));
#951=EDGE_LOOP('',(#3710,#3711,#3712,#3713));
#952=EDGE_LOOP('',(#3714,#3715,#3716,#3717));
#953=EDGE_LOOP('',(#3718,#3719,#3720,#3721));
#954=EDGE_LOOP('',(#3722,#3723,#3724,#3725));
#955=EDGE_LOOP('',(#3726,#3727,#3728,#3729));
#956=EDGE_LOOP('',(#3730,#3731,#3732,#3733,#3734,#3735,#3736,#3737,#3738,
#3739,#3740,#3741,#3742,#3743,#3744,#3745));
#957=EDGE_LOOP('',(#3746,#3747,#3748,#3749));
#958=EDGE_LOOP('',(#3750,#3751,#3752,#3753));
#959=EDGE_LOOP('',(#3754,#3755,#3756,#3757));
#960=EDGE_LOOP('',(#3758,#3759,#3760,#3761));
#961=EDGE_LOOP('',(#3762,#3763,#3764,#3765));
#962=EDGE_LOOP('',(#3766,#3767,#3768,#3769));
#963=EDGE_LOOP('',(#3770,#3771,#3772,#3773));
#964=EDGE_LOOP('',(#3774,#3775,#3776,#3777));
#965=EDGE_LOOP('',(#3778,#3779,#3780,#3781));
#966=EDGE_LOOP('',(#3782,#3783,#3784,#3785));
#967=EDGE_LOOP('',(#3786,#3787,#3788,#3789));
#968=EDGE_LOOP('',(#3790,#3791,#3792,#3793));
#969=EDGE_LOOP('',(#3794,#3795,#3796,#3797));
#970=EDGE_LOOP('',(#3798,#3799,#3800,#3801));
#971=EDGE_LOOP('',(#3802,#3803,#3804,#3805));
#972=EDGE_LOOP('',(#3806,#3807,#3808,#3809));
#973=EDGE_LOOP('',(#3810,#3811,#3812,#3813));
#974=EDGE_LOOP('',(#3814,#3815,#3816,#3817));
#975=EDGE_LOOP('',(#3818,#3819,#3820,#3821));
#976=EDGE_LOOP('',(#3822,#3823,#3824,#3825));
#977=EDGE_LOOP('',(#3826,#3827,#3828,#3829));
#978=EDGE_LOOP('',(#3830,#3831,#3832,#3833));
#979=EDGE_LOOP('',(#3834,#3835,#3836,#3837));
#980=EDGE_LOOP('',(#3838,#3839,#3840,#3841));
#981=EDGE_LOOP('',(#3842,#3843,#3844,#3845));
#982=EDGE_LOOP('',(#3846,#3847,#3848,#3849));
#983=EDGE_LOOP('',(#3850,#3851,#3852,#3853));
#984=EDGE_LOOP('',(#3854,#3855,#3856,#3857));
#985=EDGE_LOOP('',(#3858,#3859,#3860,#3861));
#986=EDGE_LOOP('',(#3862,#3863,#3864,#3865));
#987=EDGE_LOOP('',(#3866,#3867,#3868,#3869));
#988=EDGE_LOOP('',(#3870,#3871,#3872,#3873));
#989=EDGE_LOOP('',(#3874,#3875,#3876,#3877));
#990=EDGE_LOOP('',(#3878,#3879,#3880,#3881));
#991=EDGE_LOOP('',(#3882,#3883,#3884,#3885));
#992=EDGE_LOOP('',(#3886,#3887,#3888,#3889,#3890,#3891,#3892,#3893,#3894,
#3895,#3896,#3897,#3898,#3899,#3900,#3901,#3902,#3903,#3904,#3905,#3906,
#3907,#3908,#3909,#3910,#3911,#3912,#3913,#3914,#3915,#3916,#3917,#3918,
#3919,#3920));
#993=EDGE_LOOP('',(#3921,#3922,#3923,#3924,#3925,#3926,#3927,#3928,#3929));
#994=EDGE_LOOP('',(#3930,#3931,#3932,#3933,#3934,#3935,#3936,#3937,#3938));
#995=EDGE_LOOP('',(#3939,#3940,#3941,#3942,#3943,#3944,#3945,#3946,#3947));
#996=EDGE_LOOP('',(#3948,#3949,#3950,#3951,#3952,#3953,#3954,#3955));
#997=EDGE_LOOP('',(#3956,#3957,#3958,#3959));
#998=EDGE_LOOP('',(#3960,#3961,#3962,#3963));
#999=EDGE_LOOP('',(#3964));
#1000=ELLIPSE('',#4209,5.65685424949238,4.);
#1001=ELLIPSE('',#4210,5.65685424949238,4.);
#1002=ELLIPSE('',#4216,5.65685424949238,4.);
#1003=LINE('',#4805,#1330);
#1004=LINE('',#4809,#1331);
#1005=LINE('',#4820,#1332);
#1006=LINE('',#4823,#1333);
#1007=LINE('',#4825,#1334);
#1008=LINE('',#4826,#1335);
#1009=LINE('',#4828,#1336);
#1010=LINE('',#4829,#1337);
#1011=LINE('',#4834,#1338);
#1012=LINE('',#4835,#1339);
#1013=LINE('',#4838,#1340);
#1014=LINE('',#4840,#1341);
#1015=LINE('',#4842,#1342);
#1016=LINE('',#4843,#1343);
#1017=LINE('',#4845,#1344);
#1018=LINE('',#4848,#1345);
#1019=LINE('',#4850,#1346);
#1020=LINE('',#4888,#1347);
#1021=LINE('',#4950,#1348);
#1022=LINE('',#4976,#1349);
#1023=LINE('',#5032,#1350);
#1024=LINE('',#5034,#1351);
#1025=LINE('',#5036,#1352);
#1026=LINE('',#5086,#1353);
#1027=LINE('',#5088,#1354);
#1028=LINE('',#5090,#1355);
#1029=LINE('',#5092,#1356);
#1030=LINE('',#5094,#1357);
#1031=LINE('',#5096,#1358);
#1032=LINE('',#5104,#1359);
#1033=LINE('',#5106,#1360);
#1034=LINE('',#5132,#1361);
#1035=LINE('',#5164,#1362);
#1036=LINE('',#5184,#1363);
#1037=LINE('',#5186,#1364);
#1038=LINE('',#5224,#1365);
#1039=LINE('',#5280,#1366);
#1040=LINE('',#5282,#1367);
#1041=LINE('',#5320,#1368);
#1042=LINE('',#5376,#1369);
#1043=LINE('',#5384,#1370);
#1044=LINE('',#5410,#1371);
#1045=LINE('',#5442,#1372);
#1046=LINE('',#5444,#1373);
#1047=LINE('',#5445,#1374);
#1048=LINE('',#5448,#1375);
#1049=LINE('',#5450,#1376);
#1050=LINE('',#5452,#1377);
#1051=LINE('',#5454,#1378);
#1052=LINE('',#5492,#1379);
#1053=LINE('',#5536,#1380);
#1054=LINE('',#5538,#1381);
#1055=LINE('',#5540,#1382);
#1056=LINE('',#5542,#1383);
#1057=LINE('',#5622,#1384);
#1058=LINE('',#5624,#1385);
#1059=LINE('',#5650,#1386);
#1060=LINE('',#5676,#1387);
#1061=LINE('',#5678,#1388);
#1062=LINE('',#5680,#1389);
#1063=LINE('',#5688,#1390);
#1064=LINE('',#5690,#1391);
#1065=LINE('',#5692,#1392);
#1066=LINE('',#5697,#1393);
#1067=LINE('',#5717,#1394);
#1068=LINE('',#5724,#1395);
#1069=LINE('',#5742,#1396);
#1070=LINE('',#5765,#1397);
#1071=LINE('',#5788,#1398);
#1072=LINE('',#5796,#1399);
#1073=LINE('',#5798,#1400);
#1074=LINE('',#5799,#1401);
#1075=LINE('',#5817,#1402);
#1076=LINE('',#5840,#1403);
#1077=LINE('',#5863,#1404);
#1078=LINE('',#5870,#1405);
#1079=LINE('',#5871,#1406);
#1080=LINE('',#5874,#1407);
#1081=LINE('',#5876,#1408);
#1082=LINE('',#5877,#1409);
#1083=LINE('',#5889,#1410);
#1084=LINE('',#5906,#1411);
#1085=LINE('',#5923,#1412);
#1086=LINE('',#5940,#1413);
#1087=LINE('',#5957,#1414);
#1088=LINE('',#5974,#1415);
#1089=LINE('',#5991,#1416);
#1090=LINE('',#6008,#1417);
#1091=LINE('',#6025,#1418);
#1092=LINE('',#6033,#1419);
#1093=LINE('',#6034,#1420);
#1094=LINE('',#6046,#1421);
#1095=LINE('',#6063,#1422);
#1096=LINE('',#6080,#1423);
#1097=LINE('',#6097,#1424);
#1098=LINE('',#6114,#1425);
#1099=LINE('',#6131,#1426);
#1100=LINE('',#6138,#1427);
#1101=LINE('',#6142,#1428);
#1102=LINE('',#6144,#1429);
#1103=LINE('',#6145,#1430);
#1104=LINE('',#6148,#1431);
#1105=LINE('',#6149,#1432);
#1106=LINE('',#6161,#1433);
#1107=LINE('',#6169,#1434);
#1108=LINE('',#6170,#1435);
#1109=LINE('',#6173,#1436);
#1110=LINE('',#6174,#1437);
#1111=LINE('',#6177,#1438);
#1112=LINE('',#6178,#1439);
#1113=LINE('',#6190,#1440);
#1114=LINE('',#6207,#1441);
#1115=LINE('',#6224,#1442);
#1116=LINE('',#6241,#1443);
#1117=LINE('',#6249,#1444);
#1118=LINE('',#6250,#1445);
#1119=LINE('',#6262,#1446);
#1120=LINE('',#6279,#1447);
#1121=LINE('',#6296,#1448);
#1122=LINE('',#6313,#1449);
#1123=LINE('',#6321,#1450);
#1124=LINE('',#6322,#1451);
#1125=LINE('',#6325,#1452);
#1126=LINE('',#6326,#1453);
#1127=LINE('',#6329,#1454);
#1128=LINE('',#6330,#1455);
#1129=LINE('',#6344,#1456);
#1130=LINE('',#6351,#1457);
#1131=LINE('',#6363,#1458);
#1132=LINE('',#6380,#1459);
#1133=LINE('',#6397,#1460);
#1134=LINE('',#6405,#1461);
#1135=LINE('',#6406,#1462);
#1136=LINE('',#6418,#1463);
#1137=LINE('',#6435,#1464);
#1138=LINE('',#6452,#1465);
#1139=LINE('',#6469,#1466);
#1140=LINE('',#6486,#1467);
#1141=LINE('',#6494,#1468);
#1142=LINE('',#6495,#1469);
#1143=LINE('',#6507,#1470);
#1144=LINE('',#6524,#1471);
#1145=LINE('',#6541,#1472);
#1146=LINE('',#6558,#1473);
#1147=LINE('',#6566,#1474);
#1148=LINE('',#6567,#1475);
#1149=LINE('',#6570,#1476);
#1150=LINE('',#6571,#1477);
#1151=LINE('',#6583,#1478);
#1152=LINE('',#6591,#1479);
#1153=LINE('',#6592,#1480);
#1154=LINE('',#6595,#1481);
#1155=LINE('',#6596,#1482);
#1156=LINE('',#6599,#1483);
#1157=LINE('',#6600,#1484);
#1158=LINE('',#6603,#1485);
#1159=LINE('',#6604,#1486);
#1160=LINE('',#6607,#1487);
#1161=LINE('',#6608,#1488);
#1162=LINE('',#6611,#1489);
#1163=LINE('',#6612,#1490);
#1164=LINE('',#6624,#1491);
#1165=LINE('',#6641,#1492);
#1166=LINE('',#6658,#1493);
#1167=LINE('',#6675,#1494);
#1168=LINE('',#6692,#1495);
#1169=LINE('',#6709,#1496);
#1170=LINE('',#6726,#1497);
#1171=LINE('',#6743,#1498);
#1172=LINE('',#6751,#1499);
#1173=LINE('',#6752,#1500);
#1174=LINE('',#6755,#1501);
#1175=LINE('',#6756,#1502);
#1176=LINE('',#6759,#1503);
#1177=LINE('',#6760,#1504);
#1178=LINE('',#6772,#1505);
#1179=LINE('',#6789,#1506);
#1180=LINE('',#6806,#1507);
#1181=LINE('',#6823,#1508);
#1182=LINE('',#6840,#1509);
#1183=LINE('',#6857,#1510);
#1184=LINE('',#6874,#1511);
#1185=LINE('',#6891,#1512);
#1186=LINE('',#6908,#1513);
#1187=LINE('',#6916,#1514);
#1188=LINE('',#6917,#1515);
#1189=LINE('',#6929,#1516);
#1190=LINE('',#6946,#1517);
#1191=LINE('',#6963,#1518);
#1192=LINE('',#6980,#1519);
#1193=LINE('',#6987,#1520);
#1194=LINE('',#7007,#1521);
#1195=LINE('',#7014,#1522);
#1196=LINE('',#7032,#1523);
#1197=LINE('',#7055,#1524);
#1198=LINE('',#7078,#1525);
#1199=LINE('',#7086,#1526);
#1200=LINE('',#7088,#1527);
#1201=LINE('',#7089,#1528);
#1202=LINE('',#7107,#1529);
#1203=LINE('',#7130,#1530);
#1204=LINE('',#7153,#1531);
#1205=LINE('',#7160,#1532);
#1206=LINE('',#7161,#1533);
#1207=LINE('',#7164,#1534);
#1208=LINE('',#7166,#1535);
#1209=LINE('',#7167,#1536);
#1210=LINE('',#7179,#1537);
#1211=LINE('',#7196,#1538);
#1212=LINE('',#7213,#1539);
#1213=LINE('',#7230,#1540);
#1214=LINE('',#7247,#1541);
#1215=LINE('',#7264,#1542);
#1216=LINE('',#7281,#1543);
#1217=LINE('',#7298,#1544);
#1218=LINE('',#7315,#1545);
#1219=LINE('',#7323,#1546);
#1220=LINE('',#7324,#1547);
#1221=LINE('',#7336,#1548);
#1222=LINE('',#7353,#1549);
#1223=LINE('',#7370,#1550);
#1224=LINE('',#7387,#1551);
#1225=LINE('',#7404,#1552);
#1226=LINE('',#7421,#1553);
#1227=LINE('',#7428,#1554);
#1228=LINE('',#7448,#1555);
#1229=LINE('',#7455,#1556);
#1230=LINE('',#7473,#1557);
#1231=LINE('',#7496,#1558);
#1232=LINE('',#7519,#1559);
#1233=LINE('',#7527,#1560);
#1234=LINE('',#7529,#1561);
#1235=LINE('',#7530,#1562);
#1236=LINE('',#7548,#1563);
#1237=LINE('',#7571,#1564);
#1238=LINE('',#7594,#1565);
#1239=LINE('',#7601,#1566);
#1240=LINE('',#7602,#1567);
#1241=LINE('',#7605,#1568);
#1242=LINE('',#7607,#1569);
#1243=LINE('',#7608,#1570);
#1244=LINE('',#7620,#1571);
#1245=LINE('',#7637,#1572);
#1246=LINE('',#7654,#1573);
#1247=LINE('',#7671,#1574);
#1248=LINE('',#7688,#1575);
#1249=LINE('',#7705,#1576);
#1250=LINE('',#7722,#1577);
#1251=LINE('',#7739,#1578);
#1252=LINE('',#7756,#1579);
#1253=LINE('',#7764,#1580);
#1254=LINE('',#7765,#1581);
#1255=LINE('',#7777,#1582);
#1256=LINE('',#7794,#1583);
#1257=LINE('',#7811,#1584);
#1258=LINE('',#7828,#1585);
#1259=LINE('',#7845,#1586);
#1260=LINE('',#7862,#1587);
#1261=LINE('',#7869,#1588);
#1262=LINE('',#7873,#1589);
#1263=LINE('',#7875,#1590);
#1264=LINE('',#7876,#1591);
#1265=LINE('',#7879,#1592);
#1266=LINE('',#7880,#1593);
#1267=LINE('',#7883,#1594);
#1268=LINE('',#7884,#1595);
#1269=LINE('',#7887,#1596);
#1270=LINE('',#7888,#1597);
#1271=LINE('',#7900,#1598);
#1272=LINE('',#7917,#1599);
#1273=LINE('',#7934,#1600);
#1274=LINE('',#7951,#1601);
#1275=LINE('',#7968,#1602);
#1276=LINE('',#7976,#1603);
#1277=LINE('',#7977,#1604);
#1278=LINE('',#7989,#1605);
#1279=LINE('',#8006,#1606);
#1280=LINE('',#8023,#1607);
#1281=LINE('',#8040,#1608);
#1282=LINE('',#8048,#1609);
#1283=LINE('',#8049,#1610);
#1284=LINE('',#8068,#1611);
#1285=LINE('',#8070,#1612);
#1286=LINE('',#8071,#1613);
#1287=LINE('',#8083,#1614);
#1288=LINE('',#8100,#1615);
#1289=LINE('',#8117,#1616);
#1290=LINE('',#8134,#1617);
#1291=LINE('',#8151,#1618);
#1292=LINE('',#8168,#1619);
#1293=LINE('',#8185,#1620);
#1294=LINE('',#8202,#1621);
#1295=LINE('',#8219,#1622);
#1296=LINE('',#8236,#1623);
#1297=LINE('',#8253,#1624);
#1298=LINE('',#8270,#1625);
#1299=LINE('',#8287,#1626);
#1300=LINE('',#8295,#1627);
#1301=LINE('',#8296,#1628);
#1302=LINE('',#8299,#1629);
#1303=LINE('',#8300,#1630);
#1304=LINE('',#8303,#1631);
#1305=LINE('',#8304,#1632);
#1306=LINE('',#8307,#1633);
#1307=LINE('',#8308,#1634);
#1308=LINE('',#8320,#1635);
#1309=LINE('',#8337,#1636);
#1310=LINE('',#8354,#1637);
#1311=LINE('',#8371,#1638);
#1312=LINE('',#8388,#1639);
#1313=LINE('',#8405,#1640);
#1314=LINE('',#8422,#1641);
#1315=LINE('',#8430,#1642);
#1316=LINE('',#8431,#1643);
#1317=LINE('',#8443,#1644);
#1318=LINE('',#8460,#1645);
#1319=LINE('',#8477,#1646);
#1320=LINE('',#8494,#1647);
#1321=LINE('',#8511,#1648);
#1322=LINE('',#8528,#1649);
#1323=LINE('',#8536,#1650);
#1324=LINE('',#8537,#1651);
#1325=LINE('',#8540,#1652);
#1326=LINE('',#8541,#1653);
#1327=LINE('',#8543,#1654);
#1328=LINE('',#8550,#1655);
#1329=LINE('',#8553,#1656);
#1330=VECTOR('',#4300,10.);
#1331=VECTOR('',#4303,10.);
#1332=VECTOR('',#4316,10.);
#1333=VECTOR('',#4319,10.);
#1334=VECTOR('',#4322,10.);
#1335=VECTOR('',#4323,10.);
#1336=VECTOR('',#4326,10.);
#1337=VECTOR('',#4327,10.);
#1338=VECTOR('',#4332,10.);
#1339=VECTOR('',#4333,10.);
#1340=VECTOR('',#4336,10.);
#1341=VECTOR('',#4337,10.);
#1342=VECTOR('',#4338,10.);
#1343=VECTOR('',#4339,10.);
#1344=VECTOR('',#4342,10.);
#1345=VECTOR('',#4343,10.);
#1346=VECTOR('',#4344,10.);
#1347=VECTOR('',#4345,10.);
#1348=VECTOR('',#4346,10.);
#1349=VECTOR('',#4347,10.);
#1350=VECTOR('',#4348,10.);
#1351=VECTOR('',#4349,10.);
#1352=VECTOR('',#4350,10.);
#1353=VECTOR('',#4351,10.);
#1354=VECTOR('',#4352,10.);
#1355=VECTOR('',#4353,10.);
#1356=VECTOR('',#4354,10.);
#1357=VECTOR('',#4355,10.);
#1358=VECTOR('',#4356,10.);
#1359=VECTOR('',#4357,10.);
#1360=VECTOR('',#4358,10.);
#1361=VECTOR('',#4359,10.);
#1362=VECTOR('',#4360,10.);
#1363=VECTOR('',#4361,10.);
#1364=VECTOR('',#4362,10.);
#1365=VECTOR('',#4363,10.);
#1366=VECTOR('',#4364,10.);
#1367=VECTOR('',#4365,10.);
#1368=VECTOR('',#4366,10.);
#1369=VECTOR('',#4367,10.);
#1370=VECTOR('',#4368,10.);
#1371=VECTOR('',#4369,10.);
#1372=VECTOR('',#4370,10.);
#1373=VECTOR('',#4371,10.);
#1374=VECTOR('',#4372,10.);
#1375=VECTOR('',#4373,10.);
#1376=VECTOR('',#4374,10.);
#1377=VECTOR('',#4375,10.);
#1378=VECTOR('',#4376,10.);
#1379=VECTOR('',#4377,10.);
#1380=VECTOR('',#4378,10.);
#1381=VECTOR('',#4379,10.);
#1382=VECTOR('',#4380,10.);
#1383=VECTOR('',#4381,10.);
#1384=VECTOR('',#4382,10.);
#1385=VECTOR('',#4383,10.);
#1386=VECTOR('',#4384,10.);
#1387=VECTOR('',#4385,10.);
#1388=VECTOR('',#4386,10.);
#1389=VECTOR('',#4387,10.);
#1390=VECTOR('',#4388,10.);
#1391=VECTOR('',#4389,10.);
#1392=VECTOR('',#4390,10.);
#1393=VECTOR('',#4397,10.);
#1394=VECTOR('',#4400,10.);
#1395=VECTOR('',#4401,10.);
#1396=VECTOR('',#4402,10.);
#1397=VECTOR('',#4403,10.);
#1398=VECTOR('',#4404,10.);
#1399=VECTOR('',#4407,10.);
#1400=VECTOR('',#4408,10.);
#1401=VECTOR('',#4409,10.);
#1402=VECTOR('',#4410,10.);
#1403=VECTOR('',#4411,10.);
#1404=VECTOR('',#4412,10.);
#1405=VECTOR('',#4415,10.);
#1406=VECTOR('',#4416,10.);
#1407=VECTOR('',#4419,10.);
#1408=VECTOR('',#4420,10.);
#1409=VECTOR('',#4421,10.);
#1410=VECTOR('',#4422,10.);
#1411=VECTOR('',#4423,10.);
#1412=VECTOR('',#4424,10.);
#1413=VECTOR('',#4425,10.);
#1414=VECTOR('',#4426,10.);
#1415=VECTOR('',#4427,10.);
#1416=VECTOR('',#4428,10.);
#1417=VECTOR('',#4429,10.);
#1418=VECTOR('',#4430,10.);
#1419=VECTOR('',#4433,10.);
#1420=VECTOR('',#4434,10.);
#1421=VECTOR('',#4435,10.);
#1422=VECTOR('',#4436,10.);
#1423=VECTOR('',#4437,10.);
#1424=VECTOR('',#4438,10.);
#1425=VECTOR('',#4439,10.);
#1426=VECTOR('',#4440,10.);
#1427=VECTOR('',#4443,10.);
#1428=VECTOR('',#4448,10.);
#1429=VECTOR('',#4449,10.);
#1430=VECTOR('',#4450,10.);
#1431=VECTOR('',#4453,10.);
#1432=VECTOR('',#4454,10.);
#1433=VECTOR('',#4455,10.);
#1434=VECTOR('',#4458,10.);
#1435=VECTOR('',#4459,10.);
#1436=VECTOR('',#4462,10.);
#1437=VECTOR('',#4463,10.);
#1438=VECTOR('',#4466,10.);
#1439=VECTOR('',#4467,10.);
#1440=VECTOR('',#4468,10.);
#1441=VECTOR('',#4469,10.);
#1442=VECTOR('',#4470,10.);
#1443=VECTOR('',#4471,10.);
#1444=VECTOR('',#4474,10.);
#1445=VECTOR('',#4475,10.);
#1446=VECTOR('',#4476,10.);
#1447=VECTOR('',#4477,10.);
#1448=VECTOR('',#4478,10.);
#1449=VECTOR('',#4479,10.);
#1450=VECTOR('',#4482,10.);
#1451=VECTOR('',#4483,10.);
#1452=VECTOR('',#4486,10.);
#1453=VECTOR('',#4487,10.);
#1454=VECTOR('',#4490,10.);
#1455=VECTOR('',#4491,10.);
#1456=VECTOR('',#4496,10.);
#1457=VECTOR('',#4497,10.);
#1458=VECTOR('',#4498,10.);
#1459=VECTOR('',#4499,10.);
#1460=VECTOR('',#4500,10.);
#1461=VECTOR('',#4503,10.);
#1462=VECTOR('',#4504,10.);
#1463=VECTOR('',#4505,10.);
#1464=VECTOR('',#4506,10.);
#1465=VECTOR('',#4507,10.);
#1466=VECTOR('',#4508,10.);
#1467=VECTOR('',#4509,10.);
#1468=VECTOR('',#4512,10.);
#1469=VECTOR('',#4513,10.);
#1470=VECTOR('',#4514,10.);
#1471=VECTOR('',#4515,10.);
#1472=VECTOR('',#4516,10.);
#1473=VECTOR('',#4517,10.);
#1474=VECTOR('',#4520,10.);
#1475=VECTOR('',#4521,10.);
#1476=VECTOR('',#4524,10.);
#1477=VECTOR('',#4525,10.);
#1478=VECTOR('',#4526,10.);
#1479=VECTOR('',#4529,10.);
#1480=VECTOR('',#4530,10.);
#1481=VECTOR('',#4533,10.);
#1482=VECTOR('',#4534,10.);
#1483=VECTOR('',#4537,10.);
#1484=VECTOR('',#4538,10.);
#1485=VECTOR('',#4541,10.);
#1486=VECTOR('',#4542,10.);
#1487=VECTOR('',#4545,10.);
#1488=VECTOR('',#4546,10.);
#1489=VECTOR('',#4549,10.);
#1490=VECTOR('',#4550,10.);
#1491=VECTOR('',#4551,10.);
#1492=VECTOR('',#4552,10.);
#1493=VECTOR('',#4553,10.);
#1494=VECTOR('',#4554,10.);
#1495=VECTOR('',#4555,10.);
#1496=VECTOR('',#4556,10.);
#1497=VECTOR('',#4557,10.);
#1498=VECTOR('',#4558,10.);
#1499=VECTOR('',#4561,10.);
#1500=VECTOR('',#4562,10.);
#1501=VECTOR('',#4565,10.);
#1502=VECTOR('',#4566,10.);
#1503=VECTOR('',#4569,10.);
#1504=VECTOR('',#4570,10.);
#1505=VECTOR('',#4571,10.);
#1506=VECTOR('',#4572,10.);
#1507=VECTOR('',#4573,10.);
#1508=VECTOR('',#4574,10.);
#1509=VECTOR('',#4575,10.);
#1510=VECTOR('',#4576,10.);
#1511=VECTOR('',#4577,10.);
#1512=VECTOR('',#4578,10.);
#1513=VECTOR('',#4579,10.);
#1514=VECTOR('',#4582,10.);
#1515=VECTOR('',#4583,10.);
#1516=VECTOR('',#4584,10.);
#1517=VECTOR('',#4585,10.);
#1518=VECTOR('',#4586,10.);
#1519=VECTOR('',#4587,10.);
#1520=VECTOR('',#4590,10.);
#1521=VECTOR('',#4593,10.);
#1522=VECTOR('',#4594,10.);
#1523=VECTOR('',#4595,10.);
#1524=VECTOR('',#4596,10.);
#1525=VECTOR('',#4597,10.);
#1526=VECTOR('',#4600,10.);
#1527=VECTOR('',#4601,10.);
#1528=VECTOR('',#4602,10.);
#1529=VECTOR('',#4603,10.);
#1530=VECTOR('',#4604,10.);
#1531=VECTOR('',#4605,10.);
#1532=VECTOR('',#4608,10.);
#1533=VECTOR('',#4609,10.);
#1534=VECTOR('',#4612,10.);
#1535=VECTOR('',#4613,10.);
#1536=VECTOR('',#4614,10.);
#1537=VECTOR('',#4615,10.);
#1538=VECTOR('',#4616,10.);
#1539=VECTOR('',#4617,10.);
#1540=VECTOR('',#4618,10.);
#1541=VECTOR('',#4619,10.);
#1542=VECTOR('',#4620,10.);
#1543=VECTOR('',#4621,10.);
#1544=VECTOR('',#4622,10.);
#1545=VECTOR('',#4623,10.);
#1546=VECTOR('',#4626,10.);
#1547=VECTOR('',#4627,10.);
#1548=VECTOR('',#4628,10.);
#1549=VECTOR('',#4629,10.);
#1550=VECTOR('',#4630,10.);
#1551=VECTOR('',#4631,10.);
#1552=VECTOR('',#4632,10.);
#1553=VECTOR('',#4633,10.);
#1554=VECTOR('',#4636,10.);
#1555=VECTOR('',#4639,10.);
#1556=VECTOR('',#4640,10.);
#1557=VECTOR('',#4641,10.);
#1558=VECTOR('',#4642,10.);
#1559=VECTOR('',#4643,10.);
#1560=VECTOR('',#4646,10.);
#1561=VECTOR('',#4647,10.);
#1562=VECTOR('',#4648,10.);
#1563=VECTOR('',#4649,10.);
#1564=VECTOR('',#4650,10.);
#1565=VECTOR('',#4651,10.);
#1566=VECTOR('',#4654,10.);
#1567=VECTOR('',#4655,10.);
#1568=VECTOR('',#4658,10.);
#1569=VECTOR('',#4659,10.);
#1570=VECTOR('',#4660,10.);
#1571=VECTOR('',#4661,10.);
#1572=VECTOR('',#4662,10.);
#1573=VECTOR('',#4663,10.);
#1574=VECTOR('',#4664,10.);
#1575=VECTOR('',#4665,10.);
#1576=VECTOR('',#4666,10.);
#1577=VECTOR('',#4667,10.);
#1578=VECTOR('',#4668,10.);
#1579=VECTOR('',#4669,10.);
#1580=VECTOR('',#4672,10.);
#1581=VECTOR('',#4673,10.);
#1582=VECTOR('',#4674,10.);
#1583=VECTOR('',#4675,10.);
#1584=VECTOR('',#4676,10.);
#1585=VECTOR('',#4677,10.);
#1586=VECTOR('',#4678,10.);
#1587=VECTOR('',#4679,10.);
#1588=VECTOR('',#4682,10.);
#1589=VECTOR('',#4687,10.);
#1590=VECTOR('',#4688,10.);
#1591=VECTOR('',#4689,10.);
#1592=VECTOR('',#4692,10.);
#1593=VECTOR('',#4693,10.);
#1594=VECTOR('',#4696,10.);
#1595=VECTOR('',#4697,10.);
#1596=VECTOR('',#4700,10.);
#1597=VECTOR('',#4701,10.);
#1598=VECTOR('',#4702,10.);
#1599=VECTOR('',#4703,10.);
#1600=VECTOR('',#4704,10.);
#1601=VECTOR('',#4705,10.);
#1602=VECTOR('',#4706,10.);
#1603=VECTOR('',#4709,10.);
#1604=VECTOR('',#4710,10.);
#1605=VECTOR('',#4711,10.);
#1606=VECTOR('',#4712,10.);
#1607=VECTOR('',#4713,10.);
#1608=VECTOR('',#4714,10.);
#1609=VECTOR('',#4717,10.);
#1610=VECTOR('',#4718,10.);
#1611=VECTOR('',#4723,10.);
#1612=VECTOR('',#4724,10.);
#1613=VECTOR('',#4725,10.);
#1614=VECTOR('',#4726,10.);
#1615=VECTOR('',#4727,10.);
#1616=VECTOR('',#4728,10.);
#1617=VECTOR('',#4729,10.);
#1618=VECTOR('',#4730,10.);
#1619=VECTOR('',#4731,10.);
#1620=VECTOR('',#4732,10.);
#1621=VECTOR('',#4733,10.);
#1622=VECTOR('',#4734,10.);
#1623=VECTOR('',#4735,10.);
#1624=VECTOR('',#4736,10.);
#1625=VECTOR('',#4737,10.);
#1626=VECTOR('',#4738,10.);
#1627=VECTOR('',#4741,10.);
#1628=VECTOR('',#4742,10.);
#1629=VECTOR('',#4745,10.);
#1630=VECTOR('',#4746,10.);
#1631=VECTOR('',#4749,10.);
#1632=VECTOR('',#4750,10.);
#1633=VECTOR('',#4753,10.);
#1634=VECTOR('',#4754,10.);
#1635=VECTOR('',#4755,10.);
#1636=VECTOR('',#4756,10.);
#1637=VECTOR('',#4757,10.);
#1638=VECTOR('',#4758,10.);
#1639=VECTOR('',#4759,10.);
#1640=VECTOR('',#4760,10.);
#1641=VECTOR('',#4761,10.);
#1642=VECTOR('',#4764,10.);
#1643=VECTOR('',#4765,10.);
#1644=VECTOR('',#4766,10.);
#1645=VECTOR('',#4767,10.);
#1646=VECTOR('',#4768,10.);
#1647=VECTOR('',#4769,10.);
#1648=VECTOR('',#4770,10.);
#1649=VECTOR('',#4771,10.);
#1650=VECTOR('',#4774,10.);
#1651=VECTOR('',#4775,10.);
#1652=VECTOR('',#4778,10.);
#1653=VECTOR('',#4779,10.);
#1654=VECTOR('',#4782,10.);
#1655=VECTOR('',#4793,2.5);
#1656=VECTOR('',#4798,10.);
#1657=VERTEX_POINT('',#4803);
#1658=VERTEX_POINT('',#4804);
#1659=VERTEX_POINT('',#4806);
#1660=VERTEX_POINT('',#4808);
#1661=VERTEX_POINT('',#4812);
#1662=VERTEX_POINT('',#4813);
#1663=VERTEX_POINT('',#4815);
#1664=VERTEX_POINT('',#4819);
#1665=VERTEX_POINT('',#4821);
#1666=VERTEX_POINT('',#4831);
#1667=VERTEX_POINT('',#4832);
#1668=VERTEX_POINT('',#4837);
#1669=VERTEX_POINT('',#4839);
#1670=VERTEX_POINT('',#4841);
#1671=VERTEX_POINT('',#4846);
#1672=VERTEX_POINT('',#4847);
#1673=VERTEX_POINT('',#4849);
#1674=VERTEX_POINT('',#4851);
#1675=VERTEX_POINT('',#4857);
#1676=VERTEX_POINT('',#4863);
#1677=VERTEX_POINT('',#4869);
#1678=VERTEX_POINT('',#4875);
#1679=VERTEX_POINT('',#4881);
#1680=VERTEX_POINT('',#4887);
#1681=VERTEX_POINT('',#4889);
#1682=VERTEX_POINT('',#4895);
#1683=VERTEX_POINT('',#4901);
#1684=VERTEX_POINT('',#4907);
#1685=VERTEX_POINT('',#4913);
#1686=VERTEX_POINT('',#4919);
#1687=VERTEX_POINT('',#4925);
#1688=VERTEX_POINT('',#4931);
#1689=VERTEX_POINT('',#4942);
#1690=VERTEX_POINT('',#4943);
#1691=VERTEX_POINT('',#4949);
#1692=VERTEX_POINT('',#4951);
#1693=VERTEX_POINT('',#4957);
#1694=VERTEX_POINT('',#4963);
#1695=VERTEX_POINT('',#4969);
#1696=VERTEX_POINT('',#4975);
#1697=VERTEX_POINT('',#4977);
#1698=VERTEX_POINT('',#4983);
#1699=VERTEX_POINT('',#4989);
#1700=VERTEX_POINT('',#4995);
#1701=VERTEX_POINT('',#5001);
#1702=VERTEX_POINT('',#5007);
#1703=VERTEX_POINT('',#5013);
#1704=VERTEX_POINT('',#5019);
#1705=VERTEX_POINT('',#5025);
#1706=VERTEX_POINT('',#5031);
#1707=VERTEX_POINT('',#5033);
#1708=VERTEX_POINT('',#5035);
#1709=VERTEX_POINT('',#5037);
#1710=VERTEX_POINT('',#5043);
#1711=VERTEX_POINT('',#5049);
#1712=VERTEX_POINT('',#5055);
#1713=VERTEX_POINT('',#5061);
#1714=VERTEX_POINT('',#5067);
#1715=VERTEX_POINT('',#5073);
#1716=VERTEX_POINT('',#5079);
#1717=VERTEX_POINT('',#5085);
#1718=VERTEX_POINT('',#5087);
#1719=VERTEX_POINT('',#5089);
#1720=VERTEX_POINT('',#5091);
#1721=VERTEX_POINT('',#5093);
#1722=VERTEX_POINT('',#5095);
#1723=VERTEX_POINT('',#5097);
#1724=VERTEX_POINT('',#5103);
#1725=VERTEX_POINT('',#5105);
#1726=VERTEX_POINT('',#5107);
#1727=VERTEX_POINT('',#5113);
#1728=VERTEX_POINT('',#5119);
#1729=VERTEX_POINT('',#5125);
#1730=VERTEX_POINT('',#5131);
#1731=VERTEX_POINT('',#5133);
#1732=VERTEX_POINT('',#5139);
#1733=VERTEX_POINT('',#5145);
#1734=VERTEX_POINT('',#5151);
#1735=VERTEX_POINT('',#5157);
#1736=VERTEX_POINT('',#5163);
#1737=VERTEX_POINT('',#5165);
#1738=VERTEX_POINT('',#5171);
#1739=VERTEX_POINT('',#5182);
#1740=VERTEX_POINT('',#5183);
#1741=VERTEX_POINT('',#5185);
#1742=VERTEX_POINT('',#5187);
#1743=VERTEX_POINT('',#5193);
#1744=VERTEX_POINT('',#5199);
#1745=VERTEX_POINT('',#5205);
#1746=VERTEX_POINT('',#5211);
#1747=VERTEX_POINT('',#5217);
#1748=VERTEX_POINT('',#5223);
#1749=VERTEX_POINT('',#5225);
#1750=VERTEX_POINT('',#5231);
#1751=VERTEX_POINT('',#5237);
#1752=VERTEX_POINT('',#5243);
#1753=VERTEX_POINT('',#5249);
#1754=VERTEX_POINT('',#5255);
#1755=VERTEX_POINT('',#5261);
#1756=VERTEX_POINT('',#5267);
#1757=VERTEX_POINT('',#5278);
#1758=VERTEX_POINT('',#5279);
#1759=VERTEX_POINT('',#5281);
#1760=VERTEX_POINT('',#5283);
#1761=VERTEX_POINT('',#5289);
#1762=VERTEX_POINT('',#5295);
#1763=VERTEX_POINT('',#5301);
#1764=VERTEX_POINT('',#5307);
#1765=VERTEX_POINT('',#5313);
#1766=VERTEX_POINT('',#5319);
#1767=VERTEX_POINT('',#5321);
#1768=VERTEX_POINT('',#5327);
#1769=VERTEX_POINT('',#5333);
#1770=VERTEX_POINT('',#5339);
#1771=VERTEX_POINT('',#5345);
#1772=VERTEX_POINT('',#5351);
#1773=VERTEX_POINT('',#5357);
#1774=VERTEX_POINT('',#5363);
#1775=VERTEX_POINT('',#5374);
#1776=VERTEX_POINT('',#5375);
#1777=VERTEX_POINT('',#5377);
#1778=VERTEX_POINT('',#5383);
#1779=VERTEX_POINT('',#5385);
#1780=VERTEX_POINT('',#5391);
#1781=VERTEX_POINT('',#5397);
#1782=VERTEX_POINT('',#5403);
#1783=VERTEX_POINT('',#5409);
#1784=VERTEX_POINT('',#5411);
#1785=VERTEX_POINT('',#5417);
#1786=VERTEX_POINT('',#5423);
#1787=VERTEX_POINT('',#5429);
#1788=VERTEX_POINT('',#5435);
#1789=VERTEX_POINT('',#5441);
#1790=VERTEX_POINT('',#5443);
#1791=VERTEX_POINT('',#5446);
#1792=VERTEX_POINT('',#5447);
#1793=VERTEX_POINT('',#5449);
#1794=VERTEX_POINT('',#5451);
#1795=VERTEX_POINT('',#5453);
#1796=VERTEX_POINT('',#5455);
#1797=VERTEX_POINT('',#5461);
#1798=VERTEX_POINT('',#5467);
#1799=VERTEX_POINT('',#5473);
#1800=VERTEX_POINT('',#5479);
#1801=VERTEX_POINT('',#5485);
#1802=VERTEX_POINT('',#5491);
#1803=VERTEX_POINT('',#5493);
#1804=VERTEX_POINT('',#5499);
#1805=VERTEX_POINT('',#5505);
#1806=VERTEX_POINT('',#5511);
#1807=VERTEX_POINT('',#5517);
#1808=VERTEX_POINT('',#5523);
#1809=VERTEX_POINT('',#5529);
#1810=VERTEX_POINT('',#5535);
#1811=VERTEX_POINT('',#5537);
#1812=VERTEX_POINT('',#5539);
#1813=VERTEX_POINT('',#5541);
#1814=VERTEX_POINT('',#5543);
#1815=VERTEX_POINT('',#5549);
#1816=VERTEX_POINT('',#5555);
#1817=VERTEX_POINT('',#5561);
#1818=VERTEX_POINT('',#5567);
#1819=VERTEX_POINT('',#5573);
#1820=VERTEX_POINT('',#5579);
#1821=VERTEX_POINT('',#5585);
#1822=VERTEX_POINT('',#5591);
#1823=VERTEX_POINT('',#5597);
#1824=VERTEX_POINT('',#5603);
#1825=VERTEX_POINT('',#5609);
#1826=VERTEX_POINT('',#5620);
#1827=VERTEX_POINT('',#5621);
#1828=VERTEX_POINT('',#5623);
#1829=VERTEX_POINT('',#5625);
#1830=VERTEX_POINT('',#5631);
#1831=VERTEX_POINT('',#5637);
#1832=VERTEX_POINT('',#5643);
#1833=VERTEX_POINT('',#5649);
#1834=VERTEX_POINT('',#5651);
#1835=VERTEX_POINT('',#5657);
#1836=VERTEX_POINT('',#5663);
#1837=VERTEX_POINT('',#5669);
#1838=VERTEX_POINT('',#5675);
#1839=VERTEX_POINT('',#5677);
#1840=VERTEX_POINT('',#5679);
#1841=VERTEX_POINT('',#5681);
#1842=VERTEX_POINT('',#5687);
#1843=VERTEX_POINT('',#5689);
#1844=VERTEX_POINT('',#5691);
#1845=VERTEX_POINT('',#5693);
#1846=VERTEX_POINT('',#5709);
#1847=VERTEX_POINT('',#5710);
#1848=VERTEX_POINT('',#5716);
#1849=VERTEX_POINT('',#5718);
#1850=VERTEX_POINT('',#5735);
#1851=VERTEX_POINT('',#5741);
#1852=VERTEX_POINT('',#5758);
#1853=VERTEX_POINT('',#5764);
#1854=VERTEX_POINT('',#5781);
#1855=VERTEX_POINT('',#5787);
#1856=VERTEX_POINT('',#5795);
#1857=VERTEX_POINT('',#5797);
#1858=VERTEX_POINT('',#5810);
#1859=VERTEX_POINT('',#5816);
#1860=VERTEX_POINT('',#5833);
#1861=VERTEX_POINT('',#5839);
#1862=VERTEX_POINT('',#5856);
#1863=VERTEX_POINT('',#5862);
#1864=VERTEX_POINT('',#5873);
#1865=VERTEX_POINT('',#5875);
#1866=VERTEX_POINT('',#5888);
#1867=VERTEX_POINT('',#5905);
#1868=VERTEX_POINT('',#5922);
#1869=VERTEX_POINT('',#5939);
#1870=VERTEX_POINT('',#5956);
#1871=VERTEX_POINT('',#5973);
#1872=VERTEX_POINT('',#5990);
#1873=VERTEX_POINT('',#6007);
#1874=VERTEX_POINT('',#6024);
#1875=VERTEX_POINT('',#6032);
#1876=VERTEX_POINT('',#6045);
#1877=VERTEX_POINT('',#6062);
#1878=VERTEX_POINT('',#6079);
#1879=VERTEX_POINT('',#6096);
#1880=VERTEX_POINT('',#6113);
#1881=VERTEX_POINT('',#6130);
#1882=VERTEX_POINT('',#6141);
#1883=VERTEX_POINT('',#6143);
#1884=VERTEX_POINT('',#6147);
#1885=VERTEX_POINT('',#6160);
#1886=VERTEX_POINT('',#6168);
#1887=VERTEX_POINT('',#6172);
#1888=VERTEX_POINT('',#6176);
#1889=VERTEX_POINT('',#6189);
#1890=VERTEX_POINT('',#6206);
#1891=VERTEX_POINT('',#6223);
#1892=VERTEX_POINT('',#6240);
#1893=VERTEX_POINT('',#6248);
#1894=VERTEX_POINT('',#6261);
#1895=VERTEX_POINT('',#6278);
#1896=VERTEX_POINT('',#6295);
#1897=VERTEX_POINT('',#6312);
#1898=VERTEX_POINT('',#6320);
#1899=VERTEX_POINT('',#6324);
#1900=VERTEX_POINT('',#6328);
#1901=VERTEX_POINT('',#6343);
#1902=VERTEX_POINT('',#6345);
#1903=VERTEX_POINT('',#6362);
#1904=VERTEX_POINT('',#6379);
#1905=VERTEX_POINT('',#6396);
#1906=VERTEX_POINT('',#6404);
#1907=VERTEX_POINT('',#6417);
#1908=VERTEX_POINT('',#6434);
#1909=VERTEX_POINT('',#6451);
#1910=VERTEX_POINT('',#6468);
#1911=VERTEX_POINT('',#6485);
#1912=VERTEX_POINT('',#6493);
#1913=VERTEX_POINT('',#6506);
#1914=VERTEX_POINT('',#6523);
#1915=VERTEX_POINT('',#6540);
#1916=VERTEX_POINT('',#6557);
#1917=VERTEX_POINT('',#6565);
#1918=VERTEX_POINT('',#6569);
#1919=VERTEX_POINT('',#6582);
#1920=VERTEX_POINT('',#6590);
#1921=VERTEX_POINT('',#6594);
#1922=VERTEX_POINT('',#6598);
#1923=VERTEX_POINT('',#6602);
#1924=VERTEX_POINT('',#6606);
#1925=VERTEX_POINT('',#6610);
#1926=VERTEX_POINT('',#6623);
#1927=VERTEX_POINT('',#6640);
#1928=VERTEX_POINT('',#6657);
#1929=VERTEX_POINT('',#6674);
#1930=VERTEX_POINT('',#6691);
#1931=VERTEX_POINT('',#6708);
#1932=VERTEX_POINT('',#6725);
#1933=VERTEX_POINT('',#6742);
#1934=VERTEX_POINT('',#6750);
#1935=VERTEX_POINT('',#6754);
#1936=VERTEX_POINT('',#6758);
#1937=VERTEX_POINT('',#6771);
#1938=VERTEX_POINT('',#6788);
#1939=VERTEX_POINT('',#6805);
#1940=VERTEX_POINT('',#6822);
#1941=VERTEX_POINT('',#6839);
#1942=VERTEX_POINT('',#6856);
#1943=VERTEX_POINT('',#6873);
#1944=VERTEX_POINT('',#6890);
#1945=VERTEX_POINT('',#6907);
#1946=VERTEX_POINT('',#6915);
#1947=VERTEX_POINT('',#6928);
#1948=VERTEX_POINT('',#6945);
#1949=VERTEX_POINT('',#6962);
#1950=VERTEX_POINT('',#6979);
#1951=VERTEX_POINT('',#6999);
#1952=VERTEX_POINT('',#7000);
#1953=VERTEX_POINT('',#7006);
#1954=VERTEX_POINT('',#7008);
#1955=VERTEX_POINT('',#7025);
#1956=VERTEX_POINT('',#7031);
#1957=VERTEX_POINT('',#7048);
#1958=VERTEX_POINT('',#7054);
#1959=VERTEX_POINT('',#7071);
#1960=VERTEX_POINT('',#7077);
#1961=VERTEX_POINT('',#7085);
#1962=VERTEX_POINT('',#7087);
#1963=VERTEX_POINT('',#7100);
#1964=VERTEX_POINT('',#7106);
#1965=VERTEX_POINT('',#7123);
#1966=VERTEX_POINT('',#7129);
#1967=VERTEX_POINT('',#7146);
#1968=VERTEX_POINT('',#7152);
#1969=VERTEX_POINT('',#7163);
#1970=VERTEX_POINT('',#7165);
#1971=VERTEX_POINT('',#7178);
#1972=VERTEX_POINT('',#7195);
#1973=VERTEX_POINT('',#7212);
#1974=VERTEX_POINT('',#7229);
#1975=VERTEX_POINT('',#7246);
#1976=VERTEX_POINT('',#7263);
#1977=VERTEX_POINT('',#7280);
#1978=VERTEX_POINT('',#7297);
#1979=VERTEX_POINT('',#7314);
#1980=VERTEX_POINT('',#7322);
#1981=VERTEX_POINT('',#7335);
#1982=VERTEX_POINT('',#7352);
#1983=VERTEX_POINT('',#7369);
#1984=VERTEX_POINT('',#7386);
#1985=VERTEX_POINT('',#7403);
#1986=VERTEX_POINT('',#7420);
#1987=VERTEX_POINT('',#7440);
#1988=VERTEX_POINT('',#7441);
#1989=VERTEX_POINT('',#7447);
#1990=VERTEX_POINT('',#7449);
#1991=VERTEX_POINT('',#7466);
#1992=VERTEX_POINT('',#7472);
#1993=VERTEX_POINT('',#7489);
#1994=VERTEX_POINT('',#7495);
#1995=VERTEX_POINT('',#7512);
#1996=VERTEX_POINT('',#7518);
#1997=VERTEX_POINT('',#7526);
#1998=VERTEX_POINT('',#7528);
#1999=VERTEX_POINT('',#7541);
#2000=VERTEX_POINT('',#7547);
#2001=VERTEX_POINT('',#7564);
#2002=VERTEX_POINT('',#7570);
#2003=VERTEX_POINT('',#7587);
#2004=VERTEX_POINT('',#7593);
#2005=VERTEX_POINT('',#7604);
#2006=VERTEX_POINT('',#7606);
#2007=VERTEX_POINT('',#7619);
#2008=VERTEX_POINT('',#7636);
#2009=VERTEX_POINT('',#7653);
#2010=VERTEX_POINT('',#7670);
#2011=VERTEX_POINT('',#7687);
#2012=VERTEX_POINT('',#7704);
#2013=VERTEX_POINT('',#7721);
#2014=VERTEX_POINT('',#7738);
#2015=VERTEX_POINT('',#7755);
#2016=VERTEX_POINT('',#7763);
#2017=VERTEX_POINT('',#7776);
#2018=VERTEX_POINT('',#7793);
#2019=VERTEX_POINT('',#7810);
#2020=VERTEX_POINT('',#7827);
#2021=VERTEX_POINT('',#7844);
#2022=VERTEX_POINT('',#7861);
#2023=VERTEX_POINT('',#7872);
#2024=VERTEX_POINT('',#7874);
#2025=VERTEX_POINT('',#7878);
#2026=VERTEX_POINT('',#7882);
#2027=VERTEX_POINT('',#7886);
#2028=VERTEX_POINT('',#7899);
#2029=VERTEX_POINT('',#7916);
#2030=VERTEX_POINT('',#7933);
#2031=VERTEX_POINT('',#7950);
#2032=VERTEX_POINT('',#7967);
#2033=VERTEX_POINT('',#7975);
#2034=VERTEX_POINT('',#7988);
#2035=VERTEX_POINT('',#8005);
#2036=VERTEX_POINT('',#8022);
#2037=VERTEX_POINT('',#8039);
#2038=VERTEX_POINT('',#8047);
#2039=VERTEX_POINT('',#8067);
#2040=VERTEX_POINT('',#8069);
#2041=VERTEX_POINT('',#8082);
#2042=VERTEX_POINT('',#8099);
#2043=VERTEX_POINT('',#8116);
#2044=VERTEX_POINT('',#8133);
#2045=VERTEX_POINT('',#8150);
#2046=VERTEX_POINT('',#8167);
#2047=VERTEX_POINT('',#8184);
#2048=VERTEX_POINT('',#8201);
#2049=VERTEX_POINT('',#8218);
#2050=VERTEX_POINT('',#8235);
#2051=VERTEX_POINT('',#8252);
#2052=VERTEX_POINT('',#8269);
#2053=VERTEX_POINT('',#8286);
#2054=VERTEX_POINT('',#8294);
#2055=VERTEX_POINT('',#8298);
#2056=VERTEX_POINT('',#8302);
#2057=VERTEX_POINT('',#8306);
#2058=VERTEX_POINT('',#8319);
#2059=VERTEX_POINT('',#8336);
#2060=VERTEX_POINT('',#8353);
#2061=VERTEX_POINT('',#8370);
#2062=VERTEX_POINT('',#8387);
#2063=VERTEX_POINT('',#8404);
#2064=VERTEX_POINT('',#8421);
#2065=VERTEX_POINT('',#8429);
#2066=VERTEX_POINT('',#8442);
#2067=VERTEX_POINT('',#8459);
#2068=VERTEX_POINT('',#8476);
#2069=VERTEX_POINT('',#8493);
#2070=VERTEX_POINT('',#8510);
#2071=VERTEX_POINT('',#8527);
#2072=VERTEX_POINT('',#8535);
#2073=VERTEX_POINT('',#8539);
#2074=VERTEX_POINT('',#8549);
#2075=EDGE_CURVE('',#1657,#1658,#1003,.T.);
#2076=EDGE_CURVE('',#1658,#1659,#1000,.T.);
#2077=EDGE_CURVE('',#1659,#1660,#1004,.T.);
#2078=EDGE_CURVE('',#1660,#1657,#1001,.T.);
#2079=EDGE_CURVE('',#1661,#1662,#534,.F.);
#2080=EDGE_CURVE('',#1663,#1661,#535,.F.);
#2081=EDGE_CURVE('',#1662,#1663,#536,.F.);
#2082=EDGE_CURVE('',#1658,#1664,#1005,.T.);
#2083=EDGE_CURVE('',#1664,#1665,#1002,.T.);
#2084=EDGE_CURVE('',#1665,#1659,#1006,.T.);
#2085=EDGE_CURVE('',#1664,#1663,#1007,.T.);
#2086=EDGE_CURVE('',#1661,#1665,#1008,.T.);
#2087=EDGE_CURVE('',#1660,#1662,#1009,.T.);
#2088=EDGE_CURVE('',#1663,#1657,#1010,.T.);
#2089=EDGE_CURVE('',#1666,#1667,#537,.T.);
#2090=EDGE_CURVE('',#1667,#1661,#1011,.T.);
#2091=EDGE_CURVE('',#1662,#1666,#1012,.T.);
#2092=EDGE_CURVE('',#1668,#1666,#1013,.T.);
#2093=EDGE_CURVE('',#1669,#1668,#1014,.T.);
#2094=EDGE_CURVE('',#1669,#1670,#1015,.T.);
#2095=EDGE_CURVE('',#1670,#1667,#1016,.T.);
#2096=EDGE_CURVE('',#1660,#1668,#1017,.T.);
#2097=EDGE_CURVE('',#1671,#1672,#1018,.T.);
#2098=EDGE_CURVE('',#1672,#1673,#1019,.T.);
#2099=EDGE_CURVE('',#1673,#1674,#172,.T.);
#2100=EDGE_CURVE('',#1674,#1675,#173,.T.);
#2101=EDGE_CURVE('',#1675,#1676,#174,.T.);
#2102=EDGE_CURVE('',#1676,#1677,#175,.T.);
#2103=EDGE_CURVE('',#1677,#1678,#176,.T.);
#2104=EDGE_CURVE('',#1678,#1679,#177,.T.);
#2105=EDGE_CURVE('',#1679,#1680,#1020,.T.);
#2106=EDGE_CURVE('',#1680,#1681,#178,.T.);
#2107=EDGE_CURVE('',#1681,#1682,#179,.T.);
#2108=EDGE_CURVE('',#1682,#1683,#180,.T.);
#2109=EDGE_CURVE('',#1683,#1684,#181,.T.);
#2110=EDGE_CURVE('',#1684,#1685,#182,.T.);
#2111=EDGE_CURVE('',#1685,#1686,#183,.T.);
#2112=EDGE_CURVE('',#1686,#1687,#184,.T.);
#2113=EDGE_CURVE('',#1687,#1688,#185,.T.);
#2114=EDGE_CURVE('',#1688,#1671,#186,.T.);
#2115=EDGE_CURVE('',#1689,#1690,#187,.T.);
#2116=EDGE_CURVE('',#1690,#1691,#1021,.T.);
#2117=EDGE_CURVE('',#1691,#1692,#188,.T.);
#2118=EDGE_CURVE('',#1692,#1693,#189,.T.);
#2119=EDGE_CURVE('',#1693,#1694,#190,.T.);
#2120=EDGE_CURVE('',#1694,#1695,#191,.T.);
#2121=EDGE_CURVE('',#1695,#1696,#1022,.T.);
#2122=EDGE_CURVE('',#1696,#1697,#192,.T.);
#2123=EDGE_CURVE('',#1697,#1698,#193,.T.);
#2124=EDGE_CURVE('',#1698,#1699,#194,.T.);
#2125=EDGE_CURVE('',#1699,#1700,#195,.T.);
#2126=EDGE_CURVE('',#1700,#1701,#196,.T.);
#2127=EDGE_CURVE('',#1701,#1702,#197,.T.);
#2128=EDGE_CURVE('',#1702,#1703,#198,.T.);
#2129=EDGE_CURVE('',#1703,#1704,#199,.T.);
#2130=EDGE_CURVE('',#1704,#1705,#200,.T.);
#2131=EDGE_CURVE('',#1705,#1706,#1023,.T.);
#2132=EDGE_CURVE('',#1706,#1707,#1024,.T.);
#2133=EDGE_CURVE('',#1707,#1708,#1025,.T.);
#2134=EDGE_CURVE('',#1708,#1709,#201,.T.);
#2135=EDGE_CURVE('',#1709,#1710,#202,.T.);
#2136=EDGE_CURVE('',#1710,#1711,#203,.T.);
#2137=EDGE_CURVE('',#1711,#1712,#204,.T.);
#2138=EDGE_CURVE('',#1712,#1713,#205,.T.);
#2139=EDGE_CURVE('',#1713,#1714,#206,.T.);
#2140=EDGE_CURVE('',#1714,#1715,#207,.T.);
#2141=EDGE_CURVE('',#1715,#1716,#208,.T.);
#2142=EDGE_CURVE('',#1716,#1717,#1026,.T.);
#2143=EDGE_CURVE('',#1717,#1718,#1027,.T.);
#2144=EDGE_CURVE('',#1718,#1719,#1028,.T.);
#2145=EDGE_CURVE('',#1719,#1720,#1029,.T.);
#2146=EDGE_CURVE('',#1720,#1721,#1030,.T.);
#2147=EDGE_CURVE('',#1721,#1722,#1031,.T.);
#2148=EDGE_CURVE('',#1722,#1723,#209,.T.);
#2149=EDGE_CURVE('',#1723,#1724,#1032,.T.);
#2150=EDGE_CURVE('',#1724,#1725,#1033,.T.);
#2151=EDGE_CURVE('',#1725,#1726,#210,.T.);
#2152=EDGE_CURVE('',#1726,#1727,#211,.T.);
#2153=EDGE_CURVE('',#1727,#1728,#212,.T.);
#2154=EDGE_CURVE('',#1728,#1729,#213,.T.);
#2155=EDGE_CURVE('',#1729,#1730,#1034,.T.);
#2156=EDGE_CURVE('',#1730,#1731,#214,.T.);
#2157=EDGE_CURVE('',#1731,#1732,#215,.T.);
#2158=EDGE_CURVE('',#1732,#1733,#216,.T.);
#2159=EDGE_CURVE('',#1733,#1734,#217,.T.);
#2160=EDGE_CURVE('',#1734,#1735,#218,.T.);
#2161=EDGE_CURVE('',#1735,#1736,#1035,.T.);
#2162=EDGE_CURVE('',#1736,#1737,#219,.T.);
#2163=EDGE_CURVE('',#1737,#1738,#220,.T.);
#2164=EDGE_CURVE('',#1738,#1689,#221,.T.);
#2165=EDGE_CURVE('',#1739,#1740,#1036,.T.);
#2166=EDGE_CURVE('',#1740,#1741,#1037,.T.);
#2167=EDGE_CURVE('',#1741,#1742,#222,.T.);
#2168=EDGE_CURVE('',#1742,#1743,#223,.T.);
#2169=EDGE_CURVE('',#1743,#1744,#224,.T.);
#2170=EDGE_CURVE('',#1744,#1745,#225,.T.);
#2171=EDGE_CURVE('',#1745,#1746,#226,.T.);
#2172=EDGE_CURVE('',#1746,#1747,#227,.T.);
#2173=EDGE_CURVE('',#1747,#1748,#1038,.T.);
#2174=EDGE_CURVE('',#1748,#1749,#228,.T.);
#2175=EDGE_CURVE('',#1749,#1750,#229,.T.);
#2176=EDGE_CURVE('',#1750,#1751,#230,.T.);
#2177=EDGE_CURVE('',#1751,#1752,#231,.T.);
#2178=EDGE_CURVE('',#1752,#1753,#232,.T.);
#2179=EDGE_CURVE('',#1753,#1754,#233,.T.);
#2180=EDGE_CURVE('',#1754,#1755,#234,.T.);
#2181=EDGE_CURVE('',#1755,#1756,#235,.T.);
#2182=EDGE_CURVE('',#1756,#1739,#236,.T.);
#2183=EDGE_CURVE('',#1757,#1758,#1039,.T.);
#2184=EDGE_CURVE('',#1758,#1759,#1040,.T.);
#2185=EDGE_CURVE('',#1759,#1760,#237,.T.);
#2186=EDGE_CURVE('',#1760,#1761,#238,.T.);
#2187=EDGE_CURVE('',#1761,#1762,#239,.T.);
#2188=EDGE_CURVE('',#1762,#1763,#240,.T.);
#2189=EDGE_CURVE('',#1763,#1764,#241,.T.);
#2190=EDGE_CURVE('',#1764,#1765,#242,.T.);
#2191=EDGE_CURVE('',#1765,#1766,#1041,.T.);
#2192=EDGE_CURVE('',#1766,#1767,#243,.T.);
#2193=EDGE_CURVE('',#1767,#1768,#244,.T.);
#2194=EDGE_CURVE('',#1768,#1769,#245,.T.);
#2195=EDGE_CURVE('',#1769,#1770,#246,.T.);
#2196=EDGE_CURVE('',#1770,#1771,#247,.T.);
#2197=EDGE_CURVE('',#1771,#1772,#248,.T.);
#2198=EDGE_CURVE('',#1772,#1773,#249,.T.);
#2199=EDGE_CURVE('',#1773,#1774,#250,.T.);
#2200=EDGE_CURVE('',#1774,#1757,#251,.T.);
#2201=EDGE_CURVE('',#1775,#1776,#1042,.T.);
#2202=EDGE_CURVE('',#1776,#1777,#252,.T.);
#2203=EDGE_CURVE('',#1777,#1778,#1043,.T.);
#2204=EDGE_CURVE('',#1778,#1779,#253,.T.);
#2205=EDGE_CURVE('',#1779,#1780,#254,.T.);
#2206=EDGE_CURVE('',#1780,#1781,#255,.T.);
#2207=EDGE_CURVE('',#1781,#1782,#256,.T.);
#2208=EDGE_CURVE('',#1782,#1783,#1044,.T.);
#2209=EDGE_CURVE('',#1783,#1784,#257,.T.);
#2210=EDGE_CURVE('',#1784,#1785,#258,.T.);
#2211=EDGE_CURVE('',#1785,#1786,#259,.T.);
#2212=EDGE_CURVE('',#1786,#1787,#260,.T.);
#2213=EDGE_CURVE('',#1787,#1788,#261,.T.);
#2214=EDGE_CURVE('',#1788,#1789,#1045,.T.);
#2215=EDGE_CURVE('',#1789,#1790,#1046,.T.);
#2216=EDGE_CURVE('',#1790,#1775,#1047,.T.);
#2217=EDGE_CURVE('',#1791,#1792,#1048,.T.);
#2218=EDGE_CURVE('',#1792,#1793,#1049,.T.);
#2219=EDGE_CURVE('',#1793,#1794,#1050,.T.);
#2220=EDGE_CURVE('',#1794,#1795,#1051,.T.);
#2221=EDGE_CURVE('',#1795,#1796,#262,.T.);
#2222=EDGE_CURVE('',#1796,#1797,#263,.T.);
#2223=EDGE_CURVE('',#1797,#1798,#264,.T.);
#2224=EDGE_CURVE('',#1798,#1799,#265,.T.);
#2225=EDGE_CURVE('',#1799,#1800,#266,.T.);
#2226=EDGE_CURVE('',#1800,#1801,#267,.T.);
#2227=EDGE_CURVE('',#1801,#1802,#1052,.T.);
#2228=EDGE_CURVE('',#1802,#1803,#268,.T.);
#2229=EDGE_CURVE('',#1803,#1804,#269,.T.);
#2230=EDGE_CURVE('',#1804,#1805,#270,.T.);
#2231=EDGE_CURVE('',#1805,#1806,#271,.T.);
#2232=EDGE_CURVE('',#1806,#1807,#272,.T.);
#2233=EDGE_CURVE('',#1807,#1808,#273,.T.);
#2234=EDGE_CURVE('',#1808,#1809,#274,.T.);
#2235=EDGE_CURVE('',#1809,#1810,#1053,.T.);
#2236=EDGE_CURVE('',#1810,#1811,#1054,.T.);
#2237=EDGE_CURVE('',#1811,#1812,#1055,.T.);
#2238=EDGE_CURVE('',#1812,#1813,#1056,.T.);
#2239=EDGE_CURVE('',#1813,#1814,#275,.T.);
#2240=EDGE_CURVE('',#1814,#1815,#276,.T.);
#2241=EDGE_CURVE('',#1815,#1816,#277,.T.);
#2242=EDGE_CURVE('',#1816,#1817,#278,.T.);
#2243=EDGE_CURVE('',#1817,#1818,#279,.T.);
#2244=EDGE_CURVE('',#1818,#1819,#280,.T.);
#2245=EDGE_CURVE('',#1819,#1820,#281,.T.);
#2246=EDGE_CURVE('',#1820,#1821,#282,.T.);
#2247=EDGE_CURVE('',#1821,#1822,#283,.T.);
#2248=EDGE_CURVE('',#1822,#1823,#284,.T.);
#2249=EDGE_CURVE('',#1823,#1824,#285,.T.);
#2250=EDGE_CURVE('',#1824,#1825,#286,.T.);
#2251=EDGE_CURVE('',#1825,#1791,#287,.T.);
#2252=EDGE_CURVE('',#1826,#1827,#1057,.T.);
#2253=EDGE_CURVE('',#1827,#1828,#1058,.T.);
#2254=EDGE_CURVE('',#1828,#1829,#288,.T.);
#2255=EDGE_CURVE('',#1829,#1830,#289,.T.);
#2256=EDGE_CURVE('',#1830,#1831,#290,.T.);
#2257=EDGE_CURVE('',#1831,#1832,#291,.T.);
#2258=EDGE_CURVE('',#1832,#1833,#1059,.T.);
#2259=EDGE_CURVE('',#1833,#1834,#292,.T.);
#2260=EDGE_CURVE('',#1834,#1835,#293,.T.);
#2261=EDGE_CURVE('',#1835,#1836,#294,.T.);
#2262=EDGE_CURVE('',#1836,#1837,#295,.T.);
#2263=EDGE_CURVE('',#1837,#1838,#1060,.T.);
#2264=EDGE_CURVE('',#1838,#1839,#1061,.T.);
#2265=EDGE_CURVE('',#1839,#1840,#1062,.T.);
#2266=EDGE_CURVE('',#1840,#1841,#296,.T.);
#2267=EDGE_CURVE('',#1841,#1842,#1063,.T.);
#2268=EDGE_CURVE('',#1842,#1843,#1064,.T.);
#2269=EDGE_CURVE('',#1843,#1844,#1065,.T.);
#2270=EDGE_CURVE('',#1844,#1845,#538,.T.);
#2271=EDGE_CURVE('',#1845,#1826,#539,.T.);
#2272=EDGE_CURVE('',#1659,#1669,#1066,.T.);
#2273=EDGE_CURVE('',#1846,#1847,#297,.T.);
#2274=EDGE_CURVE('',#1846,#1848,#1067,.T.);
#2275=EDGE_CURVE('',#1848,#1849,#298,.T.);
#2276=EDGE_CURVE('',#1847,#1849,#1068,.T.);
#2277=EDGE_CURVE('',#1850,#1846,#299,.T.);
#2278=EDGE_CURVE('',#1850,#1851,#1069,.T.);
#2279=EDGE_CURVE('',#1851,#1848,#300,.T.);
#2280=EDGE_CURVE('',#1852,#1850,#301,.T.);
#2281=EDGE_CURVE('',#1852,#1853,#1070,.T.);
#2282=EDGE_CURVE('',#1853,#1851,#302,.T.);
#2283=EDGE_CURVE('',#1854,#1852,#303,.T.);
#2284=EDGE_CURVE('',#1854,#1855,#1071,.T.);
#2285=EDGE_CURVE('',#1855,#1853,#304,.T.);
#2286=EDGE_CURVE('',#1856,#1854,#1072,.T.);
#2287=EDGE_CURVE('',#1856,#1857,#1073,.T.);
#2288=EDGE_CURVE('',#1857,#1855,#1074,.T.);
#2289=EDGE_CURVE('',#1858,#1856,#305,.T.);
#2290=EDGE_CURVE('',#1858,#1859,#1075,.T.);
#2291=EDGE_CURVE('',#1859,#1857,#306,.T.);
#2292=EDGE_CURVE('',#1860,#1858,#307,.T.);
#2293=EDGE_CURVE('',#1860,#1861,#1076,.T.);
#2294=EDGE_CURVE('',#1861,#1859,#308,.T.);
#2295=EDGE_CURVE('',#1862,#1860,#309,.T.);
#2296=EDGE_CURVE('',#1862,#1863,#1077,.T.);
#2297=EDGE_CURVE('',#1863,#1861,#310,.T.);
#2298=EDGE_CURVE('',#1847,#1862,#1078,.T.);
#2299=EDGE_CURVE('',#1849,#1863,#1079,.T.);
#2300=EDGE_CURVE('',#1671,#1864,#1080,.T.);
#2301=EDGE_CURVE('',#1864,#1865,#1081,.T.);
#2302=EDGE_CURVE('',#1672,#1865,#1082,.T.);
#2303=EDGE_CURVE('',#1688,#1866,#1083,.T.);
#2304=EDGE_CURVE('',#1866,#1864,#311,.T.);
#2305=EDGE_CURVE('',#1687,#1867,#1084,.T.);
#2306=EDGE_CURVE('',#1867,#1866,#312,.T.);
#2307=EDGE_CURVE('',#1686,#1868,#1085,.T.);
#2308=EDGE_CURVE('',#1868,#1867,#313,.T.);
#2309=EDGE_CURVE('',#1685,#1869,#1086,.T.);
#2310=EDGE_CURVE('',#1869,#1868,#314,.T.);
#2311=EDGE_CURVE('',#1684,#1870,#1087,.T.);
#2312=EDGE_CURVE('',#1870,#1869,#315,.T.);
#2313=EDGE_CURVE('',#1683,#1871,#1088,.T.);
#2314=EDGE_CURVE('',#1871,#1870,#316,.T.);
#2315=EDGE_CURVE('',#1682,#1872,#1089,.T.);
#2316=EDGE_CURVE('',#1872,#1871,#317,.T.);
#2317=EDGE_CURVE('',#1681,#1873,#1090,.T.);
#2318=EDGE_CURVE('',#1873,#1872,#318,.T.);
#2319=EDGE_CURVE('',#1680,#1874,#1091,.T.);
#2320=EDGE_CURVE('',#1874,#1873,#319,.T.);
#2321=EDGE_CURVE('',#1679,#1875,#1092,.T.);
#2322=EDGE_CURVE('',#1875,#1874,#1093,.T.);
#2323=EDGE_CURVE('',#1678,#1876,#1094,.T.);
#2324=EDGE_CURVE('',#1876,#1875,#320,.T.);
#2325=EDGE_CURVE('',#1677,#1877,#1095,.T.);
#2326=EDGE_CURVE('',#1877,#1876,#321,.T.);
#2327=EDGE_CURVE('',#1676,#1878,#1096,.T.);
#2328=EDGE_CURVE('',#1878,#1877,#322,.T.);
#2329=EDGE_CURVE('',#1675,#1879,#1097,.T.);
#2330=EDGE_CURVE('',#1879,#1878,#323,.T.);
#2331=EDGE_CURVE('',#1674,#1880,#1098,.T.);
#2332=EDGE_CURVE('',#1880,#1879,#324,.T.);
#2333=EDGE_CURVE('',#1673,#1881,#1099,.T.);
#2334=EDGE_CURVE('',#1881,#1880,#325,.T.);
#2335=EDGE_CURVE('',#1865,#1881,#1100,.T.);
#2336=EDGE_CURVE('',#1842,#1882,#1101,.T.);
#2337=EDGE_CURVE('',#1882,#1883,#1102,.T.);
#2338=EDGE_CURVE('',#1843,#1883,#1103,.T.);
#2339=EDGE_CURVE('',#1841,#1884,#1104,.T.);
#2340=EDGE_CURVE('',#1884,#1882,#1105,.T.);
#2341=EDGE_CURVE('',#1840,#1885,#1106,.T.);
#2342=EDGE_CURVE('',#1885,#1884,#326,.T.);
#2343=EDGE_CURVE('',#1839,#1886,#1107,.T.);
#2344=EDGE_CURVE('',#1886,#1885,#1108,.T.);
#2345=EDGE_CURVE('',#1838,#1887,#1109,.T.);
#2346=EDGE_CURVE('',#1887,#1886,#1110,.T.);
#2347=EDGE_CURVE('',#1837,#1888,#1111,.T.);
#2348=EDGE_CURVE('',#1888,#1887,#1112,.T.);
#2349=EDGE_CURVE('',#1836,#1889,#1113,.T.);
#2350=EDGE_CURVE('',#1889,#1888,#327,.T.);
#2351=EDGE_CURVE('',#1835,#1890,#1114,.T.);
#2352=EDGE_CURVE('',#1890,#1889,#328,.T.);
#2353=EDGE_CURVE('',#1834,#1891,#1115,.T.);
#2354=EDGE_CURVE('',#1891,#1890,#329,.T.);
#2355=EDGE_CURVE('',#1833,#1892,#1116,.T.);
#2356=EDGE_CURVE('',#1892,#1891,#330,.T.);
#2357=EDGE_CURVE('',#1832,#1893,#1117,.T.);
#2358=EDGE_CURVE('',#1893,#1892,#1118,.T.);
#2359=EDGE_CURVE('',#1831,#1894,#1119,.T.);
#2360=EDGE_CURVE('',#1894,#1893,#331,.T.);
#2361=EDGE_CURVE('',#1830,#1895,#1120,.T.);
#2362=EDGE_CURVE('',#1895,#1894,#332,.T.);
#2363=EDGE_CURVE('',#1829,#1896,#1121,.T.);
#2364=EDGE_CURVE('',#1896,#1895,#333,.T.);
#2365=EDGE_CURVE('',#1828,#1897,#1122,.T.);
#2366=EDGE_CURVE('',#1897,#1896,#334,.T.);
#2367=EDGE_CURVE('',#1827,#1898,#1123,.T.);
#2368=EDGE_CURVE('',#1898,#1897,#1124,.T.);
#2369=EDGE_CURVE('',#1899,#1826,#1125,.T.);
#2370=EDGE_CURVE('',#1899,#1898,#1126,.T.);
#2371=EDGE_CURVE('',#1844,#1900,#1127,.T.);
#2372=EDGE_CURVE('',#1883,#1900,#1128,.T.);
#2373=EDGE_CURVE('',#1900,#1899,#540,.T.);
#2374=EDGE_CURVE('',#1689,#1901,#1129,.T.);
#2375=EDGE_CURVE('',#1901,#1902,#335,.T.);
#2376=EDGE_CURVE('',#1690,#1902,#1130,.T.);
#2377=EDGE_CURVE('',#1738,#1903,#1131,.T.);
#2378=EDGE_CURVE('',#1903,#1901,#336,.T.);
#2379=EDGE_CURVE('',#1737,#1904,#1132,.T.);
#2380=EDGE_CURVE('',#1904,#1903,#337,.T.);
#2381=EDGE_CURVE('',#1736,#1905,#1133,.T.);
#2382=EDGE_CURVE('',#1905,#1904,#338,.T.);
#2383=EDGE_CURVE('',#1735,#1906,#1134,.T.);
#2384=EDGE_CURVE('',#1906,#1905,#1135,.T.);
#2385=EDGE_CURVE('',#1734,#1907,#1136,.T.);
#2386=EDGE_CURVE('',#1907,#1906,#339,.T.);
#2387=EDGE_CURVE('',#1733,#1908,#1137,.T.);
#2388=EDGE_CURVE('',#1908,#1907,#340,.T.);
#2389=EDGE_CURVE('',#1732,#1909,#1138,.T.);
#2390=EDGE_CURVE('',#1909,#1908,#341,.T.);
#2391=EDGE_CURVE('',#1731,#1910,#1139,.T.);
#2392=EDGE_CURVE('',#1910,#1909,#342,.T.);
#2393=EDGE_CURVE('',#1730,#1911,#1140,.T.);
#2394=EDGE_CURVE('',#1911,#1910,#343,.T.);
#2395=EDGE_CURVE('',#1729,#1912,#1141,.T.);
#2396=EDGE_CURVE('',#1912,#1911,#1142,.T.);
#2397=EDGE_CURVE('',#1728,#1913,#1143,.T.);
#2398=EDGE_CURVE('',#1913,#1912,#344,.T.);
#2399=EDGE_CURVE('',#1727,#1914,#1144,.T.);
#2400=EDGE_CURVE('',#1914,#1913,#345,.T.);
#2401=EDGE_CURVE('',#1726,#1915,#1145,.T.);
#2402=EDGE_CURVE('',#1915,#1914,#346,.T.);
#2403=EDGE_CURVE('',#1725,#1916,#1146,.T.);
#2404=EDGE_CURVE('',#1916,#1915,#347,.T.);
#2405=EDGE_CURVE('',#1724,#1917,#1147,.T.);
#2406=EDGE_CURVE('',#1917,#1916,#1148,.T.);
#2407=EDGE_CURVE('',#1723,#1918,#1149,.T.);
#2408=EDGE_CURVE('',#1918,#1917,#1150,.T.);
#2409=EDGE_CURVE('',#1722,#1919,#1151,.T.);
#2410=EDGE_CURVE('',#1919,#1918,#348,.T.);
#2411=EDGE_CURVE('',#1721,#1920,#1152,.T.);
#2412=EDGE_CURVE('',#1920,#1919,#1153,.T.);
#2413=EDGE_CURVE('',#1720,#1921,#1154,.T.);
#2414=EDGE_CURVE('',#1921,#1920,#1155,.T.);
#2415=EDGE_CURVE('',#1719,#1922,#1156,.T.);
#2416=EDGE_CURVE('',#1922,#1921,#1157,.T.);
#2417=EDGE_CURVE('',#1718,#1923,#1158,.T.);
#2418=EDGE_CURVE('',#1923,#1922,#1159,.T.);
#2419=EDGE_CURVE('',#1717,#1924,#1160,.T.);
#2420=EDGE_CURVE('',#1924,#1923,#1161,.T.);
#2421=EDGE_CURVE('',#1716,#1925,#1162,.T.);
#2422=EDGE_CURVE('',#1925,#1924,#1163,.T.);
#2423=EDGE_CURVE('',#1715,#1926,#1164,.T.);
#2424=EDGE_CURVE('',#1926,#1925,#349,.T.);
#2425=EDGE_CURVE('',#1714,#1927,#1165,.T.);
#2426=EDGE_CURVE('',#1927,#1926,#350,.T.);
#2427=EDGE_CURVE('',#1713,#1928,#1166,.T.);
#2428=EDGE_CURVE('',#1928,#1927,#351,.T.);
#2429=EDGE_CURVE('',#1712,#1929,#1167,.T.);
#2430=EDGE_CURVE('',#1929,#1928,#352,.T.);
#2431=EDGE_CURVE('',#1711,#1930,#1168,.T.);
#2432=EDGE_CURVE('',#1930,#1929,#353,.T.);
#2433=EDGE_CURVE('',#1710,#1931,#1169,.T.);
#2434=EDGE_CURVE('',#1931,#1930,#354,.T.);
#2435=EDGE_CURVE('',#1709,#1932,#1170,.T.);
#2436=EDGE_CURVE('',#1932,#1931,#355,.T.);
#2437=EDGE_CURVE('',#1708,#1933,#1171,.T.);
#2438=EDGE_CURVE('',#1933,#1932,#356,.T.);
#2439=EDGE_CURVE('',#1707,#1934,#1172,.T.);
#2440=EDGE_CURVE('',#1934,#1933,#1173,.T.);
#2441=EDGE_CURVE('',#1706,#1935,#1174,.T.);
#2442=EDGE_CURVE('',#1935,#1934,#1175,.T.);
#2443=EDGE_CURVE('',#1705,#1936,#1176,.T.);
#2444=EDGE_CURVE('',#1936,#1935,#1177,.T.);
#2445=EDGE_CURVE('',#1704,#1937,#1178,.T.);
#2446=EDGE_CURVE('',#1937,#1936,#357,.T.);
#2447=EDGE_CURVE('',#1703,#1938,#1179,.T.);
#2448=EDGE_CURVE('',#1938,#1937,#358,.T.);
#2449=EDGE_CURVE('',#1702,#1939,#1180,.T.);
#2450=EDGE_CURVE('',#1939,#1938,#359,.T.);
#2451=EDGE_CURVE('',#1701,#1940,#1181,.T.);
#2452=EDGE_CURVE('',#1940,#1939,#360,.T.);
#2453=EDGE_CURVE('',#1700,#1941,#1182,.T.);
#2454=EDGE_CURVE('',#1941,#1940,#361,.T.);
#2455=EDGE_CURVE('',#1699,#1942,#1183,.T.);
#2456=EDGE_CURVE('',#1942,#1941,#362,.T.);
#2457=EDGE_CURVE('',#1698,#1943,#1184,.T.);
#2458=EDGE_CURVE('',#1943,#1942,#363,.T.);
#2459=EDGE_CURVE('',#1697,#1944,#1185,.T.);
#2460=EDGE_CURVE('',#1944,#1943,#364,.T.);
#2461=EDGE_CURVE('',#1696,#1945,#1186,.T.);
#2462=EDGE_CURVE('',#1945,#1944,#365,.T.);
#2463=EDGE_CURVE('',#1695,#1946,#1187,.T.);
#2464=EDGE_CURVE('',#1946,#1945,#1188,.T.);
#2465=EDGE_CURVE('',#1694,#1947,#1189,.T.);
#2466=EDGE_CURVE('',#1947,#1946,#366,.T.);
#2467=EDGE_CURVE('',#1693,#1948,#1190,.T.);
#2468=EDGE_CURVE('',#1948,#1947,#367,.T.);
#2469=EDGE_CURVE('',#1692,#1949,#1191,.T.);
#2470=EDGE_CURVE('',#1949,#1948,#368,.T.);
#2471=EDGE_CURVE('',#1691,#1950,#1192,.T.);
#2472=EDGE_CURVE('',#1950,#1949,#369,.T.);
#2473=EDGE_CURVE('',#1902,#1950,#1193,.T.);
#2474=EDGE_CURVE('',#1951,#1952,#370,.T.);
#2475=EDGE_CURVE('',#1951,#1953,#1194,.T.);
#2476=EDGE_CURVE('',#1953,#1954,#371,.T.);
#2477=EDGE_CURVE('',#1952,#1954,#1195,.T.);
#2478=EDGE_CURVE('',#1955,#1951,#372,.T.);
#2479=EDGE_CURVE('',#1955,#1956,#1196,.T.);
#2480=EDGE_CURVE('',#1956,#1953,#373,.T.);
#2481=EDGE_CURVE('',#1957,#1955,#374,.T.);
#2482=EDGE_CURVE('',#1957,#1958,#1197,.T.);
#2483=EDGE_CURVE('',#1958,#1956,#375,.T.);
#2484=EDGE_CURVE('',#1959,#1957,#376,.T.);
#2485=EDGE_CURVE('',#1959,#1960,#1198,.T.);
#2486=EDGE_CURVE('',#1960,#1958,#377,.T.);
#2487=EDGE_CURVE('',#1961,#1959,#1199,.T.);
#2488=EDGE_CURVE('',#1961,#1962,#1200,.T.);
#2489=EDGE_CURVE('',#1962,#1960,#1201,.T.);
#2490=EDGE_CURVE('',#1963,#1961,#378,.T.);
#2491=EDGE_CURVE('',#1963,#1964,#1202,.T.);
#2492=EDGE_CURVE('',#1964,#1962,#379,.T.);
#2493=EDGE_CURVE('',#1965,#1963,#380,.T.);
#2494=EDGE_CURVE('',#1965,#1966,#1203,.T.);
#2495=EDGE_CURVE('',#1966,#1964,#381,.T.);
#2496=EDGE_CURVE('',#1967,#1965,#382,.T.);
#2497=EDGE_CURVE('',#1967,#1968,#1204,.T.);
#2498=EDGE_CURVE('',#1968,#1966,#383,.T.);
#2499=EDGE_CURVE('',#1952,#1967,#1205,.T.);
#2500=EDGE_CURVE('',#1954,#1968,#1206,.T.);
#2501=EDGE_CURVE('',#1739,#1969,#1207,.T.);
#2502=EDGE_CURVE('',#1969,#1970,#1208,.T.);
#2503=EDGE_CURVE('',#1740,#1970,#1209,.T.);
#2504=EDGE_CURVE('',#1756,#1971,#1210,.T.);
#2505=EDGE_CURVE('',#1971,#1969,#384,.T.);
#2506=EDGE_CURVE('',#1755,#1972,#1211,.T.);
#2507=EDGE_CURVE('',#1972,#1971,#385,.T.);
#2508=EDGE_CURVE('',#1754,#1973,#1212,.T.);
#2509=EDGE_CURVE('',#1973,#1972,#386,.T.);
#2510=EDGE_CURVE('',#1753,#1974,#1213,.T.);
#2511=EDGE_CURVE('',#1974,#1973,#387,.T.);
#2512=EDGE_CURVE('',#1752,#1975,#1214,.T.);
#2513=EDGE_CURVE('',#1975,#1974,#388,.T.);
#2514=EDGE_CURVE('',#1751,#1976,#1215,.T.);
#2515=EDGE_CURVE('',#1976,#1975,#389,.T.);
#2516=EDGE_CURVE('',#1750,#1977,#1216,.T.);
#2517=EDGE_CURVE('',#1977,#1976,#390,.T.);
#2518=EDGE_CURVE('',#1749,#1978,#1217,.T.);
#2519=EDGE_CURVE('',#1978,#1977,#391,.T.);
#2520=EDGE_CURVE('',#1748,#1979,#1218,.T.);
#2521=EDGE_CURVE('',#1979,#1978,#392,.T.);
#2522=EDGE_CURVE('',#1747,#1980,#1219,.T.);
#2523=EDGE_CURVE('',#1980,#1979,#1220,.T.);
#2524=EDGE_CURVE('',#1746,#1981,#1221,.T.);
#2525=EDGE_CURVE('',#1981,#1980,#393,.T.);
#2526=EDGE_CURVE('',#1745,#1982,#1222,.T.);
#2527=EDGE_CURVE('',#1982,#1981,#394,.T.);
#2528=EDGE_CURVE('',#1744,#1983,#1223,.T.);
#2529=EDGE_CURVE('',#1983,#1982,#395,.T.);
#2530=EDGE_CURVE('',#1743,#1984,#1224,.T.);
#2531=EDGE_CURVE('',#1984,#1983,#396,.T.);
#2532=EDGE_CURVE('',#1742,#1985,#1225,.T.);
#2533=EDGE_CURVE('',#1985,#1984,#397,.T.);
#2534=EDGE_CURVE('',#1741,#1986,#1226,.T.);
#2535=EDGE_CURVE('',#1986,#1985,#398,.T.);
#2536=EDGE_CURVE('',#1970,#1986,#1227,.T.);
#2537=EDGE_CURVE('',#1987,#1988,#399,.T.);
#2538=EDGE_CURVE('',#1987,#1989,#1228,.T.);
#2539=EDGE_CURVE('',#1989,#1990,#400,.T.);
#2540=EDGE_CURVE('',#1988,#1990,#1229,.T.);
#2541=EDGE_CURVE('',#1991,#1987,#401,.T.);
#2542=EDGE_CURVE('',#1991,#1992,#1230,.T.);
#2543=EDGE_CURVE('',#1992,#1989,#402,.T.);
#2544=EDGE_CURVE('',#1993,#1991,#403,.T.);
#2545=EDGE_CURVE('',#1993,#1994,#1231,.T.);
#2546=EDGE_CURVE('',#1994,#1992,#404,.T.);
#2547=EDGE_CURVE('',#1995,#1993,#405,.T.);
#2548=EDGE_CURVE('',#1995,#1996,#1232,.T.);
#2549=EDGE_CURVE('',#1996,#1994,#406,.T.);
#2550=EDGE_CURVE('',#1997,#1995,#1233,.T.);
#2551=EDGE_CURVE('',#1997,#1998,#1234,.T.);
#2552=EDGE_CURVE('',#1998,#1996,#1235,.T.);
#2553=EDGE_CURVE('',#1999,#1997,#407,.T.);
#2554=EDGE_CURVE('',#1999,#2000,#1236,.T.);
#2555=EDGE_CURVE('',#2000,#1998,#408,.T.);
#2556=EDGE_CURVE('',#2001,#1999,#409,.T.);
#2557=EDGE_CURVE('',#2001,#2002,#1237,.T.);
#2558=EDGE_CURVE('',#2002,#2000,#410,.T.);
#2559=EDGE_CURVE('',#2003,#2001,#411,.T.);
#2560=EDGE_CURVE('',#2003,#2004,#1238,.T.);
#2561=EDGE_CURVE('',#2004,#2002,#412,.T.);
#2562=EDGE_CURVE('',#1988,#2003,#1239,.T.);
#2563=EDGE_CURVE('',#1990,#2004,#1240,.T.);
#2564=EDGE_CURVE('',#1757,#2005,#1241,.T.);
#2565=EDGE_CURVE('',#2005,#2006,#1242,.T.);
#2566=EDGE_CURVE('',#1758,#2006,#1243,.T.);
#2567=EDGE_CURVE('',#1774,#2007,#1244,.T.);
#2568=EDGE_CURVE('',#2007,#2005,#413,.T.);
#2569=EDGE_CURVE('',#1773,#2008,#1245,.T.);
#2570=EDGE_CURVE('',#2008,#2007,#414,.T.);
#2571=EDGE_CURVE('',#1772,#2009,#1246,.T.);
#2572=EDGE_CURVE('',#2009,#2008,#415,.T.);
#2573=EDGE_CURVE('',#1771,#2010,#1247,.T.);
#2574=EDGE_CURVE('',#2010,#2009,#416,.T.);
#2575=EDGE_CURVE('',#1770,#2011,#1248,.T.);
#2576=EDGE_CURVE('',#2011,#2010,#417,.T.);
#2577=EDGE_CURVE('',#1769,#2012,#1249,.T.);
#2578=EDGE_CURVE('',#2012,#2011,#418,.T.);
#2579=EDGE_CURVE('',#1768,#2013,#1250,.T.);
#2580=EDGE_CURVE('',#2013,#2012,#419,.T.);
#2581=EDGE_CURVE('',#1767,#2014,#1251,.T.);
#2582=EDGE_CURVE('',#2014,#2013,#420,.T.);
#2583=EDGE_CURVE('',#1766,#2015,#1252,.T.);
#2584=EDGE_CURVE('',#2015,#2014,#421,.T.);
#2585=EDGE_CURVE('',#1765,#2016,#1253,.T.);
#2586=EDGE_CURVE('',#2016,#2015,#1254,.T.);
#2587=EDGE_CURVE('',#1764,#2017,#1255,.T.);
#2588=EDGE_CURVE('',#2017,#2016,#422,.T.);
#2589=EDGE_CURVE('',#1763,#2018,#1256,.T.);
#2590=EDGE_CURVE('',#2018,#2017,#423,.T.);
#2591=EDGE_CURVE('',#1762,#2019,#1257,.T.);
#2592=EDGE_CURVE('',#2019,#2018,#424,.T.);
#2593=EDGE_CURVE('',#1761,#2020,#1258,.T.);
#2594=EDGE_CURVE('',#2020,#2019,#425,.T.);
#2595=EDGE_CURVE('',#1760,#2021,#1259,.T.);
#2596=EDGE_CURVE('',#2021,#2020,#426,.T.);
#2597=EDGE_CURVE('',#1759,#2022,#1260,.T.);
#2598=EDGE_CURVE('',#2022,#2021,#427,.T.);
#2599=EDGE_CURVE('',#2006,#2022,#1261,.T.);
#2600=EDGE_CURVE('',#1775,#2023,#1262,.T.);
#2601=EDGE_CURVE('',#2023,#2024,#1263,.T.);
#2602=EDGE_CURVE('',#1776,#2024,#1264,.T.);
#2603=EDGE_CURVE('',#1790,#2025,#1265,.T.);
#2604=EDGE_CURVE('',#2025,#2023,#1266,.T.);
#2605=EDGE_CURVE('',#1789,#2026,#1267,.T.);
#2606=EDGE_CURVE('',#2026,#2025,#1268,.T.);
#2607=EDGE_CURVE('',#1788,#2027,#1269,.T.);
#2608=EDGE_CURVE('',#2027,#2026,#1270,.T.);
#2609=EDGE_CURVE('',#1787,#2028,#1271,.T.);
#2610=EDGE_CURVE('',#2028,#2027,#428,.T.);
#2611=EDGE_CURVE('',#1786,#2029,#1272,.T.);
#2612=EDGE_CURVE('',#2029,#2028,#429,.T.);
#2613=EDGE_CURVE('',#1785,#2030,#1273,.T.);
#2614=EDGE_CURVE('',#2030,#2029,#430,.T.);
#2615=EDGE_CURVE('',#1784,#2031,#1274,.T.);
#2616=EDGE_CURVE('',#2031,#2030,#431,.T.);
#2617=EDGE_CURVE('',#1783,#2032,#1275,.T.);
#2618=EDGE_CURVE('',#2032,#2031,#432,.T.);
#2619=EDGE_CURVE('',#1782,#2033,#1276,.T.);
#2620=EDGE_CURVE('',#2033,#2032,#1277,.T.);
#2621=EDGE_CURVE('',#1781,#2034,#1278,.T.);
#2622=EDGE_CURVE('',#2034,#2033,#433,.T.);
#2623=EDGE_CURVE('',#1780,#2035,#1279,.T.);
#2624=EDGE_CURVE('',#2035,#2034,#434,.T.);
#2625=EDGE_CURVE('',#1779,#2036,#1280,.T.);
#2626=EDGE_CURVE('',#2036,#2035,#435,.T.);
#2627=EDGE_CURVE('',#1778,#2037,#1281,.T.);
#2628=EDGE_CURVE('',#2037,#2036,#436,.T.);
#2629=EDGE_CURVE('',#1777,#2038,#1282,.T.);
#2630=EDGE_CURVE('',#2038,#2037,#1283,.T.);
#2631=EDGE_CURVE('',#2024,#2038,#437,.T.);
#2632=EDGE_CURVE('',#1791,#2039,#1284,.T.);
#2633=EDGE_CURVE('',#2039,#2040,#1285,.T.);
#2634=EDGE_CURVE('',#1792,#2040,#1286,.T.);
#2635=EDGE_CURVE('',#1825,#2041,#1287,.T.);
#2636=EDGE_CURVE('',#2041,#2039,#438,.T.);
#2637=EDGE_CURVE('',#1824,#2042,#1288,.T.);
#2638=EDGE_CURVE('',#2042,#2041,#439,.T.);
#2639=EDGE_CURVE('',#1823,#2043,#1289,.T.);
#2640=EDGE_CURVE('',#2043,#2042,#440,.T.);
#2641=EDGE_CURVE('',#1822,#2044,#1290,.T.);
#2642=EDGE_CURVE('',#2044,#2043,#441,.T.);
#2643=EDGE_CURVE('',#1821,#2045,#1291,.T.);
#2644=EDGE_CURVE('',#2045,#2044,#442,.T.);
#2645=EDGE_CURVE('',#1820,#2046,#1292,.T.);
#2646=EDGE_CURVE('',#2046,#2045,#443,.T.);
#2647=EDGE_CURVE('',#1819,#2047,#1293,.T.);
#2648=EDGE_CURVE('',#2047,#2046,#444,.T.);
#2649=EDGE_CURVE('',#1818,#2048,#1294,.T.);
#2650=EDGE_CURVE('',#2048,#2047,#445,.T.);
#2651=EDGE_CURVE('',#1817,#2049,#1295,.T.);
#2652=EDGE_CURVE('',#2049,#2048,#446,.T.);
#2653=EDGE_CURVE('',#1816,#2050,#1296,.T.);
#2654=EDGE_CURVE('',#2050,#2049,#447,.T.);
#2655=EDGE_CURVE('',#1815,#2051,#1297,.T.);
#2656=EDGE_CURVE('',#2051,#2050,#448,.T.);
#2657=EDGE_CURVE('',#1814,#2052,#1298,.T.);
#2658=EDGE_CURVE('',#2052,#2051,#449,.T.);
#2659=EDGE_CURVE('',#1813,#2053,#1299,.T.);
#2660=EDGE_CURVE('',#2053,#2052,#450,.T.);
#2661=EDGE_CURVE('',#1812,#2054,#1300,.T.);
#2662=EDGE_CURVE('',#2054,#2053,#1301,.T.);
#2663=EDGE_CURVE('',#1811,#2055,#1302,.T.);
#2664=EDGE_CURVE('',#2055,#2054,#1303,.T.);
#2665=EDGE_CURVE('',#1810,#2056,#1304,.T.);
#2666=EDGE_CURVE('',#2056,#2055,#1305,.T.);
#2667=EDGE_CURVE('',#1809,#2057,#1306,.T.);
#2668=EDGE_CURVE('',#2057,#2056,#1307,.T.);
#2669=EDGE_CURVE('',#1808,#2058,#1308,.T.);
#2670=EDGE_CURVE('',#2058,#2057,#451,.T.);
#2671=EDGE_CURVE('',#1807,#2059,#1309,.T.);
#2672=EDGE_CURVE('',#2059,#2058,#452,.T.);
#2673=EDGE_CURVE('',#1806,#2060,#1310,.T.);
#2674=EDGE_CURVE('',#2060,#2059,#453,.T.);
#2675=EDGE_CURVE('',#1805,#2061,#1311,.T.);
#2676=EDGE_CURVE('',#2061,#2060,#454,.T.);
#2677=EDGE_CURVE('',#1804,#2062,#1312,.T.);
#2678=EDGE_CURVE('',#2062,#2061,#455,.T.);
#2679=EDGE_CURVE('',#1803,#2063,#1313,.T.);
#2680=EDGE_CURVE('',#2063,#2062,#456,.T.);
#2681=EDGE_CURVE('',#1802,#2064,#1314,.T.);
#2682=EDGE_CURVE('',#2064,#2063,#457,.T.);
#2683=EDGE_CURVE('',#1801,#2065,#1315,.T.);
#2684=EDGE_CURVE('',#2065,#2064,#1316,.T.);
#2685=EDGE_CURVE('',#1800,#2066,#1317,.T.);
#2686=EDGE_CURVE('',#2066,#2065,#458,.T.);
#2687=EDGE_CURVE('',#1799,#2067,#1318,.T.);
#2688=EDGE_CURVE('',#2067,#2066,#459,.T.);
#2689=EDGE_CURVE('',#1798,#2068,#1319,.T.);
#2690=EDGE_CURVE('',#2068,#2067,#460,.T.);
#2691=EDGE_CURVE('',#1797,#2069,#1320,.T.);
#2692=EDGE_CURVE('',#2069,#2068,#461,.T.);
#2693=EDGE_CURVE('',#1796,#2070,#1321,.T.);
#2694=EDGE_CURVE('',#2070,#2069,#462,.T.);
#2695=EDGE_CURVE('',#1795,#2071,#1322,.T.);
#2696=EDGE_CURVE('',#2071,#2070,#463,.T.);
#2697=EDGE_CURVE('',#1794,#2072,#1323,.T.);
#2698=EDGE_CURVE('',#2072,#2071,#1324,.T.);
#2699=EDGE_CURVE('',#1793,#2073,#1325,.T.);
#2700=EDGE_CURVE('',#2073,#2072,#1326,.T.);
#2701=EDGE_CURVE('',#2040,#2073,#1327,.T.);
#2702=EDGE_CURVE('',#1845,#2074,#1328,.T.);
#2703=EDGE_CURVE('',#2074,#2074,#541,.T.);
#2704=EDGE_CURVE('',#1670,#1665,#1329,.T.);
#2705=ORIENTED_EDGE('',*,*,#2075,.T.);
#2706=ORIENTED_EDGE('',*,*,#2076,.T.);
#2707=ORIENTED_EDGE('',*,*,#2077,.T.);
#2708=ORIENTED_EDGE('',*,*,#2078,.T.);
#2709=ORIENTED_EDGE('',*,*,#2079,.F.);
#2710=ORIENTED_EDGE('',*,*,#2080,.F.);
#2711=ORIENTED_EDGE('',*,*,#2081,.F.);
#2712=ORIENTED_EDGE('',*,*,#2082,.T.);
#2713=ORIENTED_EDGE('',*,*,#2083,.T.);
#2714=ORIENTED_EDGE('',*,*,#2084,.T.);
#2715=ORIENTED_EDGE('',*,*,#2076,.F.);
#2716=ORIENTED_EDGE('',*,*,#2085,.T.);
#2717=ORIENTED_EDGE('',*,*,#2080,.T.);
#2718=ORIENTED_EDGE('',*,*,#2086,.T.);
#2719=ORIENTED_EDGE('',*,*,#2083,.F.);
#2720=ORIENTED_EDGE('',*,*,#2087,.T.);
#2721=ORIENTED_EDGE('',*,*,#2081,.T.);
#2722=ORIENTED_EDGE('',*,*,#2088,.T.);
#2723=ORIENTED_EDGE('',*,*,#2078,.F.);
#2724=ORIENTED_EDGE('',*,*,#2089,.T.);
#2725=ORIENTED_EDGE('',*,*,#2090,.T.);
#2726=ORIENTED_EDGE('',*,*,#2079,.T.);
#2727=ORIENTED_EDGE('',*,*,#2091,.T.);
#2728=ORIENTED_EDGE('',*,*,#2089,.F.);
#2729=ORIENTED_EDGE('',*,*,#2092,.F.);
#2730=ORIENTED_EDGE('',*,*,#2093,.F.);
#2731=ORIENTED_EDGE('',*,*,#2094,.T.);
#2732=ORIENTED_EDGE('',*,*,#2095,.T.);
#2733=ORIENTED_EDGE('',*,*,#2091,.F.);
#2734=ORIENTED_EDGE('',*,*,#2087,.F.);
#2735=ORIENTED_EDGE('',*,*,#2096,.T.);
#2736=ORIENTED_EDGE('',*,*,#2092,.T.);
#2737=ORIENTED_EDGE('',*,*,#2097,.T.);
#2738=ORIENTED_EDGE('',*,*,#2098,.T.);
#2739=ORIENTED_EDGE('',*,*,#2099,.T.);
#2740=ORIENTED_EDGE('',*,*,#2100,.T.);
#2741=ORIENTED_EDGE('',*,*,#2101,.T.);
#2742=ORIENTED_EDGE('',*,*,#2102,.T.);
#2743=ORIENTED_EDGE('',*,*,#2103,.T.);
#2744=ORIENTED_EDGE('',*,*,#2104,.T.);
#2745=ORIENTED_EDGE('',*,*,#2105,.T.);
#2746=ORIENTED_EDGE('',*,*,#2106,.T.);
#2747=ORIENTED_EDGE('',*,*,#2107,.T.);
#2748=ORIENTED_EDGE('',*,*,#2108,.T.);
#2749=ORIENTED_EDGE('',*,*,#2109,.T.);
#2750=ORIENTED_EDGE('',*,*,#2110,.T.);
#2751=ORIENTED_EDGE('',*,*,#2111,.T.);
#2752=ORIENTED_EDGE('',*,*,#2112,.T.);
#2753=ORIENTED_EDGE('',*,*,#2113,.T.);
#2754=ORIENTED_EDGE('',*,*,#2114,.T.);
#2755=ORIENTED_EDGE('',*,*,#2115,.T.);
#2756=ORIENTED_EDGE('',*,*,#2116,.T.);
#2757=ORIENTED_EDGE('',*,*,#2117,.T.);
#2758=ORIENTED_EDGE('',*,*,#2118,.T.);
#2759=ORIENTED_EDGE('',*,*,#2119,.T.);
#2760=ORIENTED_EDGE('',*,*,#2120,.T.);
#2761=ORIENTED_EDGE('',*,*,#2121,.T.);
#2762=ORIENTED_EDGE('',*,*,#2122,.T.);
#2763=ORIENTED_EDGE('',*,*,#2123,.T.);
#2764=ORIENTED_EDGE('',*,*,#2124,.T.);
#2765=ORIENTED_EDGE('',*,*,#2125,.T.);
#2766=ORIENTED_EDGE('',*,*,#2126,.T.);
#2767=ORIENTED_EDGE('',*,*,#2127,.T.);
#2768=ORIENTED_EDGE('',*,*,#2128,.T.);
#2769=ORIENTED_EDGE('',*,*,#2129,.T.);
#2770=ORIENTED_EDGE('',*,*,#2130,.T.);
#2771=ORIENTED_EDGE('',*,*,#2131,.T.);
#2772=ORIENTED_EDGE('',*,*,#2132,.T.);
#2773=ORIENTED_EDGE('',*,*,#2133,.T.);
#2774=ORIENTED_EDGE('',*,*,#2134,.T.);
#2775=ORIENTED_EDGE('',*,*,#2135,.T.);
#2776=ORIENTED_EDGE('',*,*,#2136,.T.);
#2777=ORIENTED_EDGE('',*,*,#2137,.T.);
#2778=ORIENTED_EDGE('',*,*,#2138,.T.);
#2779=ORIENTED_EDGE('',*,*,#2139,.T.);
#2780=ORIENTED_EDGE('',*,*,#2140,.T.);
#2781=ORIENTED_EDGE('',*,*,#2141,.T.);
#2782=ORIENTED_EDGE('',*,*,#2142,.T.);
#2783=ORIENTED_EDGE('',*,*,#2143,.T.);
#2784=ORIENTED_EDGE('',*,*,#2144,.T.);
#2785=ORIENTED_EDGE('',*,*,#2145,.T.);
#2786=ORIENTED_EDGE('',*,*,#2146,.T.);
#2787=ORIENTED_EDGE('',*,*,#2147,.T.);
#2788=ORIENTED_EDGE('',*,*,#2148,.T.);
#2789=ORIENTED_EDGE('',*,*,#2149,.T.);
#2790=ORIENTED_EDGE('',*,*,#2150,.T.);
#2791=ORIENTED_EDGE('',*,*,#2151,.T.);
#2792=ORIENTED_EDGE('',*,*,#2152,.T.);
#2793=ORIENTED_EDGE('',*,*,#2153,.T.);
#2794=ORIENTED_EDGE('',*,*,#2154,.T.);
#2795=ORIENTED_EDGE('',*,*,#2155,.T.);
#2796=ORIENTED_EDGE('',*,*,#2156,.T.);
#2797=ORIENTED_EDGE('',*,*,#2157,.T.);
#2798=ORIENTED_EDGE('',*,*,#2158,.T.);
#2799=ORIENTED_EDGE('',*,*,#2159,.T.);
#2800=ORIENTED_EDGE('',*,*,#2160,.T.);
#2801=ORIENTED_EDGE('',*,*,#2161,.T.);
#2802=ORIENTED_EDGE('',*,*,#2162,.T.);
#2803=ORIENTED_EDGE('',*,*,#2163,.T.);
#2804=ORIENTED_EDGE('',*,*,#2164,.T.);
#2805=ORIENTED_EDGE('',*,*,#2165,.T.);
#2806=ORIENTED_EDGE('',*,*,#2166,.T.);
#2807=ORIENTED_EDGE('',*,*,#2167,.T.);
#2808=ORIENTED_EDGE('',*,*,#2168,.T.);
#2809=ORIENTED_EDGE('',*,*,#2169,.T.);
#2810=ORIENTED_EDGE('',*,*,#2170,.T.);
#2811=ORIENTED_EDGE('',*,*,#2171,.T.);
#2812=ORIENTED_EDGE('',*,*,#2172,.T.);
#2813=ORIENTED_EDGE('',*,*,#2173,.T.);
#2814=ORIENTED_EDGE('',*,*,#2174,.T.);
#2815=ORIENTED_EDGE('',*,*,#2175,.T.);
#2816=ORIENTED_EDGE('',*,*,#2176,.T.);
#2817=ORIENTED_EDGE('',*,*,#2177,.T.);
#2818=ORIENTED_EDGE('',*,*,#2178,.T.);
#2819=ORIENTED_EDGE('',*,*,#2179,.T.);
#2820=ORIENTED_EDGE('',*,*,#2180,.T.);
#2821=ORIENTED_EDGE('',*,*,#2181,.T.);
#2822=ORIENTED_EDGE('',*,*,#2182,.T.);
#2823=ORIENTED_EDGE('',*,*,#2183,.T.);
#2824=ORIENTED_EDGE('',*,*,#2184,.T.);
#2825=ORIENTED_EDGE('',*,*,#2185,.T.);
#2826=ORIENTED_EDGE('',*,*,#2186,.T.);
#2827=ORIENTED_EDGE('',*,*,#2187,.T.);
#2828=ORIENTED_EDGE('',*,*,#2188,.T.);
#2829=ORIENTED_EDGE('',*,*,#2189,.T.);
#2830=ORIENTED_EDGE('',*,*,#2190,.T.);
#2831=ORIENTED_EDGE('',*,*,#2191,.T.);
#2832=ORIENTED_EDGE('',*,*,#2192,.T.);
#2833=ORIENTED_EDGE('',*,*,#2193,.T.);
#2834=ORIENTED_EDGE('',*,*,#2194,.T.);
#2835=ORIENTED_EDGE('',*,*,#2195,.T.);
#2836=ORIENTED_EDGE('',*,*,#2196,.T.);
#2837=ORIENTED_EDGE('',*,*,#2197,.T.);
#2838=ORIENTED_EDGE('',*,*,#2198,.T.);
#2839=ORIENTED_EDGE('',*,*,#2199,.T.);
#2840=ORIENTED_EDGE('',*,*,#2200,.T.);
#2841=ORIENTED_EDGE('',*,*,#2201,.T.);
#2842=ORIENTED_EDGE('',*,*,#2202,.T.);
#2843=ORIENTED_EDGE('',*,*,#2203,.T.);
#2844=ORIENTED_EDGE('',*,*,#2204,.T.);
#2845=ORIENTED_EDGE('',*,*,#2205,.T.);
#2846=ORIENTED_EDGE('',*,*,#2206,.T.);
#2847=ORIENTED_EDGE('',*,*,#2207,.T.);
#2848=ORIENTED_EDGE('',*,*,#2208,.T.);
#2849=ORIENTED_EDGE('',*,*,#2209,.T.);
#2850=ORIENTED_EDGE('',*,*,#2210,.T.);
#2851=ORIENTED_EDGE('',*,*,#2211,.T.);
#2852=ORIENTED_EDGE('',*,*,#2212,.T.);
#2853=ORIENTED_EDGE('',*,*,#2213,.T.);
#2854=ORIENTED_EDGE('',*,*,#2214,.T.);
#2855=ORIENTED_EDGE('',*,*,#2215,.T.);
#2856=ORIENTED_EDGE('',*,*,#2216,.T.);
#2857=ORIENTED_EDGE('',*,*,#2217,.T.);
#2858=ORIENTED_EDGE('',*,*,#2218,.T.);
#2859=ORIENTED_EDGE('',*,*,#2219,.T.);
#2860=ORIENTED_EDGE('',*,*,#2220,.T.);
#2861=ORIENTED_EDGE('',*,*,#2221,.T.);
#2862=ORIENTED_EDGE('',*,*,#2222,.T.);
#2863=ORIENTED_EDGE('',*,*,#2223,.T.);
#2864=ORIENTED_EDGE('',*,*,#2224,.T.);
#2865=ORIENTED_EDGE('',*,*,#2225,.T.);
#2866=ORIENTED_EDGE('',*,*,#2226,.T.);
#2867=ORIENTED_EDGE('',*,*,#2227,.T.);
#2868=ORIENTED_EDGE('',*,*,#2228,.T.);
#2869=ORIENTED_EDGE('',*,*,#2229,.T.);
#2870=ORIENTED_EDGE('',*,*,#2230,.T.);
#2871=ORIENTED_EDGE('',*,*,#2231,.T.);
#2872=ORIENTED_EDGE('',*,*,#2232,.T.);
#2873=ORIENTED_EDGE('',*,*,#2233,.T.);
#2874=ORIENTED_EDGE('',*,*,#2234,.T.);
#2875=ORIENTED_EDGE('',*,*,#2235,.T.);
#2876=ORIENTED_EDGE('',*,*,#2236,.T.);
#2877=ORIENTED_EDGE('',*,*,#2237,.T.);
#2878=ORIENTED_EDGE('',*,*,#2238,.T.);
#2879=ORIENTED_EDGE('',*,*,#2239,.T.);
#2880=ORIENTED_EDGE('',*,*,#2240,.T.);
#2881=ORIENTED_EDGE('',*,*,#2241,.T.);
#2882=ORIENTED_EDGE('',*,*,#2242,.T.);
#2883=ORIENTED_EDGE('',*,*,#2243,.T.);
#2884=ORIENTED_EDGE('',*,*,#2244,.T.);
#2885=ORIENTED_EDGE('',*,*,#2245,.T.);
#2886=ORIENTED_EDGE('',*,*,#2246,.T.);
#2887=ORIENTED_EDGE('',*,*,#2247,.T.);
#2888=ORIENTED_EDGE('',*,*,#2248,.T.);
#2889=ORIENTED_EDGE('',*,*,#2249,.T.);
#2890=ORIENTED_EDGE('',*,*,#2250,.T.);
#2891=ORIENTED_EDGE('',*,*,#2251,.T.);
#2892=ORIENTED_EDGE('',*,*,#2252,.T.);
#2893=ORIENTED_EDGE('',*,*,#2253,.T.);
#2894=ORIENTED_EDGE('',*,*,#2254,.T.);
#2895=ORIENTED_EDGE('',*,*,#2255,.T.);
#2896=ORIENTED_EDGE('',*,*,#2256,.T.);
#2897=ORIENTED_EDGE('',*,*,#2257,.T.);
#2898=ORIENTED_EDGE('',*,*,#2258,.T.);
#2899=ORIENTED_EDGE('',*,*,#2259,.T.);
#2900=ORIENTED_EDGE('',*,*,#2260,.T.);
#2901=ORIENTED_EDGE('',*,*,#2261,.T.);
#2902=ORIENTED_EDGE('',*,*,#2262,.T.);
#2903=ORIENTED_EDGE('',*,*,#2263,.T.);
#2904=ORIENTED_EDGE('',*,*,#2264,.T.);
#2905=ORIENTED_EDGE('',*,*,#2265,.T.);
#2906=ORIENTED_EDGE('',*,*,#2266,.T.);
#2907=ORIENTED_EDGE('',*,*,#2267,.T.);
#2908=ORIENTED_EDGE('',*,*,#2268,.T.);
#2909=ORIENTED_EDGE('',*,*,#2269,.T.);
#2910=ORIENTED_EDGE('',*,*,#2270,.T.);
#2911=ORIENTED_EDGE('',*,*,#2271,.T.);
#2912=ORIENTED_EDGE('',*,*,#2077,.F.);
#2913=ORIENTED_EDGE('',*,*,#2272,.T.);
#2914=ORIENTED_EDGE('',*,*,#2093,.T.);
#2915=ORIENTED_EDGE('',*,*,#2096,.F.);
#2916=ORIENTED_EDGE('',*,*,#2075,.F.);
#2917=ORIENTED_EDGE('',*,*,#2088,.F.);
#2918=ORIENTED_EDGE('',*,*,#2085,.F.);
#2919=ORIENTED_EDGE('',*,*,#2082,.F.);
#2920=ORIENTED_EDGE('',*,*,#2273,.F.);
#2921=ORIENTED_EDGE('',*,*,#2274,.T.);
#2922=ORIENTED_EDGE('',*,*,#2275,.T.);
#2923=ORIENTED_EDGE('',*,*,#2276,.F.);
#2924=ORIENTED_EDGE('',*,*,#2277,.F.);
#2925=ORIENTED_EDGE('',*,*,#2278,.T.);
#2926=ORIENTED_EDGE('',*,*,#2279,.T.);
#2927=ORIENTED_EDGE('',*,*,#2274,.F.);
#2928=ORIENTED_EDGE('',*,*,#2280,.F.);
#2929=ORIENTED_EDGE('',*,*,#2281,.T.);
#2930=ORIENTED_EDGE('',*,*,#2282,.T.);
#2931=ORIENTED_EDGE('',*,*,#2278,.F.);
#2932=ORIENTED_EDGE('',*,*,#2283,.F.);
#2933=ORIENTED_EDGE('',*,*,#2284,.T.);
#2934=ORIENTED_EDGE('',*,*,#2285,.T.);
#2935=ORIENTED_EDGE('',*,*,#2281,.F.);
#2936=ORIENTED_EDGE('',*,*,#2286,.F.);
#2937=ORIENTED_EDGE('',*,*,#2287,.T.);
#2938=ORIENTED_EDGE('',*,*,#2288,.T.);
#2939=ORIENTED_EDGE('',*,*,#2284,.F.);
#2940=ORIENTED_EDGE('',*,*,#2289,.F.);
#2941=ORIENTED_EDGE('',*,*,#2290,.T.);
#2942=ORIENTED_EDGE('',*,*,#2291,.T.);
#2943=ORIENTED_EDGE('',*,*,#2287,.F.);
#2944=ORIENTED_EDGE('',*,*,#2292,.F.);
#2945=ORIENTED_EDGE('',*,*,#2293,.T.);
#2946=ORIENTED_EDGE('',*,*,#2294,.T.);
#2947=ORIENTED_EDGE('',*,*,#2290,.F.);
#2948=ORIENTED_EDGE('',*,*,#2295,.F.);
#2949=ORIENTED_EDGE('',*,*,#2296,.T.);
#2950=ORIENTED_EDGE('',*,*,#2297,.T.);
#2951=ORIENTED_EDGE('',*,*,#2293,.F.);
#2952=ORIENTED_EDGE('',*,*,#2298,.F.);
#2953=ORIENTED_EDGE('',*,*,#2276,.T.);
#2954=ORIENTED_EDGE('',*,*,#2299,.T.);
#2955=ORIENTED_EDGE('',*,*,#2296,.F.);
#2956=ORIENTED_EDGE('',*,*,#2097,.F.);
#2957=ORIENTED_EDGE('',*,*,#2300,.T.);
#2958=ORIENTED_EDGE('',*,*,#2301,.T.);
#2959=ORIENTED_EDGE('',*,*,#2302,.F.);
#2960=ORIENTED_EDGE('',*,*,#2114,.F.);
#2961=ORIENTED_EDGE('',*,*,#2303,.T.);
#2962=ORIENTED_EDGE('',*,*,#2304,.T.);
#2963=ORIENTED_EDGE('',*,*,#2300,.F.);
#2964=ORIENTED_EDGE('',*,*,#2113,.F.);
#2965=ORIENTED_EDGE('',*,*,#2305,.T.);
#2966=ORIENTED_EDGE('',*,*,#2306,.T.);
#2967=ORIENTED_EDGE('',*,*,#2303,.F.);
#2968=ORIENTED_EDGE('',*,*,#2112,.F.);
#2969=ORIENTED_EDGE('',*,*,#2307,.T.);
#2970=ORIENTED_EDGE('',*,*,#2308,.T.);
#2971=ORIENTED_EDGE('',*,*,#2305,.F.);
#2972=ORIENTED_EDGE('',*,*,#2111,.F.);
#2973=ORIENTED_EDGE('',*,*,#2309,.T.);
#2974=ORIENTED_EDGE('',*,*,#2310,.T.);
#2975=ORIENTED_EDGE('',*,*,#2307,.F.);
#2976=ORIENTED_EDGE('',*,*,#2110,.F.);
#2977=ORIENTED_EDGE('',*,*,#2311,.T.);
#2978=ORIENTED_EDGE('',*,*,#2312,.T.);
#2979=ORIENTED_EDGE('',*,*,#2309,.F.);
#2980=ORIENTED_EDGE('',*,*,#2109,.F.);
#2981=ORIENTED_EDGE('',*,*,#2313,.T.);
#2982=ORIENTED_EDGE('',*,*,#2314,.T.);
#2983=ORIENTED_EDGE('',*,*,#2311,.F.);
#2984=ORIENTED_EDGE('',*,*,#2108,.F.);
#2985=ORIENTED_EDGE('',*,*,#2315,.T.);
#2986=ORIENTED_EDGE('',*,*,#2316,.T.);
#2987=ORIENTED_EDGE('',*,*,#2313,.F.);
#2988=ORIENTED_EDGE('',*,*,#2107,.F.);
#2989=ORIENTED_EDGE('',*,*,#2317,.T.);
#2990=ORIENTED_EDGE('',*,*,#2318,.T.);
#2991=ORIENTED_EDGE('',*,*,#2315,.F.);
#2992=ORIENTED_EDGE('',*,*,#2106,.F.);
#2993=ORIENTED_EDGE('',*,*,#2319,.T.);
#2994=ORIENTED_EDGE('',*,*,#2320,.T.);
#2995=ORIENTED_EDGE('',*,*,#2317,.F.);
#2996=ORIENTED_EDGE('',*,*,#2105,.F.);
#2997=ORIENTED_EDGE('',*,*,#2321,.T.);
#2998=ORIENTED_EDGE('',*,*,#2322,.T.);
#2999=ORIENTED_EDGE('',*,*,#2319,.F.);
#3000=ORIENTED_EDGE('',*,*,#2104,.F.);
#3001=ORIENTED_EDGE('',*,*,#2323,.T.);
#3002=ORIENTED_EDGE('',*,*,#2324,.T.);
#3003=ORIENTED_EDGE('',*,*,#2321,.F.);
#3004=ORIENTED_EDGE('',*,*,#2103,.F.);
#3005=ORIENTED_EDGE('',*,*,#2325,.T.);
#3006=ORIENTED_EDGE('',*,*,#2326,.T.);
#3007=ORIENTED_EDGE('',*,*,#2323,.F.);
#3008=ORIENTED_EDGE('',*,*,#2102,.F.);
#3009=ORIENTED_EDGE('',*,*,#2327,.T.);
#3010=ORIENTED_EDGE('',*,*,#2328,.T.);
#3011=ORIENTED_EDGE('',*,*,#2325,.F.);
#3012=ORIENTED_EDGE('',*,*,#2101,.F.);
#3013=ORIENTED_EDGE('',*,*,#2329,.T.);
#3014=ORIENTED_EDGE('',*,*,#2330,.T.);
#3015=ORIENTED_EDGE('',*,*,#2327,.F.);
#3016=ORIENTED_EDGE('',*,*,#2100,.F.);
#3017=ORIENTED_EDGE('',*,*,#2331,.T.);
#3018=ORIENTED_EDGE('',*,*,#2332,.T.);
#3019=ORIENTED_EDGE('',*,*,#2329,.F.);
#3020=ORIENTED_EDGE('',*,*,#2099,.F.);
#3021=ORIENTED_EDGE('',*,*,#2333,.T.);
#3022=ORIENTED_EDGE('',*,*,#2334,.T.);
#3023=ORIENTED_EDGE('',*,*,#2331,.F.);
#3024=ORIENTED_EDGE('',*,*,#2098,.F.);
#3025=ORIENTED_EDGE('',*,*,#2302,.T.);
#3026=ORIENTED_EDGE('',*,*,#2335,.T.);
#3027=ORIENTED_EDGE('',*,*,#2333,.F.);
#3028=ORIENTED_EDGE('',*,*,#2335,.F.);
#3029=ORIENTED_EDGE('',*,*,#2301,.F.);
#3030=ORIENTED_EDGE('',*,*,#2304,.F.);
#3031=ORIENTED_EDGE('',*,*,#2306,.F.);
#3032=ORIENTED_EDGE('',*,*,#2308,.F.);
#3033=ORIENTED_EDGE('',*,*,#2310,.F.);
#3034=ORIENTED_EDGE('',*,*,#2312,.F.);
#3035=ORIENTED_EDGE('',*,*,#2314,.F.);
#3036=ORIENTED_EDGE('',*,*,#2316,.F.);
#3037=ORIENTED_EDGE('',*,*,#2318,.F.);
#3038=ORIENTED_EDGE('',*,*,#2320,.F.);
#3039=ORIENTED_EDGE('',*,*,#2322,.F.);
#3040=ORIENTED_EDGE('',*,*,#2324,.F.);
#3041=ORIENTED_EDGE('',*,*,#2326,.F.);
#3042=ORIENTED_EDGE('',*,*,#2328,.F.);
#3043=ORIENTED_EDGE('',*,*,#2330,.F.);
#3044=ORIENTED_EDGE('',*,*,#2332,.F.);
#3045=ORIENTED_EDGE('',*,*,#2334,.F.);
#3046=ORIENTED_EDGE('',*,*,#2299,.F.);
#3047=ORIENTED_EDGE('',*,*,#2275,.F.);
#3048=ORIENTED_EDGE('',*,*,#2279,.F.);
#3049=ORIENTED_EDGE('',*,*,#2282,.F.);
#3050=ORIENTED_EDGE('',*,*,#2285,.F.);
#3051=ORIENTED_EDGE('',*,*,#2288,.F.);
#3052=ORIENTED_EDGE('',*,*,#2291,.F.);
#3053=ORIENTED_EDGE('',*,*,#2294,.F.);
#3054=ORIENTED_EDGE('',*,*,#2297,.F.);
#3055=ORIENTED_EDGE('',*,*,#2268,.F.);
#3056=ORIENTED_EDGE('',*,*,#2336,.T.);
#3057=ORIENTED_EDGE('',*,*,#2337,.T.);
#3058=ORIENTED_EDGE('',*,*,#2338,.F.);
#3059=ORIENTED_EDGE('',*,*,#2267,.F.);
#3060=ORIENTED_EDGE('',*,*,#2339,.T.);
#3061=ORIENTED_EDGE('',*,*,#2340,.T.);
#3062=ORIENTED_EDGE('',*,*,#2336,.F.);
#3063=ORIENTED_EDGE('',*,*,#2266,.F.);
#3064=ORIENTED_EDGE('',*,*,#2341,.T.);
#3065=ORIENTED_EDGE('',*,*,#2342,.T.);
#3066=ORIENTED_EDGE('',*,*,#2339,.F.);
#3067=ORIENTED_EDGE('',*,*,#2265,.F.);
#3068=ORIENTED_EDGE('',*,*,#2343,.T.);
#3069=ORIENTED_EDGE('',*,*,#2344,.T.);
#3070=ORIENTED_EDGE('',*,*,#2341,.F.);
#3071=ORIENTED_EDGE('',*,*,#2264,.F.);
#3072=ORIENTED_EDGE('',*,*,#2345,.T.);
#3073=ORIENTED_EDGE('',*,*,#2346,.T.);
#3074=ORIENTED_EDGE('',*,*,#2343,.F.);
#3075=ORIENTED_EDGE('',*,*,#2263,.F.);
#3076=ORIENTED_EDGE('',*,*,#2347,.T.);
#3077=ORIENTED_EDGE('',*,*,#2348,.T.);
#3078=ORIENTED_EDGE('',*,*,#2345,.F.);
#3079=ORIENTED_EDGE('',*,*,#2262,.F.);
#3080=ORIENTED_EDGE('',*,*,#2349,.T.);
#3081=ORIENTED_EDGE('',*,*,#2350,.T.);
#3082=ORIENTED_EDGE('',*,*,#2347,.F.);
#3083=ORIENTED_EDGE('',*,*,#2261,.F.);
#3084=ORIENTED_EDGE('',*,*,#2351,.T.);
#3085=ORIENTED_EDGE('',*,*,#2352,.T.);
#3086=ORIENTED_EDGE('',*,*,#2349,.F.);
#3087=ORIENTED_EDGE('',*,*,#2260,.F.);
#3088=ORIENTED_EDGE('',*,*,#2353,.T.);
#3089=ORIENTED_EDGE('',*,*,#2354,.T.);
#3090=ORIENTED_EDGE('',*,*,#2351,.F.);
#3091=ORIENTED_EDGE('',*,*,#2259,.F.);
#3092=ORIENTED_EDGE('',*,*,#2355,.T.);
#3093=ORIENTED_EDGE('',*,*,#2356,.T.);
#3094=ORIENTED_EDGE('',*,*,#2353,.F.);
#3095=ORIENTED_EDGE('',*,*,#2258,.F.);
#3096=ORIENTED_EDGE('',*,*,#2357,.T.);
#3097=ORIENTED_EDGE('',*,*,#2358,.T.);
#3098=ORIENTED_EDGE('',*,*,#2355,.F.);
#3099=ORIENTED_EDGE('',*,*,#2257,.F.);
#3100=ORIENTED_EDGE('',*,*,#2359,.T.);
#3101=ORIENTED_EDGE('',*,*,#2360,.T.);
#3102=ORIENTED_EDGE('',*,*,#2357,.F.);
#3103=ORIENTED_EDGE('',*,*,#2256,.F.);
#3104=ORIENTED_EDGE('',*,*,#2361,.T.);
#3105=ORIENTED_EDGE('',*,*,#2362,.T.);
#3106=ORIENTED_EDGE('',*,*,#2359,.F.);
#3107=ORIENTED_EDGE('',*,*,#2255,.F.);
#3108=ORIENTED_EDGE('',*,*,#2363,.T.);
#3109=ORIENTED_EDGE('',*,*,#2364,.T.);
#3110=ORIENTED_EDGE('',*,*,#2361,.F.);
#3111=ORIENTED_EDGE('',*,*,#2254,.F.);
#3112=ORIENTED_EDGE('',*,*,#2365,.T.);
#3113=ORIENTED_EDGE('',*,*,#2366,.T.);
#3114=ORIENTED_EDGE('',*,*,#2363,.F.);
#3115=ORIENTED_EDGE('',*,*,#2253,.F.);
#3116=ORIENTED_EDGE('',*,*,#2367,.T.);
#3117=ORIENTED_EDGE('',*,*,#2368,.T.);
#3118=ORIENTED_EDGE('',*,*,#2365,.F.);
#3119=ORIENTED_EDGE('',*,*,#2369,.F.);
#3120=ORIENTED_EDGE('',*,*,#2370,.T.);
#3121=ORIENTED_EDGE('',*,*,#2367,.F.);
#3122=ORIENTED_EDGE('',*,*,#2252,.F.);
#3123=ORIENTED_EDGE('',*,*,#2371,.F.);
#3124=ORIENTED_EDGE('',*,*,#2269,.F.);
#3125=ORIENTED_EDGE('',*,*,#2338,.T.);
#3126=ORIENTED_EDGE('',*,*,#2372,.T.);
#3127=ORIENTED_EDGE('',*,*,#2373,.F.);
#3128=ORIENTED_EDGE('',*,*,#2372,.F.);
#3129=ORIENTED_EDGE('',*,*,#2337,.F.);
#3130=ORIENTED_EDGE('',*,*,#2340,.F.);
#3131=ORIENTED_EDGE('',*,*,#2342,.F.);
#3132=ORIENTED_EDGE('',*,*,#2344,.F.);
#3133=ORIENTED_EDGE('',*,*,#2346,.F.);
#3134=ORIENTED_EDGE('',*,*,#2348,.F.);
#3135=ORIENTED_EDGE('',*,*,#2350,.F.);
#3136=ORIENTED_EDGE('',*,*,#2352,.F.);
#3137=ORIENTED_EDGE('',*,*,#2354,.F.);
#3138=ORIENTED_EDGE('',*,*,#2356,.F.);
#3139=ORIENTED_EDGE('',*,*,#2358,.F.);
#3140=ORIENTED_EDGE('',*,*,#2360,.F.);
#3141=ORIENTED_EDGE('',*,*,#2362,.F.);
#3142=ORIENTED_EDGE('',*,*,#2364,.F.);
#3143=ORIENTED_EDGE('',*,*,#2366,.F.);
#3144=ORIENTED_EDGE('',*,*,#2368,.F.);
#3145=ORIENTED_EDGE('',*,*,#2370,.F.);
#3146=ORIENTED_EDGE('',*,*,#2115,.F.);
#3147=ORIENTED_EDGE('',*,*,#2374,.T.);
#3148=ORIENTED_EDGE('',*,*,#2375,.T.);
#3149=ORIENTED_EDGE('',*,*,#2376,.F.);
#3150=ORIENTED_EDGE('',*,*,#2164,.F.);
#3151=ORIENTED_EDGE('',*,*,#2377,.T.);
#3152=ORIENTED_EDGE('',*,*,#2378,.T.);
#3153=ORIENTED_EDGE('',*,*,#2374,.F.);
#3154=ORIENTED_EDGE('',*,*,#2163,.F.);
#3155=ORIENTED_EDGE('',*,*,#2379,.T.);
#3156=ORIENTED_EDGE('',*,*,#2380,.T.);
#3157=ORIENTED_EDGE('',*,*,#2377,.F.);
#3158=ORIENTED_EDGE('',*,*,#2162,.F.);
#3159=ORIENTED_EDGE('',*,*,#2381,.T.);
#3160=ORIENTED_EDGE('',*,*,#2382,.T.);
#3161=ORIENTED_EDGE('',*,*,#2379,.F.);
#3162=ORIENTED_EDGE('',*,*,#2161,.F.);
#3163=ORIENTED_EDGE('',*,*,#2383,.T.);
#3164=ORIENTED_EDGE('',*,*,#2384,.T.);
#3165=ORIENTED_EDGE('',*,*,#2381,.F.);
#3166=ORIENTED_EDGE('',*,*,#2160,.F.);
#3167=ORIENTED_EDGE('',*,*,#2385,.T.);
#3168=ORIENTED_EDGE('',*,*,#2386,.T.);
#3169=ORIENTED_EDGE('',*,*,#2383,.F.);
#3170=ORIENTED_EDGE('',*,*,#2159,.F.);
#3171=ORIENTED_EDGE('',*,*,#2387,.T.);
#3172=ORIENTED_EDGE('',*,*,#2388,.T.);
#3173=ORIENTED_EDGE('',*,*,#2385,.F.);
#3174=ORIENTED_EDGE('',*,*,#2158,.F.);
#3175=ORIENTED_EDGE('',*,*,#2389,.T.);
#3176=ORIENTED_EDGE('',*,*,#2390,.T.);
#3177=ORIENTED_EDGE('',*,*,#2387,.F.);
#3178=ORIENTED_EDGE('',*,*,#2157,.F.);
#3179=ORIENTED_EDGE('',*,*,#2391,.T.);
#3180=ORIENTED_EDGE('',*,*,#2392,.T.);
#3181=ORIENTED_EDGE('',*,*,#2389,.F.);
#3182=ORIENTED_EDGE('',*,*,#2156,.F.);
#3183=ORIENTED_EDGE('',*,*,#2393,.T.);
#3184=ORIENTED_EDGE('',*,*,#2394,.T.);
#3185=ORIENTED_EDGE('',*,*,#2391,.F.);
#3186=ORIENTED_EDGE('',*,*,#2155,.F.);
#3187=ORIENTED_EDGE('',*,*,#2395,.T.);
#3188=ORIENTED_EDGE('',*,*,#2396,.T.);
#3189=ORIENTED_EDGE('',*,*,#2393,.F.);
#3190=ORIENTED_EDGE('',*,*,#2154,.F.);
#3191=ORIENTED_EDGE('',*,*,#2397,.T.);
#3192=ORIENTED_EDGE('',*,*,#2398,.T.);
#3193=ORIENTED_EDGE('',*,*,#2395,.F.);
#3194=ORIENTED_EDGE('',*,*,#2153,.F.);
#3195=ORIENTED_EDGE('',*,*,#2399,.T.);
#3196=ORIENTED_EDGE('',*,*,#2400,.T.);
#3197=ORIENTED_EDGE('',*,*,#2397,.F.);
#3198=ORIENTED_EDGE('',*,*,#2152,.F.);
#3199=ORIENTED_EDGE('',*,*,#2401,.T.);
#3200=ORIENTED_EDGE('',*,*,#2402,.T.);
#3201=ORIENTED_EDGE('',*,*,#2399,.F.);
#3202=ORIENTED_EDGE('',*,*,#2151,.F.);
#3203=ORIENTED_EDGE('',*,*,#2403,.T.);
#3204=ORIENTED_EDGE('',*,*,#2404,.T.);
#3205=ORIENTED_EDGE('',*,*,#2401,.F.);
#3206=ORIENTED_EDGE('',*,*,#2150,.F.);
#3207=ORIENTED_EDGE('',*,*,#2405,.T.);
#3208=ORIENTED_EDGE('',*,*,#2406,.T.);
#3209=ORIENTED_EDGE('',*,*,#2403,.F.);
#3210=ORIENTED_EDGE('',*,*,#2149,.F.);
#3211=ORIENTED_EDGE('',*,*,#2407,.T.);
#3212=ORIENTED_EDGE('',*,*,#2408,.T.);
#3213=ORIENTED_EDGE('',*,*,#2405,.F.);
#3214=ORIENTED_EDGE('',*,*,#2148,.F.);
#3215=ORIENTED_EDGE('',*,*,#2409,.T.);
#3216=ORIENTED_EDGE('',*,*,#2410,.T.);
#3217=ORIENTED_EDGE('',*,*,#2407,.F.);
#3218=ORIENTED_EDGE('',*,*,#2147,.F.);
#3219=ORIENTED_EDGE('',*,*,#2411,.T.);
#3220=ORIENTED_EDGE('',*,*,#2412,.T.);
#3221=ORIENTED_EDGE('',*,*,#2409,.F.);
#3222=ORIENTED_EDGE('',*,*,#2146,.F.);
#3223=ORIENTED_EDGE('',*,*,#2413,.T.);
#3224=ORIENTED_EDGE('',*,*,#2414,.T.);
#3225=ORIENTED_EDGE('',*,*,#2411,.F.);
#3226=ORIENTED_EDGE('',*,*,#2145,.F.);
#3227=ORIENTED_EDGE('',*,*,#2415,.T.);
#3228=ORIENTED_EDGE('',*,*,#2416,.T.);
#3229=ORIENTED_EDGE('',*,*,#2413,.F.);
#3230=ORIENTED_EDGE('',*,*,#2144,.F.);
#3231=ORIENTED_EDGE('',*,*,#2417,.T.);
#3232=ORIENTED_EDGE('',*,*,#2418,.T.);
#3233=ORIENTED_EDGE('',*,*,#2415,.F.);
#3234=ORIENTED_EDGE('',*,*,#2143,.F.);
#3235=ORIENTED_EDGE('',*,*,#2419,.T.);
#3236=ORIENTED_EDGE('',*,*,#2420,.T.);
#3237=ORIENTED_EDGE('',*,*,#2417,.F.);
#3238=ORIENTED_EDGE('',*,*,#2142,.F.);
#3239=ORIENTED_EDGE('',*,*,#2421,.T.);
#3240=ORIENTED_EDGE('',*,*,#2422,.T.);
#3241=ORIENTED_EDGE('',*,*,#2419,.F.);
#3242=ORIENTED_EDGE('',*,*,#2141,.F.);
#3243=ORIENTED_EDGE('',*,*,#2423,.T.);
#3244=ORIENTED_EDGE('',*,*,#2424,.T.);
#3245=ORIENTED_EDGE('',*,*,#2421,.F.);
#3246=ORIENTED_EDGE('',*,*,#2140,.F.);
#3247=ORIENTED_EDGE('',*,*,#2425,.T.);
#3248=ORIENTED_EDGE('',*,*,#2426,.T.);
#3249=ORIENTED_EDGE('',*,*,#2423,.F.);
#3250=ORIENTED_EDGE('',*,*,#2139,.F.);
#3251=ORIENTED_EDGE('',*,*,#2427,.T.);
#3252=ORIENTED_EDGE('',*,*,#2428,.T.);
#3253=ORIENTED_EDGE('',*,*,#2425,.F.);
#3254=ORIENTED_EDGE('',*,*,#2138,.F.);
#3255=ORIENTED_EDGE('',*,*,#2429,.T.);
#3256=ORIENTED_EDGE('',*,*,#2430,.T.);
#3257=ORIENTED_EDGE('',*,*,#2427,.F.);
#3258=ORIENTED_EDGE('',*,*,#2137,.F.);
#3259=ORIENTED_EDGE('',*,*,#2431,.T.);
#3260=ORIENTED_EDGE('',*,*,#2432,.T.);
#3261=ORIENTED_EDGE('',*,*,#2429,.F.);
#3262=ORIENTED_EDGE('',*,*,#2136,.F.);
#3263=ORIENTED_EDGE('',*,*,#2433,.T.);
#3264=ORIENTED_EDGE('',*,*,#2434,.T.);
#3265=ORIENTED_EDGE('',*,*,#2431,.F.);
#3266=ORIENTED_EDGE('',*,*,#2135,.F.);
#3267=ORIENTED_EDGE('',*,*,#2435,.T.);
#3268=ORIENTED_EDGE('',*,*,#2436,.T.);
#3269=ORIENTED_EDGE('',*,*,#2433,.F.);
#3270=ORIENTED_EDGE('',*,*,#2134,.F.);
#3271=ORIENTED_EDGE('',*,*,#2437,.T.);
#3272=ORIENTED_EDGE('',*,*,#2438,.T.);
#3273=ORIENTED_EDGE('',*,*,#2435,.F.);
#3274=ORIENTED_EDGE('',*,*,#2133,.F.);
#3275=ORIENTED_EDGE('',*,*,#2439,.T.);
#3276=ORIENTED_EDGE('',*,*,#2440,.T.);
#3277=ORIENTED_EDGE('',*,*,#2437,.F.);
#3278=ORIENTED_EDGE('',*,*,#2132,.F.);
#3279=ORIENTED_EDGE('',*,*,#2441,.T.);
#3280=ORIENTED_EDGE('',*,*,#2442,.T.);
#3281=ORIENTED_EDGE('',*,*,#2439,.F.);
#3282=ORIENTED_EDGE('',*,*,#2131,.F.);
#3283=ORIENTED_EDGE('',*,*,#2443,.T.);
#3284=ORIENTED_EDGE('',*,*,#2444,.T.);
#3285=ORIENTED_EDGE('',*,*,#2441,.F.);
#3286=ORIENTED_EDGE('',*,*,#2130,.F.);
#3287=ORIENTED_EDGE('',*,*,#2445,.T.);
#3288=ORIENTED_EDGE('',*,*,#2446,.T.);
#3289=ORIENTED_EDGE('',*,*,#2443,.F.);
#3290=ORIENTED_EDGE('',*,*,#2129,.F.);
#3291=ORIENTED_EDGE('',*,*,#2447,.T.);
#3292=ORIENTED_EDGE('',*,*,#2448,.T.);
#3293=ORIENTED_EDGE('',*,*,#2445,.F.);
#3294=ORIENTED_EDGE('',*,*,#2128,.F.);
#3295=ORIENTED_EDGE('',*,*,#2449,.T.);
#3296=ORIENTED_EDGE('',*,*,#2450,.T.);
#3297=ORIENTED_EDGE('',*,*,#2447,.F.);
#3298=ORIENTED_EDGE('',*,*,#2127,.F.);
#3299=ORIENTED_EDGE('',*,*,#2451,.T.);
#3300=ORIENTED_EDGE('',*,*,#2452,.T.);
#3301=ORIENTED_EDGE('',*,*,#2449,.F.);
#3302=ORIENTED_EDGE('',*,*,#2126,.F.);
#3303=ORIENTED_EDGE('',*,*,#2453,.T.);
#3304=ORIENTED_EDGE('',*,*,#2454,.T.);
#3305=ORIENTED_EDGE('',*,*,#2451,.F.);
#3306=ORIENTED_EDGE('',*,*,#2125,.F.);
#3307=ORIENTED_EDGE('',*,*,#2455,.T.);
#3308=ORIENTED_EDGE('',*,*,#2456,.T.);
#3309=ORIENTED_EDGE('',*,*,#2453,.F.);
#3310=ORIENTED_EDGE('',*,*,#2124,.F.);
#3311=ORIENTED_EDGE('',*,*,#2457,.T.);
#3312=ORIENTED_EDGE('',*,*,#2458,.T.);
#3313=ORIENTED_EDGE('',*,*,#2455,.F.);
#3314=ORIENTED_EDGE('',*,*,#2123,.F.);
#3315=ORIENTED_EDGE('',*,*,#2459,.T.);
#3316=ORIENTED_EDGE('',*,*,#2460,.T.);
#3317=ORIENTED_EDGE('',*,*,#2457,.F.);
#3318=ORIENTED_EDGE('',*,*,#2122,.F.);
#3319=ORIENTED_EDGE('',*,*,#2461,.T.);
#3320=ORIENTED_EDGE('',*,*,#2462,.T.);
#3321=ORIENTED_EDGE('',*,*,#2459,.F.);
#3322=ORIENTED_EDGE('',*,*,#2121,.F.);
#3323=ORIENTED_EDGE('',*,*,#2463,.T.);
#3324=ORIENTED_EDGE('',*,*,#2464,.T.);
#3325=ORIENTED_EDGE('',*,*,#2461,.F.);
#3326=ORIENTED_EDGE('',*,*,#2120,.F.);
#3327=ORIENTED_EDGE('',*,*,#2465,.T.);
#3328=ORIENTED_EDGE('',*,*,#2466,.T.);
#3329=ORIENTED_EDGE('',*,*,#2463,.F.);
#3330=ORIENTED_EDGE('',*,*,#2119,.F.);
#3331=ORIENTED_EDGE('',*,*,#2467,.T.);
#3332=ORIENTED_EDGE('',*,*,#2468,.T.);
#3333=ORIENTED_EDGE('',*,*,#2465,.F.);
#3334=ORIENTED_EDGE('',*,*,#2118,.F.);
#3335=ORIENTED_EDGE('',*,*,#2469,.T.);
#3336=ORIENTED_EDGE('',*,*,#2470,.T.);
#3337=ORIENTED_EDGE('',*,*,#2467,.F.);
#3338=ORIENTED_EDGE('',*,*,#2117,.F.);
#3339=ORIENTED_EDGE('',*,*,#2471,.T.);
#3340=ORIENTED_EDGE('',*,*,#2472,.T.);
#3341=ORIENTED_EDGE('',*,*,#2469,.F.);
#3342=ORIENTED_EDGE('',*,*,#2116,.F.);
#3343=ORIENTED_EDGE('',*,*,#2376,.T.);
#3344=ORIENTED_EDGE('',*,*,#2473,.T.);
#3345=ORIENTED_EDGE('',*,*,#2471,.F.);
#3346=ORIENTED_EDGE('',*,*,#2473,.F.);
#3347=ORIENTED_EDGE('',*,*,#2375,.F.);
#3348=ORIENTED_EDGE('',*,*,#2378,.F.);
#3349=ORIENTED_EDGE('',*,*,#2380,.F.);
#3350=ORIENTED_EDGE('',*,*,#2382,.F.);
#3351=ORIENTED_EDGE('',*,*,#2384,.F.);
#3352=ORIENTED_EDGE('',*,*,#2386,.F.);
#3353=ORIENTED_EDGE('',*,*,#2388,.F.);
#3354=ORIENTED_EDGE('',*,*,#2390,.F.);
#3355=ORIENTED_EDGE('',*,*,#2392,.F.);
#3356=ORIENTED_EDGE('',*,*,#2394,.F.);
#3357=ORIENTED_EDGE('',*,*,#2396,.F.);
#3358=ORIENTED_EDGE('',*,*,#2398,.F.);
#3359=ORIENTED_EDGE('',*,*,#2400,.F.);
#3360=ORIENTED_EDGE('',*,*,#2402,.F.);
#3361=ORIENTED_EDGE('',*,*,#2404,.F.);
#3362=ORIENTED_EDGE('',*,*,#2406,.F.);
#3363=ORIENTED_EDGE('',*,*,#2408,.F.);
#3364=ORIENTED_EDGE('',*,*,#2410,.F.);
#3365=ORIENTED_EDGE('',*,*,#2412,.F.);
#3366=ORIENTED_EDGE('',*,*,#2414,.F.);
#3367=ORIENTED_EDGE('',*,*,#2416,.F.);
#3368=ORIENTED_EDGE('',*,*,#2418,.F.);
#3369=ORIENTED_EDGE('',*,*,#2420,.F.);
#3370=ORIENTED_EDGE('',*,*,#2422,.F.);
#3371=ORIENTED_EDGE('',*,*,#2424,.F.);
#3372=ORIENTED_EDGE('',*,*,#2426,.F.);
#3373=ORIENTED_EDGE('',*,*,#2428,.F.);
#3374=ORIENTED_EDGE('',*,*,#2430,.F.);
#3375=ORIENTED_EDGE('',*,*,#2432,.F.);
#3376=ORIENTED_EDGE('',*,*,#2434,.F.);
#3377=ORIENTED_EDGE('',*,*,#2436,.F.);
#3378=ORIENTED_EDGE('',*,*,#2438,.F.);
#3379=ORIENTED_EDGE('',*,*,#2440,.F.);
#3380=ORIENTED_EDGE('',*,*,#2442,.F.);
#3381=ORIENTED_EDGE('',*,*,#2444,.F.);
#3382=ORIENTED_EDGE('',*,*,#2446,.F.);
#3383=ORIENTED_EDGE('',*,*,#2448,.F.);
#3384=ORIENTED_EDGE('',*,*,#2450,.F.);
#3385=ORIENTED_EDGE('',*,*,#2452,.F.);
#3386=ORIENTED_EDGE('',*,*,#2454,.F.);
#3387=ORIENTED_EDGE('',*,*,#2456,.F.);
#3388=ORIENTED_EDGE('',*,*,#2458,.F.);
#3389=ORIENTED_EDGE('',*,*,#2460,.F.);
#3390=ORIENTED_EDGE('',*,*,#2462,.F.);
#3391=ORIENTED_EDGE('',*,*,#2464,.F.);
#3392=ORIENTED_EDGE('',*,*,#2466,.F.);
#3393=ORIENTED_EDGE('',*,*,#2468,.F.);
#3394=ORIENTED_EDGE('',*,*,#2470,.F.);
#3395=ORIENTED_EDGE('',*,*,#2472,.F.);
#3396=ORIENTED_EDGE('',*,*,#2474,.F.);
#3397=ORIENTED_EDGE('',*,*,#2475,.T.);
#3398=ORIENTED_EDGE('',*,*,#2476,.T.);
#3399=ORIENTED_EDGE('',*,*,#2477,.F.);
#3400=ORIENTED_EDGE('',*,*,#2478,.F.);
#3401=ORIENTED_EDGE('',*,*,#2479,.T.);
#3402=ORIENTED_EDGE('',*,*,#2480,.T.);
#3403=ORIENTED_EDGE('',*,*,#2475,.F.);
#3404=ORIENTED_EDGE('',*,*,#2481,.F.);
#3405=ORIENTED_EDGE('',*,*,#2482,.T.);
#3406=ORIENTED_EDGE('',*,*,#2483,.T.);
#3407=ORIENTED_EDGE('',*,*,#2479,.F.);
#3408=ORIENTED_EDGE('',*,*,#2484,.F.);
#3409=ORIENTED_EDGE('',*,*,#2485,.T.);
#3410=ORIENTED_EDGE('',*,*,#2486,.T.);
#3411=ORIENTED_EDGE('',*,*,#2482,.F.);
#3412=ORIENTED_EDGE('',*,*,#2487,.F.);
#3413=ORIENTED_EDGE('',*,*,#2488,.T.);
#3414=ORIENTED_EDGE('',*,*,#2489,.T.);
#3415=ORIENTED_EDGE('',*,*,#2485,.F.);
#3416=ORIENTED_EDGE('',*,*,#2490,.F.);
#3417=ORIENTED_EDGE('',*,*,#2491,.T.);
#3418=ORIENTED_EDGE('',*,*,#2492,.T.);
#3419=ORIENTED_EDGE('',*,*,#2488,.F.);
#3420=ORIENTED_EDGE('',*,*,#2493,.F.);
#3421=ORIENTED_EDGE('',*,*,#2494,.T.);
#3422=ORIENTED_EDGE('',*,*,#2495,.T.);
#3423=ORIENTED_EDGE('',*,*,#2491,.F.);
#3424=ORIENTED_EDGE('',*,*,#2496,.F.);
#3425=ORIENTED_EDGE('',*,*,#2497,.T.);
#3426=ORIENTED_EDGE('',*,*,#2498,.T.);
#3427=ORIENTED_EDGE('',*,*,#2494,.F.);
#3428=ORIENTED_EDGE('',*,*,#2499,.F.);
#3429=ORIENTED_EDGE('',*,*,#2477,.T.);
#3430=ORIENTED_EDGE('',*,*,#2500,.T.);
#3431=ORIENTED_EDGE('',*,*,#2497,.F.);
#3432=ORIENTED_EDGE('',*,*,#2165,.F.);
#3433=ORIENTED_EDGE('',*,*,#2501,.T.);
#3434=ORIENTED_EDGE('',*,*,#2502,.T.);
#3435=ORIENTED_EDGE('',*,*,#2503,.F.);
#3436=ORIENTED_EDGE('',*,*,#2182,.F.);
#3437=ORIENTED_EDGE('',*,*,#2504,.T.);
#3438=ORIENTED_EDGE('',*,*,#2505,.T.);
#3439=ORIENTED_EDGE('',*,*,#2501,.F.);
#3440=ORIENTED_EDGE('',*,*,#2181,.F.);
#3441=ORIENTED_EDGE('',*,*,#2506,.T.);
#3442=ORIENTED_EDGE('',*,*,#2507,.T.);
#3443=ORIENTED_EDGE('',*,*,#2504,.F.);
#3444=ORIENTED_EDGE('',*,*,#2180,.F.);
#3445=ORIENTED_EDGE('',*,*,#2508,.T.);
#3446=ORIENTED_EDGE('',*,*,#2509,.T.);
#3447=ORIENTED_EDGE('',*,*,#2506,.F.);
#3448=ORIENTED_EDGE('',*,*,#2179,.F.);
#3449=ORIENTED_EDGE('',*,*,#2510,.T.);
#3450=ORIENTED_EDGE('',*,*,#2511,.T.);
#3451=ORIENTED_EDGE('',*,*,#2508,.F.);
#3452=ORIENTED_EDGE('',*,*,#2178,.F.);
#3453=ORIENTED_EDGE('',*,*,#2512,.T.);
#3454=ORIENTED_EDGE('',*,*,#2513,.T.);
#3455=ORIENTED_EDGE('',*,*,#2510,.F.);
#3456=ORIENTED_EDGE('',*,*,#2177,.F.);
#3457=ORIENTED_EDGE('',*,*,#2514,.T.);
#3458=ORIENTED_EDGE('',*,*,#2515,.T.);
#3459=ORIENTED_EDGE('',*,*,#2512,.F.);
#3460=ORIENTED_EDGE('',*,*,#2176,.F.);
#3461=ORIENTED_EDGE('',*,*,#2516,.T.);
#3462=ORIENTED_EDGE('',*,*,#2517,.T.);
#3463=ORIENTED_EDGE('',*,*,#2514,.F.);
#3464=ORIENTED_EDGE('',*,*,#2175,.F.);
#3465=ORIENTED_EDGE('',*,*,#2518,.T.);
#3466=ORIENTED_EDGE('',*,*,#2519,.T.);
#3467=ORIENTED_EDGE('',*,*,#2516,.F.);
#3468=ORIENTED_EDGE('',*,*,#2174,.F.);
#3469=ORIENTED_EDGE('',*,*,#2520,.T.);
#3470=ORIENTED_EDGE('',*,*,#2521,.T.);
#3471=ORIENTED_EDGE('',*,*,#2518,.F.);
#3472=ORIENTED_EDGE('',*,*,#2173,.F.);
#3473=ORIENTED_EDGE('',*,*,#2522,.T.);
#3474=ORIENTED_EDGE('',*,*,#2523,.T.);
#3475=ORIENTED_EDGE('',*,*,#2520,.F.);
#3476=ORIENTED_EDGE('',*,*,#2172,.F.);
#3477=ORIENTED_EDGE('',*,*,#2524,.T.);
#3478=ORIENTED_EDGE('',*,*,#2525,.T.);
#3479=ORIENTED_EDGE('',*,*,#2522,.F.);
#3480=ORIENTED_EDGE('',*,*,#2171,.F.);
#3481=ORIENTED_EDGE('',*,*,#2526,.T.);
#3482=ORIENTED_EDGE('',*,*,#2527,.T.);
#3483=ORIENTED_EDGE('',*,*,#2524,.F.);
#3484=ORIENTED_EDGE('',*,*,#2170,.F.);
#3485=ORIENTED_EDGE('',*,*,#2528,.T.);
#3486=ORIENTED_EDGE('',*,*,#2529,.T.);
#3487=ORIENTED_EDGE('',*,*,#2526,.F.);
#3488=ORIENTED_EDGE('',*,*,#2169,.F.);
#3489=ORIENTED_EDGE('',*,*,#2530,.T.);
#3490=ORIENTED_EDGE('',*,*,#2531,.T.);
#3491=ORIENTED_EDGE('',*,*,#2528,.F.);
#3492=ORIENTED_EDGE('',*,*,#2168,.F.);
#3493=ORIENTED_EDGE('',*,*,#2532,.T.);
#3494=ORIENTED_EDGE('',*,*,#2533,.T.);
#3495=ORIENTED_EDGE('',*,*,#2530,.F.);
#3496=ORIENTED_EDGE('',*,*,#2167,.F.);
#3497=ORIENTED_EDGE('',*,*,#2534,.T.);
#3498=ORIENTED_EDGE('',*,*,#2535,.T.);
#3499=ORIENTED_EDGE('',*,*,#2532,.F.);
#3500=ORIENTED_EDGE('',*,*,#2166,.F.);
#3501=ORIENTED_EDGE('',*,*,#2503,.T.);
#3502=ORIENTED_EDGE('',*,*,#2536,.T.);
#3503=ORIENTED_EDGE('',*,*,#2534,.F.);
#3504=ORIENTED_EDGE('',*,*,#2536,.F.);
#3505=ORIENTED_EDGE('',*,*,#2502,.F.);
#3506=ORIENTED_EDGE('',*,*,#2505,.F.);
#3507=ORIENTED_EDGE('',*,*,#2507,.F.);
#3508=ORIENTED_EDGE('',*,*,#2509,.F.);
#3509=ORIENTED_EDGE('',*,*,#2511,.F.);
#3510=ORIENTED_EDGE('',*,*,#2513,.F.);
#3511=ORIENTED_EDGE('',*,*,#2515,.F.);
#3512=ORIENTED_EDGE('',*,*,#2517,.F.);
#3513=ORIENTED_EDGE('',*,*,#2519,.F.);
#3514=ORIENTED_EDGE('',*,*,#2521,.F.);
#3515=ORIENTED_EDGE('',*,*,#2523,.F.);
#3516=ORIENTED_EDGE('',*,*,#2525,.F.);
#3517=ORIENTED_EDGE('',*,*,#2527,.F.);
#3518=ORIENTED_EDGE('',*,*,#2529,.F.);
#3519=ORIENTED_EDGE('',*,*,#2531,.F.);
#3520=ORIENTED_EDGE('',*,*,#2533,.F.);
#3521=ORIENTED_EDGE('',*,*,#2535,.F.);
#3522=ORIENTED_EDGE('',*,*,#2500,.F.);
#3523=ORIENTED_EDGE('',*,*,#2476,.F.);
#3524=ORIENTED_EDGE('',*,*,#2480,.F.);
#3525=ORIENTED_EDGE('',*,*,#2483,.F.);
#3526=ORIENTED_EDGE('',*,*,#2486,.F.);
#3527=ORIENTED_EDGE('',*,*,#2489,.F.);
#3528=ORIENTED_EDGE('',*,*,#2492,.F.);
#3529=ORIENTED_EDGE('',*,*,#2495,.F.);
#3530=ORIENTED_EDGE('',*,*,#2498,.F.);
#3531=ORIENTED_EDGE('',*,*,#2537,.F.);
#3532=ORIENTED_EDGE('',*,*,#2538,.T.);
#3533=ORIENTED_EDGE('',*,*,#2539,.T.);
#3534=ORIENTED_EDGE('',*,*,#2540,.F.);
#3535=ORIENTED_EDGE('',*,*,#2541,.F.);
#3536=ORIENTED_EDGE('',*,*,#2542,.T.);
#3537=ORIENTED_EDGE('',*,*,#2543,.T.);
#3538=ORIENTED_EDGE('',*,*,#2538,.F.);
#3539=ORIENTED_EDGE('',*,*,#2544,.F.);
#3540=ORIENTED_EDGE('',*,*,#2545,.T.);
#3541=ORIENTED_EDGE('',*,*,#2546,.T.);
#3542=ORIENTED_EDGE('',*,*,#2542,.F.);
#3543=ORIENTED_EDGE('',*,*,#2547,.F.);
#3544=ORIENTED_EDGE('',*,*,#2548,.T.);
#3545=ORIENTED_EDGE('',*,*,#2549,.T.);
#3546=ORIENTED_EDGE('',*,*,#2545,.F.);
#3547=ORIENTED_EDGE('',*,*,#2550,.F.);
#3548=ORIENTED_EDGE('',*,*,#2551,.T.);
#3549=ORIENTED_EDGE('',*,*,#2552,.T.);
#3550=ORIENTED_EDGE('',*,*,#2548,.F.);
#3551=ORIENTED_EDGE('',*,*,#2553,.F.);
#3552=ORIENTED_EDGE('',*,*,#2554,.T.);
#3553=ORIENTED_EDGE('',*,*,#2555,.T.);
#3554=ORIENTED_EDGE('',*,*,#2551,.F.);
#3555=ORIENTED_EDGE('',*,*,#2556,.F.);
#3556=ORIENTED_EDGE('',*,*,#2557,.T.);
#3557=ORIENTED_EDGE('',*,*,#2558,.T.);
#3558=ORIENTED_EDGE('',*,*,#2554,.F.);
#3559=ORIENTED_EDGE('',*,*,#2559,.F.);
#3560=ORIENTED_EDGE('',*,*,#2560,.T.);
#3561=ORIENTED_EDGE('',*,*,#2561,.T.);
#3562=ORIENTED_EDGE('',*,*,#2557,.F.);
#3563=ORIENTED_EDGE('',*,*,#2562,.F.);
#3564=ORIENTED_EDGE('',*,*,#2540,.T.);
#3565=ORIENTED_EDGE('',*,*,#2563,.T.);
#3566=ORIENTED_EDGE('',*,*,#2560,.F.);
#3567=ORIENTED_EDGE('',*,*,#2183,.F.);
#3568=ORIENTED_EDGE('',*,*,#2564,.T.);
#3569=ORIENTED_EDGE('',*,*,#2565,.T.);
#3570=ORIENTED_EDGE('',*,*,#2566,.F.);
#3571=ORIENTED_EDGE('',*,*,#2200,.F.);
#3572=ORIENTED_EDGE('',*,*,#2567,.T.);
#3573=ORIENTED_EDGE('',*,*,#2568,.T.);
#3574=ORIENTED_EDGE('',*,*,#2564,.F.);
#3575=ORIENTED_EDGE('',*,*,#2199,.F.);
#3576=ORIENTED_EDGE('',*,*,#2569,.T.);
#3577=ORIENTED_EDGE('',*,*,#2570,.T.);
#3578=ORIENTED_EDGE('',*,*,#2567,.F.);
#3579=ORIENTED_EDGE('',*,*,#2198,.F.);
#3580=ORIENTED_EDGE('',*,*,#2571,.T.);
#3581=ORIENTED_EDGE('',*,*,#2572,.T.);
#3582=ORIENTED_EDGE('',*,*,#2569,.F.);
#3583=ORIENTED_EDGE('',*,*,#2197,.F.);
#3584=ORIENTED_EDGE('',*,*,#2573,.T.);
#3585=ORIENTED_EDGE('',*,*,#2574,.T.);
#3586=ORIENTED_EDGE('',*,*,#2571,.F.);
#3587=ORIENTED_EDGE('',*,*,#2196,.F.);
#3588=ORIENTED_EDGE('',*,*,#2575,.T.);
#3589=ORIENTED_EDGE('',*,*,#2576,.T.);
#3590=ORIENTED_EDGE('',*,*,#2573,.F.);
#3591=ORIENTED_EDGE('',*,*,#2195,.F.);
#3592=ORIENTED_EDGE('',*,*,#2577,.T.);
#3593=ORIENTED_EDGE('',*,*,#2578,.T.);
#3594=ORIENTED_EDGE('',*,*,#2575,.F.);
#3595=ORIENTED_EDGE('',*,*,#2194,.F.);
#3596=ORIENTED_EDGE('',*,*,#2579,.T.);
#3597=ORIENTED_EDGE('',*,*,#2580,.T.);
#3598=ORIENTED_EDGE('',*,*,#2577,.F.);
#3599=ORIENTED_EDGE('',*,*,#2193,.F.);
#3600=ORIENTED_EDGE('',*,*,#2581,.T.);
#3601=ORIENTED_EDGE('',*,*,#2582,.T.);
#3602=ORIENTED_EDGE('',*,*,#2579,.F.);
#3603=ORIENTED_EDGE('',*,*,#2192,.F.);
#3604=ORIENTED_EDGE('',*,*,#2583,.T.);
#3605=ORIENTED_EDGE('',*,*,#2584,.T.);
#3606=ORIENTED_EDGE('',*,*,#2581,.F.);
#3607=ORIENTED_EDGE('',*,*,#2191,.F.);
#3608=ORIENTED_EDGE('',*,*,#2585,.T.);
#3609=ORIENTED_EDGE('',*,*,#2586,.T.);
#3610=ORIENTED_EDGE('',*,*,#2583,.F.);
#3611=ORIENTED_EDGE('',*,*,#2190,.F.);
#3612=ORIENTED_EDGE('',*,*,#2587,.T.);
#3613=ORIENTED_EDGE('',*,*,#2588,.T.);
#3614=ORIENTED_EDGE('',*,*,#2585,.F.);
#3615=ORIENTED_EDGE('',*,*,#2189,.F.);
#3616=ORIENTED_EDGE('',*,*,#2589,.T.);
#3617=ORIENTED_EDGE('',*,*,#2590,.T.);
#3618=ORIENTED_EDGE('',*,*,#2587,.F.);
#3619=ORIENTED_EDGE('',*,*,#2188,.F.);
#3620=ORIENTED_EDGE('',*,*,#2591,.T.);
#3621=ORIENTED_EDGE('',*,*,#2592,.T.);
#3622=ORIENTED_EDGE('',*,*,#2589,.F.);
#3623=ORIENTED_EDGE('',*,*,#2187,.F.);
#3624=ORIENTED_EDGE('',*,*,#2593,.T.);
#3625=ORIENTED_EDGE('',*,*,#2594,.T.);
#3626=ORIENTED_EDGE('',*,*,#2591,.F.);
#3627=ORIENTED_EDGE('',*,*,#2186,.F.);
#3628=ORIENTED_EDGE('',*,*,#2595,.T.);
#3629=ORIENTED_EDGE('',*,*,#2596,.T.);
#3630=ORIENTED_EDGE('',*,*,#2593,.F.);
#3631=ORIENTED_EDGE('',*,*,#2185,.F.);
#3632=ORIENTED_EDGE('',*,*,#2597,.T.);
#3633=ORIENTED_EDGE('',*,*,#2598,.T.);
#3634=ORIENTED_EDGE('',*,*,#2595,.F.);
#3635=ORIENTED_EDGE('',*,*,#2184,.F.);
#3636=ORIENTED_EDGE('',*,*,#2566,.T.);
#3637=ORIENTED_EDGE('',*,*,#2599,.T.);
#3638=ORIENTED_EDGE('',*,*,#2597,.F.);
#3639=ORIENTED_EDGE('',*,*,#2599,.F.);
#3640=ORIENTED_EDGE('',*,*,#2565,.F.);
#3641=ORIENTED_EDGE('',*,*,#2568,.F.);
#3642=ORIENTED_EDGE('',*,*,#2570,.F.);
#3643=ORIENTED_EDGE('',*,*,#2572,.F.);
#3644=ORIENTED_EDGE('',*,*,#2574,.F.);
#3645=ORIENTED_EDGE('',*,*,#2576,.F.);
#3646=ORIENTED_EDGE('',*,*,#2578,.F.);
#3647=ORIENTED_EDGE('',*,*,#2580,.F.);
#3648=ORIENTED_EDGE('',*,*,#2582,.F.);
#3649=ORIENTED_EDGE('',*,*,#2584,.F.);
#3650=ORIENTED_EDGE('',*,*,#2586,.F.);
#3651=ORIENTED_EDGE('',*,*,#2588,.F.);
#3652=ORIENTED_EDGE('',*,*,#2590,.F.);
#3653=ORIENTED_EDGE('',*,*,#2592,.F.);
#3654=ORIENTED_EDGE('',*,*,#2594,.F.);
#3655=ORIENTED_EDGE('',*,*,#2596,.F.);
#3656=ORIENTED_EDGE('',*,*,#2598,.F.);
#3657=ORIENTED_EDGE('',*,*,#2563,.F.);
#3658=ORIENTED_EDGE('',*,*,#2539,.F.);
#3659=ORIENTED_EDGE('',*,*,#2543,.F.);
#3660=ORIENTED_EDGE('',*,*,#2546,.F.);
#3661=ORIENTED_EDGE('',*,*,#2549,.F.);
#3662=ORIENTED_EDGE('',*,*,#2552,.F.);
#3663=ORIENTED_EDGE('',*,*,#2555,.F.);
#3664=ORIENTED_EDGE('',*,*,#2558,.F.);
#3665=ORIENTED_EDGE('',*,*,#2561,.F.);
#3666=ORIENTED_EDGE('',*,*,#2201,.F.);
#3667=ORIENTED_EDGE('',*,*,#2600,.T.);
#3668=ORIENTED_EDGE('',*,*,#2601,.T.);
#3669=ORIENTED_EDGE('',*,*,#2602,.F.);
#3670=ORIENTED_EDGE('',*,*,#2216,.F.);
#3671=ORIENTED_EDGE('',*,*,#2603,.T.);
#3672=ORIENTED_EDGE('',*,*,#2604,.T.);
#3673=ORIENTED_EDGE('',*,*,#2600,.F.);
#3674=ORIENTED_EDGE('',*,*,#2215,.F.);
#3675=ORIENTED_EDGE('',*,*,#2605,.T.);
#3676=ORIENTED_EDGE('',*,*,#2606,.T.);
#3677=ORIENTED_EDGE('',*,*,#2603,.F.);
#3678=ORIENTED_EDGE('',*,*,#2214,.F.);
#3679=ORIENTED_EDGE('',*,*,#2607,.T.);
#3680=ORIENTED_EDGE('',*,*,#2608,.T.);
#3681=ORIENTED_EDGE('',*,*,#2605,.F.);
#3682=ORIENTED_EDGE('',*,*,#2213,.F.);
#3683=ORIENTED_EDGE('',*,*,#2609,.T.);
#3684=ORIENTED_EDGE('',*,*,#2610,.T.);
#3685=ORIENTED_EDGE('',*,*,#2607,.F.);
#3686=ORIENTED_EDGE('',*,*,#2212,.F.);
#3687=ORIENTED_EDGE('',*,*,#2611,.T.);
#3688=ORIENTED_EDGE('',*,*,#2612,.T.);
#3689=ORIENTED_EDGE('',*,*,#2609,.F.);
#3690=ORIENTED_EDGE('',*,*,#2211,.F.);
#3691=ORIENTED_EDGE('',*,*,#2613,.T.);
#3692=ORIENTED_EDGE('',*,*,#2614,.T.);
#3693=ORIENTED_EDGE('',*,*,#2611,.F.);
#3694=ORIENTED_EDGE('',*,*,#2210,.F.);
#3695=ORIENTED_EDGE('',*,*,#2615,.T.);
#3696=ORIENTED_EDGE('',*,*,#2616,.T.);
#3697=ORIENTED_EDGE('',*,*,#2613,.F.);
#3698=ORIENTED_EDGE('',*,*,#2209,.F.);
#3699=ORIENTED_EDGE('',*,*,#2617,.T.);
#3700=ORIENTED_EDGE('',*,*,#2618,.T.);
#3701=ORIENTED_EDGE('',*,*,#2615,.F.);
#3702=ORIENTED_EDGE('',*,*,#2208,.F.);
#3703=ORIENTED_EDGE('',*,*,#2619,.T.);
#3704=ORIENTED_EDGE('',*,*,#2620,.T.);
#3705=ORIENTED_EDGE('',*,*,#2617,.F.);
#3706=ORIENTED_EDGE('',*,*,#2207,.F.);
#3707=ORIENTED_EDGE('',*,*,#2621,.T.);
#3708=ORIENTED_EDGE('',*,*,#2622,.T.);
#3709=ORIENTED_EDGE('',*,*,#2619,.F.);
#3710=ORIENTED_EDGE('',*,*,#2206,.F.);
#3711=ORIENTED_EDGE('',*,*,#2623,.T.);
#3712=ORIENTED_EDGE('',*,*,#2624,.T.);
#3713=ORIENTED_EDGE('',*,*,#2621,.F.);
#3714=ORIENTED_EDGE('',*,*,#2205,.F.);
#3715=ORIENTED_EDGE('',*,*,#2625,.T.);
#3716=ORIENTED_EDGE('',*,*,#2626,.T.);
#3717=ORIENTED_EDGE('',*,*,#2623,.F.);
#3718=ORIENTED_EDGE('',*,*,#2204,.F.);
#3719=ORIENTED_EDGE('',*,*,#2627,.T.);
#3720=ORIENTED_EDGE('',*,*,#2628,.T.);
#3721=ORIENTED_EDGE('',*,*,#2625,.F.);
#3722=ORIENTED_EDGE('',*,*,#2203,.F.);
#3723=ORIENTED_EDGE('',*,*,#2629,.T.);
#3724=ORIENTED_EDGE('',*,*,#2630,.T.);
#3725=ORIENTED_EDGE('',*,*,#2627,.F.);
#3726=ORIENTED_EDGE('',*,*,#2202,.F.);
#3727=ORIENTED_EDGE('',*,*,#2602,.T.);
#3728=ORIENTED_EDGE('',*,*,#2631,.T.);
#3729=ORIENTED_EDGE('',*,*,#2629,.F.);
#3730=ORIENTED_EDGE('',*,*,#2631,.F.);
#3731=ORIENTED_EDGE('',*,*,#2601,.F.);
#3732=ORIENTED_EDGE('',*,*,#2604,.F.);
#3733=ORIENTED_EDGE('',*,*,#2606,.F.);
#3734=ORIENTED_EDGE('',*,*,#2608,.F.);
#3735=ORIENTED_EDGE('',*,*,#2610,.F.);
#3736=ORIENTED_EDGE('',*,*,#2612,.F.);
#3737=ORIENTED_EDGE('',*,*,#2614,.F.);
#3738=ORIENTED_EDGE('',*,*,#2616,.F.);
#3739=ORIENTED_EDGE('',*,*,#2618,.F.);
#3740=ORIENTED_EDGE('',*,*,#2620,.F.);
#3741=ORIENTED_EDGE('',*,*,#2622,.F.);
#3742=ORIENTED_EDGE('',*,*,#2624,.F.);
#3743=ORIENTED_EDGE('',*,*,#2626,.F.);
#3744=ORIENTED_EDGE('',*,*,#2628,.F.);
#3745=ORIENTED_EDGE('',*,*,#2630,.F.);
#3746=ORIENTED_EDGE('',*,*,#2217,.F.);
#3747=ORIENTED_EDGE('',*,*,#2632,.T.);
#3748=ORIENTED_EDGE('',*,*,#2633,.T.);
#3749=ORIENTED_EDGE('',*,*,#2634,.F.);
#3750=ORIENTED_EDGE('',*,*,#2251,.F.);
#3751=ORIENTED_EDGE('',*,*,#2635,.T.);
#3752=ORIENTED_EDGE('',*,*,#2636,.T.);
#3753=ORIENTED_EDGE('',*,*,#2632,.F.);
#3754=ORIENTED_EDGE('',*,*,#2250,.F.);
#3755=ORIENTED_EDGE('',*,*,#2637,.T.);
#3756=ORIENTED_EDGE('',*,*,#2638,.T.);
#3757=ORIENTED_EDGE('',*,*,#2635,.F.);
#3758=ORIENTED_EDGE('',*,*,#2249,.F.);
#3759=ORIENTED_EDGE('',*,*,#2639,.T.);
#3760=ORIENTED_EDGE('',*,*,#2640,.T.);
#3761=ORIENTED_EDGE('',*,*,#2637,.F.);
#3762=ORIENTED_EDGE('',*,*,#2248,.F.);
#3763=ORIENTED_EDGE('',*,*,#2641,.T.);
#3764=ORIENTED_EDGE('',*,*,#2642,.T.);
#3765=ORIENTED_EDGE('',*,*,#2639,.F.);
#3766=ORIENTED_EDGE('',*,*,#2247,.F.);
#3767=ORIENTED_EDGE('',*,*,#2643,.T.);
#3768=ORIENTED_EDGE('',*,*,#2644,.T.);
#3769=ORIENTED_EDGE('',*,*,#2641,.F.);
#3770=ORIENTED_EDGE('',*,*,#2246,.F.);
#3771=ORIENTED_EDGE('',*,*,#2645,.T.);
#3772=ORIENTED_EDGE('',*,*,#2646,.T.);
#3773=ORIENTED_EDGE('',*,*,#2643,.F.);
#3774=ORIENTED_EDGE('',*,*,#2245,.F.);
#3775=ORIENTED_EDGE('',*,*,#2647,.T.);
#3776=ORIENTED_EDGE('',*,*,#2648,.T.);
#3777=ORIENTED_EDGE('',*,*,#2645,.F.);
#3778=ORIENTED_EDGE('',*,*,#2244,.F.);
#3779=ORIENTED_EDGE('',*,*,#2649,.T.);
#3780=ORIENTED_EDGE('',*,*,#2650,.T.);
#3781=ORIENTED_EDGE('',*,*,#2647,.F.);
#3782=ORIENTED_EDGE('',*,*,#2243,.F.);
#3783=ORIENTED_EDGE('',*,*,#2651,.T.);
#3784=ORIENTED_EDGE('',*,*,#2652,.T.);
#3785=ORIENTED_EDGE('',*,*,#2649,.F.);
#3786=ORIENTED_EDGE('',*,*,#2242,.F.);
#3787=ORIENTED_EDGE('',*,*,#2653,.T.);
#3788=ORIENTED_EDGE('',*,*,#2654,.T.);
#3789=ORIENTED_EDGE('',*,*,#2651,.F.);
#3790=ORIENTED_EDGE('',*,*,#2241,.F.);
#3791=ORIENTED_EDGE('',*,*,#2655,.T.);
#3792=ORIENTED_EDGE('',*,*,#2656,.T.);
#3793=ORIENTED_EDGE('',*,*,#2653,.F.);
#3794=ORIENTED_EDGE('',*,*,#2240,.F.);
#3795=ORIENTED_EDGE('',*,*,#2657,.T.);
#3796=ORIENTED_EDGE('',*,*,#2658,.T.);
#3797=ORIENTED_EDGE('',*,*,#2655,.F.);
#3798=ORIENTED_EDGE('',*,*,#2239,.F.);
#3799=ORIENTED_EDGE('',*,*,#2659,.T.);
#3800=ORIENTED_EDGE('',*,*,#2660,.T.);
#3801=ORIENTED_EDGE('',*,*,#2657,.F.);
#3802=ORIENTED_EDGE('',*,*,#2238,.F.);
#3803=ORIENTED_EDGE('',*,*,#2661,.T.);
#3804=ORIENTED_EDGE('',*,*,#2662,.T.);
#3805=ORIENTED_EDGE('',*,*,#2659,.F.);
#3806=ORIENTED_EDGE('',*,*,#2237,.F.);
#3807=ORIENTED_EDGE('',*,*,#2663,.T.);
#3808=ORIENTED_EDGE('',*,*,#2664,.T.);
#3809=ORIENTED_EDGE('',*,*,#2661,.F.);
#3810=ORIENTED_EDGE('',*,*,#2236,.F.);
#3811=ORIENTED_EDGE('',*,*,#2665,.T.);
#3812=ORIENTED_EDGE('',*,*,#2666,.T.);
#3813=ORIENTED_EDGE('',*,*,#2663,.F.);
#3814=ORIENTED_EDGE('',*,*,#2235,.F.);
#3815=ORIENTED_EDGE('',*,*,#2667,.T.);
#3816=ORIENTED_EDGE('',*,*,#2668,.T.);
#3817=ORIENTED_EDGE('',*,*,#2665,.F.);
#3818=ORIENTED_EDGE('',*,*,#2234,.F.);
#3819=ORIENTED_EDGE('',*,*,#2669,.T.);
#3820=ORIENTED_EDGE('',*,*,#2670,.T.);
#3821=ORIENTED_EDGE('',*,*,#2667,.F.);
#3822=ORIENTED_EDGE('',*,*,#2233,.F.);
#3823=ORIENTED_EDGE('',*,*,#2671,.T.);
#3824=ORIENTED_EDGE('',*,*,#2672,.T.);
#3825=ORIENTED_EDGE('',*,*,#2669,.F.);
#3826=ORIENTED_EDGE('',*,*,#2232,.F.);
#3827=ORIENTED_EDGE('',*,*,#2673,.T.);
#3828=ORIENTED_EDGE('',*,*,#2674,.T.);
#3829=ORIENTED_EDGE('',*,*,#2671,.F.);
#3830=ORIENTED_EDGE('',*,*,#2231,.F.);
#3831=ORIENTED_EDGE('',*,*,#2675,.T.);
#3832=ORIENTED_EDGE('',*,*,#2676,.T.);
#3833=ORIENTED_EDGE('',*,*,#2673,.F.);
#3834=ORIENTED_EDGE('',*,*,#2230,.F.);
#3835=ORIENTED_EDGE('',*,*,#2677,.T.);
#3836=ORIENTED_EDGE('',*,*,#2678,.T.);
#3837=ORIENTED_EDGE('',*,*,#2675,.F.);
#3838=ORIENTED_EDGE('',*,*,#2229,.F.);
#3839=ORIENTED_EDGE('',*,*,#2679,.T.);
#3840=ORIENTED_EDGE('',*,*,#2680,.T.);
#3841=ORIENTED_EDGE('',*,*,#2677,.F.);
#3842=ORIENTED_EDGE('',*,*,#2228,.F.);
#3843=ORIENTED_EDGE('',*,*,#2681,.T.);
#3844=ORIENTED_EDGE('',*,*,#2682,.T.);
#3845=ORIENTED_EDGE('',*,*,#2679,.F.);
#3846=ORIENTED_EDGE('',*,*,#2227,.F.);
#3847=ORIENTED_EDGE('',*,*,#2683,.T.);
#3848=ORIENTED_EDGE('',*,*,#2684,.T.);
#3849=ORIENTED_EDGE('',*,*,#2681,.F.);
#3850=ORIENTED_EDGE('',*,*,#2226,.F.);
#3851=ORIENTED_EDGE('',*,*,#2685,.T.);
#3852=ORIENTED_EDGE('',*,*,#2686,.T.);
#3853=ORIENTED_EDGE('',*,*,#2683,.F.);
#3854=ORIENTED_EDGE('',*,*,#2225,.F.);
#3855=ORIENTED_EDGE('',*,*,#2687,.T.);
#3856=ORIENTED_EDGE('',*,*,#2688,.T.);
#3857=ORIENTED_EDGE('',*,*,#2685,.F.);
#3858=ORIENTED_EDGE('',*,*,#2224,.F.);
#3859=ORIENTED_EDGE('',*,*,#2689,.T.);
#3860=ORIENTED_EDGE('',*,*,#2690,.T.);
#3861=ORIENTED_EDGE('',*,*,#2687,.F.);
#3862=ORIENTED_EDGE('',*,*,#2223,.F.);
#3863=ORIENTED_EDGE('',*,*,#2691,.T.);
#3864=ORIENTED_EDGE('',*,*,#2692,.T.);
#3865=ORIENTED_EDGE('',*,*,#2689,.F.);
#3866=ORIENTED_EDGE('',*,*,#2222,.F.);
#3867=ORIENTED_EDGE('',*,*,#2693,.T.);
#3868=ORIENTED_EDGE('',*,*,#2694,.T.);
#3869=ORIENTED_EDGE('',*,*,#2691,.F.);
#3870=ORIENTED_EDGE('',*,*,#2221,.F.);
#3871=ORIENTED_EDGE('',*,*,#2695,.T.);
#3872=ORIENTED_EDGE('',*,*,#2696,.T.);
#3873=ORIENTED_EDGE('',*,*,#2693,.F.);
#3874=ORIENTED_EDGE('',*,*,#2220,.F.);
#3875=ORIENTED_EDGE('',*,*,#2697,.T.);
#3876=ORIENTED_EDGE('',*,*,#2698,.T.);
#3877=ORIENTED_EDGE('',*,*,#2695,.F.);
#3878=ORIENTED_EDGE('',*,*,#2219,.F.);
#3879=ORIENTED_EDGE('',*,*,#2699,.T.);
#3880=ORIENTED_EDGE('',*,*,#2700,.T.);
#3881=ORIENTED_EDGE('',*,*,#2697,.F.);
#3882=ORIENTED_EDGE('',*,*,#2218,.F.);
#3883=ORIENTED_EDGE('',*,*,#2634,.T.);
#3884=ORIENTED_EDGE('',*,*,#2701,.T.);
#3885=ORIENTED_EDGE('',*,*,#2699,.F.);
#3886=ORIENTED_EDGE('',*,*,#2701,.F.);
#3887=ORIENTED_EDGE('',*,*,#2633,.F.);
#3888=ORIENTED_EDGE('',*,*,#2636,.F.);
#3889=ORIENTED_EDGE('',*,*,#2638,.F.);
#3890=ORIENTED_EDGE('',*,*,#2640,.F.);
#3891=ORIENTED_EDGE('',*,*,#2642,.F.);
#3892=ORIENTED_EDGE('',*,*,#2644,.F.);
#3893=ORIENTED_EDGE('',*,*,#2646,.F.);
#3894=ORIENTED_EDGE('',*,*,#2648,.F.);
#3895=ORIENTED_EDGE('',*,*,#2650,.F.);
#3896=ORIENTED_EDGE('',*,*,#2652,.F.);
#3897=ORIENTED_EDGE('',*,*,#2654,.F.);
#3898=ORIENTED_EDGE('',*,*,#2656,.F.);
#3899=ORIENTED_EDGE('',*,*,#2658,.F.);
#3900=ORIENTED_EDGE('',*,*,#2660,.F.);
#3901=ORIENTED_EDGE('',*,*,#2662,.F.);
#3902=ORIENTED_EDGE('',*,*,#2664,.F.);
#3903=ORIENTED_EDGE('',*,*,#2666,.F.);
#3904=ORIENTED_EDGE('',*,*,#2668,.F.);
#3905=ORIENTED_EDGE('',*,*,#2670,.F.);
#3906=ORIENTED_EDGE('',*,*,#2672,.F.);
#3907=ORIENTED_EDGE('',*,*,#2674,.F.);
#3908=ORIENTED_EDGE('',*,*,#2676,.F.);
#3909=ORIENTED_EDGE('',*,*,#2678,.F.);
#3910=ORIENTED_EDGE('',*,*,#2680,.F.);
#3911=ORIENTED_EDGE('',*,*,#2682,.F.);
#3912=ORIENTED_EDGE('',*,*,#2684,.F.);
#3913=ORIENTED_EDGE('',*,*,#2686,.F.);
#3914=ORIENTED_EDGE('',*,*,#2688,.F.);
#3915=ORIENTED_EDGE('',*,*,#2690,.F.);
#3916=ORIENTED_EDGE('',*,*,#2692,.F.);
#3917=ORIENTED_EDGE('',*,*,#2694,.F.);
#3918=ORIENTED_EDGE('',*,*,#2696,.F.);
#3919=ORIENTED_EDGE('',*,*,#2698,.F.);
#3920=ORIENTED_EDGE('',*,*,#2700,.F.);
#3921=ORIENTED_EDGE('',*,*,#2537,.T.);
#3922=ORIENTED_EDGE('',*,*,#2562,.T.);
#3923=ORIENTED_EDGE('',*,*,#2559,.T.);
#3924=ORIENTED_EDGE('',*,*,#2556,.T.);
#3925=ORIENTED_EDGE('',*,*,#2553,.T.);
#3926=ORIENTED_EDGE('',*,*,#2550,.T.);
#3927=ORIENTED_EDGE('',*,*,#2547,.T.);
#3928=ORIENTED_EDGE('',*,*,#2544,.T.);
#3929=ORIENTED_EDGE('',*,*,#2541,.T.);
#3930=ORIENTED_EDGE('',*,*,#2474,.T.);
#3931=ORIENTED_EDGE('',*,*,#2499,.T.);
#3932=ORIENTED_EDGE('',*,*,#2496,.T.);
#3933=ORIENTED_EDGE('',*,*,#2493,.T.);
#3934=ORIENTED_EDGE('',*,*,#2490,.T.);
#3935=ORIENTED_EDGE('',*,*,#2487,.T.);
#3936=ORIENTED_EDGE('',*,*,#2484,.T.);
#3937=ORIENTED_EDGE('',*,*,#2481,.T.);
#3938=ORIENTED_EDGE('',*,*,#2478,.T.);
#3939=ORIENTED_EDGE('',*,*,#2273,.T.);
#3940=ORIENTED_EDGE('',*,*,#2298,.T.);
#3941=ORIENTED_EDGE('',*,*,#2295,.T.);
#3942=ORIENTED_EDGE('',*,*,#2292,.T.);
#3943=ORIENTED_EDGE('',*,*,#2289,.T.);
#3944=ORIENTED_EDGE('',*,*,#2286,.T.);
#3945=ORIENTED_EDGE('',*,*,#2283,.T.);
#3946=ORIENTED_EDGE('',*,*,#2280,.T.);
#3947=ORIENTED_EDGE('',*,*,#2277,.T.);
#3948=ORIENTED_EDGE('',*,*,#2369,.T.);
#3949=ORIENTED_EDGE('',*,*,#2271,.F.);
#3950=ORIENTED_EDGE('',*,*,#2702,.T.);
#3951=ORIENTED_EDGE('',*,*,#2703,.T.);
#3952=ORIENTED_EDGE('',*,*,#2702,.F.);
#3953=ORIENTED_EDGE('',*,*,#2270,.F.);
#3954=ORIENTED_EDGE('',*,*,#2371,.T.);
#3955=ORIENTED_EDGE('',*,*,#2373,.T.);
#3956=ORIENTED_EDGE('',*,*,#2090,.F.);
#3957=ORIENTED_EDGE('',*,*,#2095,.F.);
#3958=ORIENTED_EDGE('',*,*,#2704,.T.);
#3959=ORIENTED_EDGE('',*,*,#2086,.F.);
#3960=ORIENTED_EDGE('',*,*,#2084,.F.);
#3961=ORIENTED_EDGE('',*,*,#2704,.F.);
#3962=ORIENTED_EDGE('',*,*,#2094,.F.);
#3963=ORIENTED_EDGE('',*,*,#2272,.F.);
#3964=ORIENTED_EDGE('',*,*,#2703,.F.);
#3965=CYLINDRICAL_SURFACE('',#4208,4.);
#3966=CYLINDRICAL_SURFACE('',#4215,4.);
#3967=CYLINDRICAL_SURFACE('',#4217,4.);
#3968=CYLINDRICAL_SURFACE('',#4218,4.);
#3969=CYLINDRICAL_SURFACE('',#4219,4.);
#3970=CYLINDRICAL_SURFACE('',#4292,2.5);
#3971=ADVANCED_FACE('',(#543),#3965,.T.);
#3972=ADVANCED_FACE('',(#544),#542,.T.);
#3973=ADVANCED_FACE('',(#545),#3966,.T.);
#3974=ADVANCED_FACE('',(#546),#3967,.T.);
#3975=ADVANCED_FACE('',(#547),#3968,.T.);
#3976=ADVANCED_FACE('',(#548),#3969,.T.);
#3977=ADVANCED_FACE('',(#549),#464,.T.);
#3978=ADVANCED_FACE('',(#550,#161,#162,#163,#164,#165,#166,#167),#465,.T.);
#3979=ADVANCED_FACE('',(#551),#466,.T.);
#3980=ADVANCED_FACE('',(#552),#467,.T.);
#3981=ADVANCED_FACE('',(#553),#15,.F.);
#3982=ADVANCED_FACE('',(#554),#16,.F.);
#3983=ADVANCED_FACE('',(#555),#17,.F.);
#3984=ADVANCED_FACE('',(#556),#18,.F.);
#3985=ADVANCED_FACE('',(#557),#468,.F.);
#3986=ADVANCED_FACE('',(#558),#19,.F.);
#3987=ADVANCED_FACE('',(#559),#20,.F.);
#3988=ADVANCED_FACE('',(#560),#21,.F.);
#3989=ADVANCED_FACE('',(#561),#469,.F.);
#3990=ADVANCED_FACE('',(#562),#470,.F.);
#3991=ADVANCED_FACE('',(#563),#22,.F.);
#3992=ADVANCED_FACE('',(#564),#23,.F.);
#3993=ADVANCED_FACE('',(#565),#24,.F.);
#3994=ADVANCED_FACE('',(#566),#25,.F.);
#3995=ADVANCED_FACE('',(#567),#26,.F.);
#3996=ADVANCED_FACE('',(#568),#27,.F.);
#3997=ADVANCED_FACE('',(#569),#28,.F.);
#3998=ADVANCED_FACE('',(#570),#29,.F.);
#3999=ADVANCED_FACE('',(#571),#30,.F.);
#4000=ADVANCED_FACE('',(#572),#471,.F.);
#4001=ADVANCED_FACE('',(#573),#31,.F.);
#4002=ADVANCED_FACE('',(#574),#32,.F.);
#4003=ADVANCED_FACE('',(#575),#33,.F.);
#4004=ADVANCED_FACE('',(#576),#34,.F.);
#4005=ADVANCED_FACE('',(#577),#35,.F.);
#4006=ADVANCED_FACE('',(#578),#36,.F.);
#4007=ADVANCED_FACE('',(#579),#472,.F.);
#4008=ADVANCED_FACE('',(#580,#168),#473,.T.);
#4009=ADVANCED_FACE('',(#581),#474,.F.);
#4010=ADVANCED_FACE('',(#582),#475,.F.);
#4011=ADVANCED_FACE('',(#583),#37,.F.);
#4012=ADVANCED_FACE('',(#584),#476,.F.);
#4013=ADVANCED_FACE('',(#585),#477,.F.);
#4014=ADVANCED_FACE('',(#586),#478,.F.);
#4015=ADVANCED_FACE('',(#587),#38,.F.);
#4016=ADVANCED_FACE('',(#588),#39,.F.);
#4017=ADVANCED_FACE('',(#589),#40,.F.);
#4018=ADVANCED_FACE('',(#590),#41,.F.);
#4019=ADVANCED_FACE('',(#591),#479,.F.);
#4020=ADVANCED_FACE('',(#592),#42,.F.);
#4021=ADVANCED_FACE('',(#593),#43,.F.);
#4022=ADVANCED_FACE('',(#594),#44,.F.);
#4023=ADVANCED_FACE('',(#595),#45,.F.);
#4024=ADVANCED_FACE('',(#596),#480,.F.);
#4025=ADVANCED_FACE('',(#597),#481,.F.);
#4026=ADVANCED_FACE('',(#598),#482,.F.);
#4027=ADVANCED_FACE('',(#599),#483,.T.);
#4028=ADVANCED_FACE('',(#600),#46,.F.);
#4029=ADVANCED_FACE('',(#601),#47,.F.);
#4030=ADVANCED_FACE('',(#602),#48,.F.);
#4031=ADVANCED_FACE('',(#603),#49,.F.);
#4032=ADVANCED_FACE('',(#604),#484,.F.);
#4033=ADVANCED_FACE('',(#605),#50,.F.);
#4034=ADVANCED_FACE('',(#606),#51,.F.);
#4035=ADVANCED_FACE('',(#607),#52,.F.);
#4036=ADVANCED_FACE('',(#608),#53,.F.);
#4037=ADVANCED_FACE('',(#609),#54,.F.);
#4038=ADVANCED_FACE('',(#610),#485,.F.);
#4039=ADVANCED_FACE('',(#611),#55,.F.);
#4040=ADVANCED_FACE('',(#612),#56,.F.);
#4041=ADVANCED_FACE('',(#613),#57,.F.);
#4042=ADVANCED_FACE('',(#614),#58,.F.);
#4043=ADVANCED_FACE('',(#615),#486,.F.);
#4044=ADVANCED_FACE('',(#616),#487,.F.);
#4045=ADVANCED_FACE('',(#617),#59,.F.);
#4046=ADVANCED_FACE('',(#618),#488,.F.);
#4047=ADVANCED_FACE('',(#619),#489,.F.);
#4048=ADVANCED_FACE('',(#620),#490,.F.);
#4049=ADVANCED_FACE('',(#621),#491,.F.);
#4050=ADVANCED_FACE('',(#622),#492,.F.);
#4051=ADVANCED_FACE('',(#623),#493,.F.);
#4052=ADVANCED_FACE('',(#624),#60,.F.);
#4053=ADVANCED_FACE('',(#625),#61,.F.);
#4054=ADVANCED_FACE('',(#626),#62,.F.);
#4055=ADVANCED_FACE('',(#627),#63,.F.);
#4056=ADVANCED_FACE('',(#628),#64,.F.);
#4057=ADVANCED_FACE('',(#629),#65,.F.);
#4058=ADVANCED_FACE('',(#630),#66,.F.);
#4059=ADVANCED_FACE('',(#631),#67,.F.);
#4060=ADVANCED_FACE('',(#632),#494,.F.);
#4061=ADVANCED_FACE('',(#633),#495,.F.);
#4062=ADVANCED_FACE('',(#634),#496,.F.);
#4063=ADVANCED_FACE('',(#635),#68,.F.);
#4064=ADVANCED_FACE('',(#636),#69,.F.);
#4065=ADVANCED_FACE('',(#637),#70,.F.);
#4066=ADVANCED_FACE('',(#638),#71,.F.);
#4067=ADVANCED_FACE('',(#639),#72,.F.);
#4068=ADVANCED_FACE('',(#640),#73,.F.);
#4069=ADVANCED_FACE('',(#641),#74,.F.);
#4070=ADVANCED_FACE('',(#642),#75,.F.);
#4071=ADVANCED_FACE('',(#643),#76,.F.);
#4072=ADVANCED_FACE('',(#644),#497,.F.);
#4073=ADVANCED_FACE('',(#645),#77,.F.);
#4074=ADVANCED_FACE('',(#646),#78,.F.);
#4075=ADVANCED_FACE('',(#647),#79,.F.);
#4076=ADVANCED_FACE('',(#648),#80,.F.);
#4077=ADVANCED_FACE('',(#649),#498,.F.);
#4078=ADVANCED_FACE('',(#650),#499,.T.);
#4079=ADVANCED_FACE('',(#651),#81,.F.);
#4080=ADVANCED_FACE('',(#652),#82,.F.);
#4081=ADVANCED_FACE('',(#653),#83,.F.);
#4082=ADVANCED_FACE('',(#654),#84,.F.);
#4083=ADVANCED_FACE('',(#655),#500,.F.);
#4084=ADVANCED_FACE('',(#656),#85,.F.);
#4085=ADVANCED_FACE('',(#657),#86,.F.);
#4086=ADVANCED_FACE('',(#658),#87,.F.);
#4087=ADVANCED_FACE('',(#659),#501,.F.);
#4088=ADVANCED_FACE('',(#660),#502,.F.);
#4089=ADVANCED_FACE('',(#661),#88,.F.);
#4090=ADVANCED_FACE('',(#662),#89,.F.);
#4091=ADVANCED_FACE('',(#663),#90,.F.);
#4092=ADVANCED_FACE('',(#664),#91,.F.);
#4093=ADVANCED_FACE('',(#665),#92,.F.);
#4094=ADVANCED_FACE('',(#666),#93,.F.);
#4095=ADVANCED_FACE('',(#667),#94,.F.);
#4096=ADVANCED_FACE('',(#668),#95,.F.);
#4097=ADVANCED_FACE('',(#669),#96,.F.);
#4098=ADVANCED_FACE('',(#670),#503,.F.);
#4099=ADVANCED_FACE('',(#671),#97,.F.);
#4100=ADVANCED_FACE('',(#672),#98,.F.);
#4101=ADVANCED_FACE('',(#673),#99,.F.);
#4102=ADVANCED_FACE('',(#674),#100,.F.);
#4103=ADVANCED_FACE('',(#675),#101,.F.);
#4104=ADVANCED_FACE('',(#676),#102,.F.);
#4105=ADVANCED_FACE('',(#677),#504,.F.);
#4106=ADVANCED_FACE('',(#678,#169),#505,.T.);
#4107=ADVANCED_FACE('',(#679),#103,.F.);
#4108=ADVANCED_FACE('',(#680),#104,.F.);
#4109=ADVANCED_FACE('',(#681),#105,.F.);
#4110=ADVANCED_FACE('',(#682),#106,.F.);
#4111=ADVANCED_FACE('',(#683),#506,.F.);
#4112=ADVANCED_FACE('',(#684),#107,.F.);
#4113=ADVANCED_FACE('',(#685),#108,.F.);
#4114=ADVANCED_FACE('',(#686),#109,.F.);
#4115=ADVANCED_FACE('',(#687),#507,.F.);
#4116=ADVANCED_FACE('',(#688),#508,.F.);
#4117=ADVANCED_FACE('',(#689),#110,.F.);
#4118=ADVANCED_FACE('',(#690),#111,.F.);
#4119=ADVANCED_FACE('',(#691),#112,.F.);
#4120=ADVANCED_FACE('',(#692),#113,.F.);
#4121=ADVANCED_FACE('',(#693),#114,.F.);
#4122=ADVANCED_FACE('',(#694),#115,.F.);
#4123=ADVANCED_FACE('',(#695),#116,.F.);
#4124=ADVANCED_FACE('',(#696),#117,.F.);
#4125=ADVANCED_FACE('',(#697),#118,.F.);
#4126=ADVANCED_FACE('',(#698),#509,.F.);
#4127=ADVANCED_FACE('',(#699),#119,.F.);
#4128=ADVANCED_FACE('',(#700),#120,.F.);
#4129=ADVANCED_FACE('',(#701),#121,.F.);
#4130=ADVANCED_FACE('',(#702),#122,.F.);
#4131=ADVANCED_FACE('',(#703),#123,.F.);
#4132=ADVANCED_FACE('',(#704),#124,.F.);
#4133=ADVANCED_FACE('',(#705),#510,.F.);
#4134=ADVANCED_FACE('',(#706,#170),#511,.T.);
#4135=ADVANCED_FACE('',(#707),#512,.F.);
#4136=ADVANCED_FACE('',(#708),#513,.F.);
#4137=ADVANCED_FACE('',(#709),#514,.F.);
#4138=ADVANCED_FACE('',(#710),#515,.F.);
#4139=ADVANCED_FACE('',(#711),#125,.F.);
#4140=ADVANCED_FACE('',(#712),#126,.F.);
#4141=ADVANCED_FACE('',(#713),#127,.F.);
#4142=ADVANCED_FACE('',(#714),#128,.F.);
#4143=ADVANCED_FACE('',(#715),#129,.F.);
#4144=ADVANCED_FACE('',(#716),#516,.F.);
#4145=ADVANCED_FACE('',(#717),#130,.F.);
#4146=ADVANCED_FACE('',(#718),#131,.F.);
#4147=ADVANCED_FACE('',(#719),#132,.F.);
#4148=ADVANCED_FACE('',(#720),#133,.F.);
#4149=ADVANCED_FACE('',(#721),#517,.F.);
#4150=ADVANCED_FACE('',(#722),#134,.F.);
#4151=ADVANCED_FACE('',(#723),#518,.T.);
#4152=ADVANCED_FACE('',(#724),#519,.F.);
#4153=ADVANCED_FACE('',(#725),#135,.F.);
#4154=ADVANCED_FACE('',(#726),#136,.F.);
#4155=ADVANCED_FACE('',(#727),#137,.F.);
#4156=ADVANCED_FACE('',(#728),#138,.F.);
#4157=ADVANCED_FACE('',(#729),#139,.F.);
#4158=ADVANCED_FACE('',(#730),#140,.F.);
#4159=ADVANCED_FACE('',(#731),#141,.F.);
#4160=ADVANCED_FACE('',(#732),#142,.F.);
#4161=ADVANCED_FACE('',(#733),#143,.F.);
#4162=ADVANCED_FACE('',(#734),#144,.F.);
#4163=ADVANCED_FACE('',(#735),#145,.F.);
#4164=ADVANCED_FACE('',(#736),#146,.F.);
#4165=ADVANCED_FACE('',(#737),#147,.F.);
#4166=ADVANCED_FACE('',(#738),#520,.F.);
#4167=ADVANCED_FACE('',(#739),#521,.F.);
#4168=ADVANCED_FACE('',(#740),#522,.F.);
#4169=ADVANCED_FACE('',(#741),#523,.F.);
#4170=ADVANCED_FACE('',(#742),#148,.F.);
#4171=ADVANCED_FACE('',(#743),#149,.F.);
#4172=ADVANCED_FACE('',(#744),#150,.F.);
#4173=ADVANCED_FACE('',(#745),#151,.F.);
#4174=ADVANCED_FACE('',(#746),#152,.F.);
#4175=ADVANCED_FACE('',(#747),#153,.F.);
#4176=ADVANCED_FACE('',(#748),#154,.F.);
#4177=ADVANCED_FACE('',(#749),#524,.F.);
#4178=ADVANCED_FACE('',(#750),#155,.F.);
#4179=ADVANCED_FACE('',(#751),#156,.F.);
#4180=ADVANCED_FACE('',(#752),#157,.F.);
#4181=ADVANCED_FACE('',(#753),#158,.F.);
#4182=ADVANCED_FACE('',(#754),#159,.F.);
#4183=ADVANCED_FACE('',(#755),#160,.F.);
#4184=ADVANCED_FACE('',(#756),#525,.F.);
#4185=ADVANCED_FACE('',(#757),#526,.F.);
#4186=ADVANCED_FACE('',(#758),#527,.F.);
#4187=ADVANCED_FACE('',(#759),#528,.T.);
#4188=ADVANCED_FACE('',(#760),#529,.T.);
#4189=ADVANCED_FACE('',(#761),#530,.T.);
#4190=ADVANCED_FACE('',(#762),#531,.T.);
#4191=ADVANCED_FACE('',(#763),#3970,.F.);
#4192=ADVANCED_FACE('',(#764),#532,.T.);
#4193=ADVANCED_FACE('',(#765,#171),#533,.F.);
#4194=CLOSED_SHELL('',(#3971,#3972,#3973,#3974,#3975,#3976,#3977,#3978,
#3979,#3980,#3981,#3982,#3983,#3984,#3985,#3986,#3987,#3988,#3989,#3990,
#3991,#3992,#3993,#3994,#3995,#3996,#3997,#3998,#3999,#4000,#4001,#4002,
#4003,#4004,#4005,#4006,#4007,#4008,#4009,#4010,#4011,#4012,#4013,#4014,
#4015,#4016,#4017,#4018,#4019,#4020,#4021,#4022,#4023,#4024,#4025,#4026,
#4027,#4028,#4029,#4030,#4031,#4032,#4033,#4034,#4035,#4036,#4037,#4038,
#4039,#4040,#4041,#4042,#4043,#4044,#4045,#4046,#4047,#4048,#4049,#4050,
#4051,#4052,#4053,#4054,#4055,#4056,#4057,#4058,#4059,#4060,#4061,#4062,
#4063,#4064,#4065,#4066,#4067,#4068,#4069,#4070,#4071,#4072,#4073,#4074,
#4075,#4076,#4077,#4078,#4079,#4080,#4081,#4082,#4083,#4084,#4085,#4086,
#4087,#4088,#4089,#4090,#4091,#4092,#4093,#4094,#4095,#4096,#4097,#4098,
#4099,#4100,#4101,#4102,#4103,#4104,#4105,#4106,#4107,#4108,#4109,#4110,
#4111,#4112,#4113,#4114,#4115,#4116,#4117,#4118,#4119,#4120,#4121,#4122,
#4123,#4124,#4125,#4126,#4127,#4128,#4129,#4130,#4131,#4132,#4133,#4134,
#4135,#4136,#4137,#4138,#4139,#4140,#4141,#4142,#4143,#4144,#4145,#4146,
#4147,#4148,#4149,#4150,#4151,#4152,#4153,#4154,#4155,#4156,#4157,#4158,
#4159,#4160,#4161,#4162,#4163,#4164,#4165,#4166,#4167,#4168,#4169,#4170,
#4171,#4172,#4173,#4174,#4175,#4176,#4177,#4178,#4179,#4180,#4181,#4182,
#4183,#4184,#4185,#4186,#4187,#4188,#4189,#4190,#4191,#4192,#4193));
#4195=DERIVED_UNIT_ELEMENT(#4197,1.);
#4196=DERIVED_UNIT_ELEMENT(#8560,-3.);
#4197=(
MASS_UNIT()
NAMED_UNIT(*)
SI_UNIT(.KILO.,.GRAM.)
);
#4198=DERIVED_UNIT((#4195,#4196));
#4199=MEASURE_REPRESENTATION_ITEM('density measure',
POSITIVE_RATIO_MEASURE(7850.),#4198);
#4200=PROPERTY_DEFINITION_REPRESENTATION(#4205,#4202);
#4201=PROPERTY_DEFINITION_REPRESENTATION(#4206,#4203);
#4202=REPRESENTATION('material name',(#4204),#8557);
#4203=REPRESENTATION('density',(#4199),#8557);
#4204=DESCRIPTIVE_REPRESENTATION_ITEM('Acier','Acier');
#4205=PROPERTY_DEFINITION('material property','material name',#8567);
#4206=PROPERTY_DEFINITION('material property','density of part',#8567);
#4207=AXIS2_PLACEMENT_3D('',#4801,#4296,#4297);
#4208=AXIS2_PLACEMENT_3D('',#4802,#4298,#4299);
#4209=AXIS2_PLACEMENT_3D('',#4807,#4301,#4302);
#4210=AXIS2_PLACEMENT_3D('',#4810,#4304,#4305);
#4211=AXIS2_PLACEMENT_3D('',#4811,#4306,#4307);
#4212=AXIS2_PLACEMENT_3D('',#4814,#4308,#4309);
#4213=AXIS2_PLACEMENT_3D('',#4816,#4310,#4311);
#4214=AXIS2_PLACEMENT_3D('',#4817,#4312,#4313);
#4215=AXIS2_PLACEMENT_3D('',#4818,#4314,#4315);
#4216=AXIS2_PLACEMENT_3D('',#4822,#4317,#4318);
#4217=AXIS2_PLACEMENT_3D('',#4824,#4320,#4321);
#4218=AXIS2_PLACEMENT_3D('',#4827,#4324,#4325);
#4219=AXIS2_PLACEMENT_3D('',#4830,#4328,#4329);
#4220=AXIS2_PLACEMENT_3D('',#4833,#4330,#4331);
#4221=AXIS2_PLACEMENT_3D('',#4836,#4334,#4335);
#4222=AXIS2_PLACEMENT_3D('',#4844,#4340,#4341);
#4223=AXIS2_PLACEMENT_3D('',#5694,#4391,#4392);
#4224=AXIS2_PLACEMENT_3D('',#5695,#4393,#4394);
#4225=AXIS2_PLACEMENT_3D('',#5696,#4395,#4396);
#4226=AXIS2_PLACEMENT_3D('',#5698,#4398,#4399);
#4227=AXIS2_PLACEMENT_3D('',#5794,#4405,#4406);
#4228=AXIS2_PLACEMENT_3D('',#5869,#4413,#4414);
#4229=AXIS2_PLACEMENT_3D('',#5872,#4417,#4418);
#4230=AXIS2_PLACEMENT_3D('',#6031,#4431,#4432);
#4231=AXIS2_PLACEMENT_3D('',#6137,#4441,#4442);
#4232=AXIS2_PLACEMENT_3D('',#6139,#4444,#4445);
#4233=AXIS2_PLACEMENT_3D('',#6140,#4446,#4447);
#4234=AXIS2_PLACEMENT_3D('',#6146,#4451,#4452);
#4235=AXIS2_PLACEMENT_3D('',#6167,#4456,#4457);
#4236=AXIS2_PLACEMENT_3D('',#6171,#4460,#4461);
#4237=AXIS2_PLACEMENT_3D('',#6175,#4464,#4465);
#4238=AXIS2_PLACEMENT_3D('',#6247,#4472,#4473);
#4239=AXIS2_PLACEMENT_3D('',#6319,#4480,#4481);
#4240=AXIS2_PLACEMENT_3D('',#6323,#4484,#4485);
#4241=AXIS2_PLACEMENT_3D('',#6327,#4488,#4489);
#4242=AXIS2_PLACEMENT_3D('',#6331,#4492,#4493);
#4243=AXIS2_PLACEMENT_3D('',#6332,#4494,#4495);
#4244=AXIS2_PLACEMENT_3D('',#6403,#4501,#4502);
#4245=AXIS2_PLACEMENT_3D('',#6492,#4510,#4511);
#4246=AXIS2_PLACEMENT_3D('',#6564,#4518,#4519);
#4247=AXIS2_PLACEMENT_3D('',#6568,#4522,#4523);
#4248=AXIS2_PLACEMENT_3D('',#6589,#4527,#4528);
#4249=AXIS2_PLACEMENT_3D('',#6593,#4531,#4532);
#4250=AXIS2_PLACEMENT_3D('',#6597,#4535,#4536);
#4251=AXIS2_PLACEMENT_3D('',#6601,#4539,#4540);
#4252=AXIS2_PLACEMENT_3D('',#6605,#4543,#4544);
#4253=AXIS2_PLACEMENT_3D('',#6609,#4547,#4548);
#4254=AXIS2_PLACEMENT_3D('',#6749,#4559,#4560);
#4255=AXIS2_PLACEMENT_3D('',#6753,#4563,#4564);
#4256=AXIS2_PLACEMENT_3D('',#6757,#4567,#4568);
#4257=AXIS2_PLACEMENT_3D('',#6914,#4580,#4581);
#4258=AXIS2_PLACEMENT_3D('',#6986,#4588,#4589);
#4259=AXIS2_PLACEMENT_3D('',#6988,#4591,#4592);
#4260=AXIS2_PLACEMENT_3D('',#7084,#4598,#4599);
#4261=AXIS2_PLACEMENT_3D('',#7159,#4606,#4607);
#4262=AXIS2_PLACEMENT_3D('',#7162,#4610,#4611);
#4263=AXIS2_PLACEMENT_3D('',#7321,#4624,#4625);
#4264=AXIS2_PLACEMENT_3D('',#7427,#4634,#4635);
#4265=AXIS2_PLACEMENT_3D('',#7429,#4637,#4638);
#4266=AXIS2_PLACEMENT_3D('',#7525,#4644,#4645);
#4267=AXIS2_PLACEMENT_3D('',#7600,#4652,#4653);
#4268=AXIS2_PLACEMENT_3D('',#7603,#4656,#4657);
#4269=AXIS2_PLACEMENT_3D('',#7762,#4670,#4671);
#4270=AXIS2_PLACEMENT_3D('',#7868,#4680,#4681);
#4271=AXIS2_PLACEMENT_3D('',#7870,#4683,#4684);
#4272=AXIS2_PLACEMENT_3D('',#7871,#4685,#4686);
#4273=AXIS2_PLACEMENT_3D('',#7877,#4690,#4691);
#4274=AXIS2_PLACEMENT_3D('',#7881,#4694,#4695);
#4275=AXIS2_PLACEMENT_3D('',#7885,#4698,#4699);
#4276=AXIS2_PLACEMENT_3D('',#7974,#4707,#4708);
#4277=AXIS2_PLACEMENT_3D('',#8046,#4715,#4716);
#4278=AXIS2_PLACEMENT_3D('',#8065,#4719,#4720);
#4279=AXIS2_PLACEMENT_3D('',#8066,#4721,#4722);
#4280=AXIS2_PLACEMENT_3D('',#8293,#4739,#4740);
#4281=AXIS2_PLACEMENT_3D('',#8297,#4743,#4744);
#4282=AXIS2_PLACEMENT_3D('',#8301,#4747,#4748);
#4283=AXIS2_PLACEMENT_3D('',#8305,#4751,#4752);
#4284=AXIS2_PLACEMENT_3D('',#8428,#4762,#4763);
#4285=AXIS2_PLACEMENT_3D('',#8534,#4772,#4773);
#4286=AXIS2_PLACEMENT_3D('',#8538,#4776,#4777);
#4287=AXIS2_PLACEMENT_3D('',#8542,#4780,#4781);
#4288=AXIS2_PLACEMENT_3D('',#8544,#4783,#4784);
#4289=AXIS2_PLACEMENT_3D('',#8545,#4785,#4786);
#4290=AXIS2_PLACEMENT_3D('',#8546,#4787,#4788);
#4291=AXIS2_PLACEMENT_3D('',#8547,#4789,#4790);
#4292=AXIS2_PLACEMENT_3D('',#8548,#4791,#4792);
#4293=AXIS2_PLACEMENT_3D('',#8551,#4794,#4795);
#4294=AXIS2_PLACEMENT_3D('',#8552,#4796,#4797);
#4295=AXIS2_PLACEMENT_3D('',#8554,#4799,#4800);
#4296=DIRECTION('axis',(0.,0.,1.));
#4297=DIRECTION('refdir',(1.,0.,0.));
#4298=DIRECTION('center_axis',(0.,1.,0.));
#4299=DIRECTION('ref_axis',(0.707106781186548,0.,0.707106781186547));
#4300=DIRECTION('',(0.,-1.,0.));
#4301=DIRECTION('center_axis',(0.707106781186547,0.707106781186548,0.));
#4302=DIRECTION('ref_axis',(0.707106781186548,-0.707106781186547,0.));
#4303=DIRECTION('',(0.,1.,0.));
#4304=DIRECTION('center_axis',(0.707106781186547,-0.707106781186548,0.));
#4305=DIRECTION('ref_axis',(-0.707106781186548,-0.707106781186547,0.));
#4306=DIRECTION('center_axis',(-0.408248290463863,0.408248290463862,-0.816496580927726));
#4307=DIRECTION('ref_axis',(-0.577350269189626,0.577350269189625,0.577350269189626));
#4308=DIRECTION('center_axis',(0.,0.,1.));
#4309=DIRECTION('ref_axis',(-1.,0.,0.));
#4310=DIRECTION('center_axis',(0.,1.,0.));
#4311=DIRECTION('ref_axis',(0.,0.,1.));
#4312=DIRECTION('center_axis',(-1.,0.,1.11022302462516E-15));
#4313=DIRECTION('ref_axis',(0.,1.,0.));
#4314=DIRECTION('center_axis',(1.,0.,0.));
#4315=DIRECTION('ref_axis',(0.,-0.707106781186548,0.707106781186547));
#4316=DIRECTION('',(-1.,0.,0.));
#4317=DIRECTION('center_axis',(0.707106781186547,-0.707106781186548,0.));
#4318=DIRECTION('ref_axis',(-0.707106781186548,-0.707106781186547,0.));
#4319=DIRECTION('',(1.,0.,0.));
#4320=DIRECTION('center_axis',(0.,1.,0.));
#4321=DIRECTION('ref_axis',(-0.707106781186548,0.,0.707106781186547));
#4322=DIRECTION('',(0.,1.,0.));
#4323=DIRECTION('',(0.,-1.,0.));
#4324=DIRECTION('center_axis',(1.,0.,0.));
#4325=DIRECTION('ref_axis',(0.,0.707106781186548,0.707106781186547));
#4326=DIRECTION('',(-1.,0.,0.));
#4327=DIRECTION('',(1.,0.,0.));
#4328=DIRECTION('center_axis',(0.,0.,1.));
#4329=DIRECTION('ref_axis',(-0.707106781186547,0.707106781186548,0.));
#4330=DIRECTION('center_axis',(-2.22044604925031E-17,0.,1.));
#4331=DIRECTION('ref_axis',(-0.707106781186547,0.707106781186548,0.));
#4332=DIRECTION('',(0.,0.,1.));
#4333=DIRECTION('',(0.,0.,-1.));
#4334=DIRECTION('center_axis',(2.22044604925031E-17,0.,-1.));
#4335=DIRECTION('ref_axis',(-1.,0.,-2.22044604925031E-17));
#4336=DIRECTION('',(-1.,0.,-2.22044604925031E-17));
#4337=DIRECTION('',(0.,1.,0.));
#4338=DIRECTION('',(-1.,0.,-2.22044604925031E-17));
#4339=DIRECTION('',(0.,1.,0.));
#4340=DIRECTION('center_axis',(0.,1.,0.));
#4341=DIRECTION('ref_axis',(1.,0.,0.));
#4342=DIRECTION('',(0.,0.,-1.));
#4343=DIRECTION('',(0.242529543205406,0.,-0.970144020582809));
#4344=DIRECTION('',(1.,0.,3.90149034162821E-17));
#4345=DIRECTION('',(0.90795764165382,0.,0.419061953608812));
#4346=DIRECTION('',(0.942214126791558,0.,0.335011252459408));
#4347=DIRECTION('',(0.304423010124014,0.,-0.952536944641537));
#4348=DIRECTION('',(-0.311119411428119,0.,0.950370828588831));
#4349=DIRECTION('',(-1.,0.,0.));
#4350=DIRECTION('',(0.311873530881568,0.,-0.950123623922415));
#4351=DIRECTION('',(-0.242553870357542,0.,0.970137938632737));
#4352=DIRECTION('',(-0.307819411974586,0.,0.951444801137523));
#4353=DIRECTION('',(-1.,0.,0.));
#4354=DIRECTION('',(0.31009082938311,0.,-0.950706935670764));
#4355=DIRECTION('',(-1.,0.,0.));
#4356=DIRECTION('',(0.287340861806367,0.,-0.957828392321075));
#4357=DIRECTION('',(-0.312793790041869,0.,0.949821059416585));
#4358=DIRECTION('',(0.624731581451037,0.,0.780839580924076));
#4359=DIRECTION('',(0.707135038895515,0.,0.707078522348288));
#4360=DIRECTION('',(-0.310019593533494,0.,0.950730167621354));
#4361=DIRECTION('',(0.242553870357542,0.,-0.970137938632737));
#4362=DIRECTION('',(1.,0.,3.90149557174639E-17));
#4363=DIRECTION('',(0.9079602559061,0.,0.419056289411016));
#4364=DIRECTION('',(0.242529543205406,0.,-0.970144020582809));
#4365=DIRECTION('',(1.,0.,3.90149034162821E-17));
#4366=DIRECTION('',(0.9079602559061,0.,0.419056289411016));
#4367=DIRECTION('',(1.,0.,0.));
#4368=DIRECTION('',(-0.308957982885838,0.,0.951075688266246));
#4369=DIRECTION('',(0.931575939291696,0.,0.363546791118825));
#4370=DIRECTION('',(0.309107428302692,0.,-0.951027127777171));
#4371=DIRECTION('',(-1.,0.,0.));
#4372=DIRECTION('',(0.343580507306005,0.,-0.939123226738296));
#4373=DIRECTION('',(0.899171727936235,0.,-0.437595936544394));
#4374=DIRECTION('',(1.,0.,0.));
#4375=DIRECTION('',(-0.308043281496673,0.,0.951372343893158));
#4376=DIRECTION('',(-1.,0.,0.));
#4377=DIRECTION('',(0.849545341674628,0.,0.527515603976735));
#4378=DIRECTION('',(-0.752577023499272,0.,0.658504232105593));
#4379=DIRECTION('',(-1.,0.,0.));
#4380=DIRECTION('',(0.306609078645036,0.,-0.951835528278096));
#4381=DIRECTION('',(1.,0.,0.));
#4382=DIRECTION('',(-1.,0.,0.));
#4383=DIRECTION('',(-0.308429964273706,0.,0.951247053681703));
#4384=DIRECTION('',(0.96319565451077,0.,0.268801285583921));
#4385=DIRECTION('',(0.309369183161277,0.,-0.950942011118514));
#4386=DIRECTION('',(-1.,0.,0.));
#4387=DIRECTION('',(0.330347064263949,0.,-0.943859532521757));
#4388=DIRECTION('',(1.,0.,0.));
#4389=DIRECTION('',(-0.306771529919066,0.,0.951783183519816));
#4390=DIRECTION('',(1.,0.,0.));
#4391=DIRECTION('center_axis',(0.,-1.,0.));
#4392=DIRECTION('ref_axis',(1.,0.,0.));
#4393=DIRECTION('center_axis',(0.,-1.,0.));
#4394=DIRECTION('ref_axis',(1.,0.,0.));
#4395=DIRECTION('center_axis',(1.,0.,0.));
#4396=DIRECTION('ref_axis',(0.,0.,-1.));
#4397=DIRECTION('',(0.,0.,-1.));
#4398=DIRECTION('center_axis',(0.,0.,1.));
#4399=DIRECTION('ref_axis',(1.,0.,0.));
#4400=DIRECTION('',(0.,-1.,0.));
#4401=DIRECTION('',(0.,-1.,0.));
#4402=DIRECTION('',(0.,-1.,0.));
#4403=DIRECTION('',(0.,-1.,0.));
#4404=DIRECTION('',(0.,-1.,0.));
#4405=DIRECTION('center_axis',(0.951444587365303,0.,0.30782007272637));
#4406=DIRECTION('ref_axis',(-0.30782007272637,0.,0.951444587365303));
#4407=DIRECTION('',(-0.30782007272637,0.,0.951444587365303));
#4408=DIRECTION('',(0.,-1.,0.));
#4409=DIRECTION('',(-0.30782007272637,0.,0.951444587365303));
#4410=DIRECTION('',(0.,-1.,0.));
#4411=DIRECTION('',(0.,-1.,0.));
#4412=DIRECTION('',(0.,-1.,0.));
#4413=DIRECTION('center_axis',(-0.951793652706012,0.,-0.306739046533936));
#4414=DIRECTION('ref_axis',(0.306739046533936,0.,-0.951793652706012));
#4415=DIRECTION('',(0.306739046533936,0.,-0.951793652706012));
#4416=DIRECTION('',(0.306739046533936,0.,-0.951793652706012));
#4417=DIRECTION('center_axis',(-0.970144020582809,0.,-0.242529543205406));
#4418=DIRECTION('ref_axis',(0.242529543205406,0.,-0.970144020582809));
#4419=DIRECTION('',(0.,-1.,0.));
#4420=DIRECTION('',(0.242529543205406,0.,-0.970144020582809));
#4421=DIRECTION('',(0.,-1.,0.));
#4422=DIRECTION('',(0.,-1.,0.));
#4423=DIRECTION('',(0.,-1.,0.));
#4424=DIRECTION('',(0.,-1.,0.));
#4425=DIRECTION('',(0.,-1.,0.));
#4426=DIRECTION('',(0.,-1.,0.));
#4427=DIRECTION('',(0.,-1.,0.));
#4428=DIRECTION('',(0.,-1.,0.));
#4429=DIRECTION('',(0.,-1.,0.));
#4430=DIRECTION('',(0.,-1.,0.));
#4431=DIRECTION('center_axis',(0.419061953608812,0.,-0.90795764165382));
#4432=DIRECTION('ref_axis',(0.90795764165382,0.,0.419061953608812));
#4433=DIRECTION('',(0.,-1.,0.));
#4434=DIRECTION('',(0.90795764165382,0.,0.419061953608812));
#4435=DIRECTION('',(0.,-1.,0.));
#4436=DIRECTION('',(0.,-1.,0.));
#4437=DIRECTION('',(0.,-1.,0.));
#4438=DIRECTION('',(0.,-1.,0.));
#4439=DIRECTION('',(0.,-1.,0.));
#4440=DIRECTION('',(0.,-1.,0.));
#4441=DIRECTION('center_axis',(3.90149034162821E-17,0.,-1.));
#4442=DIRECTION('ref_axis',(1.,0.,3.90149034162821E-17));
#4443=DIRECTION('',(1.,0.,3.90149034162821E-17));
#4444=DIRECTION('center_axis',(0.,1.,0.));
#4445=DIRECTION('ref_axis',(-1.,0.,0.));
#4446=DIRECTION('center_axis',(0.951783183519816,0.,0.306771529919066));
#4447=DIRECTION('ref_axis',(-0.306771529919066,0.,0.951783183519816));
#4448=DIRECTION('',(0.,-1.,0.));
#4449=DIRECTION('',(-0.306771529919066,0.,0.951783183519816));
#4450=DIRECTION('',(0.,-1.,0.));
#4451=DIRECTION('center_axis',(0.,0.,-1.));
#4452=DIRECTION('ref_axis',(1.,0.,0.));
#4453=DIRECTION('',(0.,-1.,0.));
#4454=DIRECTION('',(1.,0.,0.));
#4455=DIRECTION('',(0.,-1.,0.));
#4456=DIRECTION('center_axis',(-0.943859532521757,0.,-0.330347064263949));
#4457=DIRECTION('ref_axis',(0.330347064263949,0.,-0.943859532521757));
#4458=DIRECTION('',(0.,-1.,0.));
#4459=DIRECTION('',(0.330347064263949,0.,-0.943859532521757));
#4460=DIRECTION('center_axis',(0.,0.,1.));
#4461=DIRECTION('ref_axis',(-1.,0.,0.));
#4462=DIRECTION('',(0.,-1.,0.));
#4463=DIRECTION('',(-1.,0.,0.));
#4464=DIRECTION('center_axis',(-0.950942011118514,0.,-0.309369183161277));
#4465=DIRECTION('ref_axis',(0.309369183161277,0.,-0.950942011118514));
#4466=DIRECTION('',(0.,-1.,0.));
#4467=DIRECTION('',(0.309369183161277,0.,-0.950942011118514));
#4468=DIRECTION('',(0.,-1.,0.));
#4469=DIRECTION('',(0.,-1.,0.));
#4470=DIRECTION('',(0.,-1.,0.));
#4471=DIRECTION('',(0.,-1.,0.));
#4472=DIRECTION('center_axis',(0.268801285583921,0.,-0.96319565451077));
#4473=DIRECTION('ref_axis',(0.96319565451077,0.,0.268801285583921));
#4474=DIRECTION('',(0.,-1.,0.));
#4475=DIRECTION('',(0.96319565451077,0.,0.268801285583921));
#4476=DIRECTION('',(0.,-1.,0.));
#4477=DIRECTION('',(0.,-1.,0.));
#4478=DIRECTION('',(0.,-1.,0.));
#4479=DIRECTION('',(0.,-1.,0.));
#4480=DIRECTION('center_axis',(0.951247053681703,0.,0.308429964273706));
#4481=DIRECTION('ref_axis',(-0.308429964273706,0.,0.951247053681703));
#4482=DIRECTION('',(0.,-1.,0.));
#4483=DIRECTION('',(-0.308429964273706,0.,0.951247053681703));
#4484=DIRECTION('center_axis',(0.,0.,1.));
#4485=DIRECTION('ref_axis',(-1.,0.,0.));
#4486=DIRECTION('',(0.,1.,0.));
#4487=DIRECTION('',(-1.,0.,0.));
#4488=DIRECTION('center_axis',(0.,0.,-1.));
#4489=DIRECTION('ref_axis',(1.,0.,0.));
#4490=DIRECTION('',(0.,-1.,0.));
#4491=DIRECTION('',(1.,0.,0.));
#4492=DIRECTION('center_axis',(0.,1.,0.));
#4493=DIRECTION('ref_axis',(-1.,0.,0.));
#4494=DIRECTION('center_axis',(0.,1.,0.));
#4495=DIRECTION('ref_axis',(1.,0.,0.));
#4496=DIRECTION('',(0.,-1.,0.));
#4497=DIRECTION('',(0.,-1.,0.));
#4498=DIRECTION('',(0.,-1.,0.));
#4499=DIRECTION('',(0.,-1.,0.));
#4500=DIRECTION('',(0.,-1.,0.));
#4501=DIRECTION('center_axis',(0.950730167621354,0.,0.310019593533494));
#4502=DIRECTION('ref_axis',(-0.310019593533494,0.,0.950730167621354));
#4503=DIRECTION('',(0.,-1.,0.));
#4504=DIRECTION('',(-0.310019593533494,0.,0.950730167621354));
#4505=DIRECTION('',(0.,-1.,0.));
#4506=DIRECTION('',(0.,-1.,0.));
#4507=DIRECTION('',(0.,-1.,0.));
#4508=DIRECTION('',(0.,-1.,0.));
#4509=DIRECTION('',(0.,-1.,0.));
#4510=DIRECTION('center_axis',(0.707078522348288,0.,-0.707135038895515));
#4511=DIRECTION('ref_axis',(0.707135038895515,0.,0.707078522348288));
#4512=DIRECTION('',(0.,-1.,0.));
#4513=DIRECTION('',(0.707135038895515,0.,0.707078522348288));
#4514=DIRECTION('',(0.,-1.,0.));
#4515=DIRECTION('',(0.,-1.,0.));
#4516=DIRECTION('',(0.,-1.,0.));
#4517=DIRECTION('',(0.,-1.,0.));
#4518=DIRECTION('center_axis',(0.780839580924076,0.,-0.624731581451037));
#4519=DIRECTION('ref_axis',(0.624731581451037,0.,0.780839580924076));
#4520=DIRECTION('',(0.,-1.,0.));
#4521=DIRECTION('',(0.624731581451037,0.,0.780839580924076));
#4522=DIRECTION('center_axis',(0.949821059416585,0.,0.312793790041869));
#4523=DIRECTION('ref_axis',(-0.312793790041869,0.,0.949821059416585));
#4524=DIRECTION('',(0.,-1.,0.));
#4525=DIRECTION('',(-0.312793790041869,0.,0.949821059416585));
#4526=DIRECTION('',(0.,-1.,0.));
#4527=DIRECTION('center_axis',(-0.957828392321075,0.,-0.287340861806367));
#4528=DIRECTION('ref_axis',(0.287340861806367,0.,-0.957828392321075));
#4529=DIRECTION('',(0.,-1.,0.));
#4530=DIRECTION('',(0.287340861806367,0.,-0.957828392321075));
#4531=DIRECTION('center_axis',(0.,0.,1.));
#4532=DIRECTION('ref_axis',(-1.,0.,0.));
#4533=DIRECTION('',(0.,-1.,0.));
#4534=DIRECTION('',(-1.,0.,0.));
#4535=DIRECTION('center_axis',(-0.950706935670764,0.,-0.31009082938311));
#4536=DIRECTION('ref_axis',(0.31009082938311,0.,-0.950706935670764));
#4537=DIRECTION('',(0.,-1.,0.));
#4538=DIRECTION('',(0.31009082938311,0.,-0.950706935670764));
#4539=DIRECTION('center_axis',(0.,0.,1.));
#4540=DIRECTION('ref_axis',(-1.,0.,0.));
#4541=DIRECTION('',(0.,-1.,0.));
#4542=DIRECTION('',(-1.,0.,0.));
#4543=DIRECTION('center_axis',(0.951444801137523,0.,0.307819411974586));
#4544=DIRECTION('ref_axis',(-0.307819411974586,0.,0.951444801137523));
#4545=DIRECTION('',(0.,-1.,0.));
#4546=DIRECTION('',(-0.307819411974586,0.,0.951444801137523));
#4547=DIRECTION('center_axis',(0.970137938632737,0.,0.242553870357542));
#4548=DIRECTION('ref_axis',(-0.242553870357542,0.,0.970137938632737));
#4549=DIRECTION('',(0.,-1.,0.));
#4550=DIRECTION('',(-0.242553870357542,0.,0.970137938632737));
#4551=DIRECTION('',(0.,-1.,0.));
#4552=DIRECTION('',(0.,-1.,0.));
#4553=DIRECTION('',(0.,-1.,0.));
#4554=DIRECTION('',(0.,-1.,0.));
#4555=DIRECTION('',(0.,-1.,0.));
#4556=DIRECTION('',(0.,-1.,0.));
#4557=DIRECTION('',(0.,-1.,0.));
#4558=DIRECTION('',(0.,-1.,0.));
#4559=DIRECTION('center_axis',(-0.950123623922415,0.,-0.311873530881568));
#4560=DIRECTION('ref_axis',(0.311873530881568,0.,-0.950123623922415));
#4561=DIRECTION('',(0.,-1.,0.));
#4562=DIRECTION('',(0.311873530881568,0.,-0.950123623922415));
#4563=DIRECTION('center_axis',(0.,0.,1.));
#4564=DIRECTION('ref_axis',(-1.,0.,0.));
#4565=DIRECTION('',(0.,-1.,0.));
#4566=DIRECTION('',(-1.,0.,0.));
#4567=DIRECTION('center_axis',(0.950370828588831,0.,0.311119411428119));
#4568=DIRECTION('ref_axis',(-0.311119411428119,0.,0.950370828588831));
#4569=DIRECTION('',(0.,-1.,0.));
#4570=DIRECTION('',(-0.311119411428119,0.,0.950370828588831));
#4571=DIRECTION('',(0.,-1.,0.));
#4572=DIRECTION('',(0.,-1.,0.));
#4573=DIRECTION('',(0.,-1.,0.));
#4574=DIRECTION('',(0.,-1.,0.));
#4575=DIRECTION('',(0.,-1.,0.));
#4576=DIRECTION('',(0.,-1.,0.));
#4577=DIRECTION('',(0.,-1.,0.));
#4578=DIRECTION('',(0.,-1.,0.));
#4579=DIRECTION('',(0.,-1.,0.));
#4580=DIRECTION('center_axis',(-0.952536944641537,0.,-0.304423010124014));
#4581=DIRECTION('ref_axis',(0.304423010124014,0.,-0.952536944641537));
#4582=DIRECTION('',(0.,-1.,0.));
#4583=DIRECTION('',(0.304423010124014,0.,-0.952536944641537));
#4584=DIRECTION('',(0.,-1.,0.));
#4585=DIRECTION('',(0.,-1.,0.));
#4586=DIRECTION('',(0.,-1.,0.));
#4587=DIRECTION('',(0.,-1.,0.));
#4588=DIRECTION('center_axis',(0.335011252459408,0.,-0.942214126791558));
#4589=DIRECTION('ref_axis',(0.942214126791558,0.,0.335011252459408));
#4590=DIRECTION('',(0.942214126791558,0.,0.335011252459408));
#4591=DIRECTION('center_axis',(0.,1.,0.));
#4592=DIRECTION('ref_axis',(-1.,0.,0.));
#4593=DIRECTION('',(0.,-1.,0.));
#4594=DIRECTION('',(0.,-1.,0.));
#4595=DIRECTION('',(0.,-1.,0.));
#4596=DIRECTION('',(0.,-1.,0.));
#4597=DIRECTION('',(0.,-1.,0.));
#4598=DIRECTION('center_axis',(0.951444587365303,0.,0.30782007272637));
#4599=DIRECTION('ref_axis',(-0.30782007272637,0.,0.951444587365303));
#4600=DIRECTION('',(-0.30782007272637,0.,0.951444587365303));
#4601=DIRECTION('',(0.,-1.,0.));
#4602=DIRECTION('',(-0.30782007272637,0.,0.951444587365303));
#4603=DIRECTION('',(0.,-1.,0.));
#4604=DIRECTION('',(0.,-1.,0.));
#4605=DIRECTION('',(0.,-1.,0.));
#4606=DIRECTION('center_axis',(-0.95179386323439,0.,-0.306738393275697));
#4607=DIRECTION('ref_axis',(0.306738393275697,0.,-0.95179386323439));
#4608=DIRECTION('',(0.306738393275697,0.,-0.95179386323439));
#4609=DIRECTION('',(0.306738393275697,0.,-0.95179386323439));
#4610=DIRECTION('center_axis',(-0.970137938632737,0.,-0.242553870357542));
#4611=DIRECTION('ref_axis',(0.242553870357542,0.,-0.970137938632737));
#4612=DIRECTION('',(0.,-1.,0.));
#4613=DIRECTION('',(0.242553870357542,0.,-0.970137938632737));
#4614=DIRECTION('',(0.,-1.,0.));
#4615=DIRECTION('',(0.,-1.,0.));
#4616=DIRECTION('',(0.,-1.,0.));
#4617=DIRECTION('',(0.,-1.,0.));
#4618=DIRECTION('',(0.,-1.,0.));
#4619=DIRECTION('',(0.,-1.,0.));
#4620=DIRECTION('',(0.,-1.,0.));
#4621=DIRECTION('',(0.,-1.,0.));
#4622=DIRECTION('',(0.,-1.,0.));
#4623=DIRECTION('',(0.,-1.,0.));
#4624=DIRECTION('center_axis',(0.419056289411016,0.,-0.9079602559061));
#4625=DIRECTION('ref_axis',(0.9079602559061,0.,0.419056289411016));
#4626=DIRECTION('',(0.,-1.,0.));
#4627=DIRECTION('',(0.9079602559061,0.,0.419056289411016));
#4628=DIRECTION('',(0.,-1.,0.));
#4629=DIRECTION('',(0.,-1.,0.));
#4630=DIRECTION('',(0.,-1.,0.));
#4631=DIRECTION('',(0.,-1.,0.));
#4632=DIRECTION('',(0.,-1.,0.));
#4633=DIRECTION('',(0.,-1.,0.));
#4634=DIRECTION('center_axis',(3.90149557174639E-17,0.,-1.));
#4635=DIRECTION('ref_axis',(1.,0.,3.90149557174639E-17));
#4636=DIRECTION('',(1.,0.,3.90149557174639E-17));
#4637=DIRECTION('center_axis',(0.,1.,0.));
#4638=DIRECTION('ref_axis',(-1.,0.,0.));
#4639=DIRECTION('',(0.,-1.,0.));
#4640=DIRECTION('',(0.,-1.,0.));
#4641=DIRECTION('',(0.,-1.,0.));
#4642=DIRECTION('',(0.,-1.,0.));
#4643=DIRECTION('',(0.,-1.,0.));
#4644=DIRECTION('center_axis',(0.951444587365303,0.,0.30782007272637));
#4645=DIRECTION('ref_axis',(-0.30782007272637,0.,0.951444587365303));
#4646=DIRECTION('',(-0.30782007272637,0.,0.951444587365303));
#4647=DIRECTION('',(0.,-1.,0.));
#4648=DIRECTION('',(-0.30782007272637,0.,0.951444587365303));
#4649=DIRECTION('',(0.,-1.,0.));
#4650=DIRECTION('',(0.,-1.,0.));
#4651=DIRECTION('',(0.,-1.,0.));
#4652=DIRECTION('center_axis',(-0.951793442177279,0.,-0.306739699791741));
#4653=DIRECTION('ref_axis',(0.306739699791741,0.,-0.951793442177279));
#4654=DIRECTION('',(0.306739699791741,0.,-0.951793442177279));
#4655=DIRECTION('',(0.306739699791741,0.,-0.951793442177278));
#4656=DIRECTION('center_axis',(-0.970144020582809,0.,-0.242529543205406));
#4657=DIRECTION('ref_axis',(0.242529543205406,0.,-0.970144020582809));
#4658=DIRECTION('',(0.,-1.,0.));
#4659=DIRECTION('',(0.242529543205406,0.,-0.970144020582809));
#4660=DIRECTION('',(0.,-1.,0.));
#4661=DIRECTION('',(0.,-1.,0.));
#4662=DIRECTION('',(0.,-1.,0.));
#4663=DIRECTION('',(0.,-1.,0.));
#4664=DIRECTION('',(0.,-1.,0.));
#4665=DIRECTION('',(0.,-1.,0.));
#4666=DIRECTION('',(0.,-1.,0.));
#4667=DIRECTION('',(0.,-1.,0.));
#4668=DIRECTION('',(0.,-1.,0.));
#4669=DIRECTION('',(0.,-1.,0.));
#4670=DIRECTION('center_axis',(0.419056289411016,0.,-0.9079602559061));
#4671=DIRECTION('ref_axis',(0.9079602559061,0.,0.419056289411016));
#4672=DIRECTION('',(0.,-1.,0.));
#4673=DIRECTION('',(0.9079602559061,0.,0.419056289411016));
#4674=DIRECTION('',(0.,-1.,0.));
#4675=DIRECTION('',(0.,-1.,0.));
#4676=DIRECTION('',(0.,-1.,0.));
#4677=DIRECTION('',(0.,-1.,0.));
#4678=DIRECTION('',(0.,-1.,0.));
#4679=DIRECTION('',(0.,-1.,0.));
#4680=DIRECTION('center_axis',(3.90149034162821E-17,0.,-1.));
#4681=DIRECTION('ref_axis',(1.,0.,3.90149034162821E-17));
#4682=DIRECTION('',(1.,0.,3.90149034162821E-17));
#4683=DIRECTION('center_axis',(0.,1.,0.));
#4684=DIRECTION('ref_axis',(-1.,0.,0.));
#4685=DIRECTION('center_axis',(0.,0.,-1.));
#4686=DIRECTION('ref_axis',(1.,0.,0.));
#4687=DIRECTION('',(0.,-1.,0.));
#4688=DIRECTION('',(1.,0.,0.));
#4689=DIRECTION('',(0.,-1.,0.));
#4690=DIRECTION('center_axis',(-0.939123226738296,0.,-0.343580507306005));
#4691=DIRECTION('ref_axis',(0.343580507306005,0.,-0.939123226738296));
#4692=DIRECTION('',(0.,-1.,0.));
#4693=DIRECTION('',(0.343580507306005,0.,-0.939123226738295));
#4694=DIRECTION('center_axis',(0.,0.,1.));
#4695=DIRECTION('ref_axis',(-1.,0.,0.));
#4696=DIRECTION('',(0.,-1.,0.));
#4697=DIRECTION('',(-1.,0.,0.));
#4698=DIRECTION('center_axis',(-0.951027127777171,0.,-0.309107428302692));
#4699=DIRECTION('ref_axis',(0.309107428302692,0.,-0.951027127777171));
#4700=DIRECTION('',(0.,-1.,0.));
#4701=DIRECTION('',(0.309107428302692,0.,-0.951027127777171));
#4702=DIRECTION('',(0.,-1.,0.));
#4703=DIRECTION('',(0.,-1.,0.));
#4704=DIRECTION('',(0.,-1.,0.));
#4705=DIRECTION('',(0.,-1.,0.));
#4706=DIRECTION('',(0.,-1.,0.));
#4707=DIRECTION('center_axis',(0.363546791118825,0.,-0.931575939291696));
#4708=DIRECTION('ref_axis',(0.931575939291696,0.,0.363546791118825));
#4709=DIRECTION('',(0.,-1.,0.));
#4710=DIRECTION('',(0.931575939291696,0.,0.363546791118825));
#4711=DIRECTION('',(0.,-1.,0.));
#4712=DIRECTION('',(0.,-1.,0.));
#4713=DIRECTION('',(0.,-1.,0.));
#4714=DIRECTION('',(0.,-1.,0.));
#4715=DIRECTION('center_axis',(0.951075688266246,0.,0.308957982885838));
#4716=DIRECTION('ref_axis',(-0.308957982885838,0.,0.951075688266246));
#4717=DIRECTION('',(0.,-1.,0.));
#4718=DIRECTION('',(-0.308957982885838,0.,0.951075688266246));
#4719=DIRECTION('center_axis',(0.,1.,0.));
#4720=DIRECTION('ref_axis',(-1.,0.,0.));
#4721=DIRECTION('center_axis',(-0.437595936544394,0.,-0.899171727936235));
#4722=DIRECTION('ref_axis',(0.899171727936235,0.,-0.437595936544394));
#4723=DIRECTION('',(0.,-1.,0.));
#4724=DIRECTION('',(0.899171727936235,0.,-0.437595936544394));
#4725=DIRECTION('',(0.,-1.,0.));
#4726=DIRECTION('',(0.,-1.,0.));
#4727=DIRECTION('',(0.,-1.,0.));
#4728=DIRECTION('',(0.,-1.,0.));
#4729=DIRECTION('',(0.,-1.,0.));
#4730=DIRECTION('',(0.,-1.,0.));
#4731=DIRECTION('',(0.,-1.,0.));
#4732=DIRECTION('',(0.,-1.,0.));
#4733=DIRECTION('',(0.,-1.,0.));
#4734=DIRECTION('',(0.,-1.,0.));
#4735=DIRECTION('',(0.,-1.,0.));
#4736=DIRECTION('',(0.,-1.,0.));
#4737=DIRECTION('',(0.,-1.,0.));
#4738=DIRECTION('',(0.,-1.,0.));
#4739=DIRECTION('center_axis',(0.,0.,-1.));
#4740=DIRECTION('ref_axis',(1.,0.,0.));
#4741=DIRECTION('',(0.,-1.,0.));
#4742=DIRECTION('',(1.,0.,0.));
#4743=DIRECTION('center_axis',(-0.951835528278096,0.,-0.306609078645036));
#4744=DIRECTION('ref_axis',(0.306609078645036,0.,-0.951835528278096));
#4745=DIRECTION('',(0.,-1.,0.));
#4746=DIRECTION('',(0.306609078645036,0.,-0.951835528278096));
#4747=DIRECTION('center_axis',(0.,0.,1.));
#4748=DIRECTION('ref_axis',(-1.,0.,0.));
#4749=DIRECTION('',(0.,-1.,0.));
#4750=DIRECTION('',(-1.,0.,0.));
#4751=DIRECTION('center_axis',(0.658504232105593,0.,0.752577023499272));
#4752=DIRECTION('ref_axis',(-0.752577023499272,0.,0.658504232105593));
#4753=DIRECTION('',(0.,-1.,0.));
#4754=DIRECTION('',(-0.752577023499272,0.,0.658504232105593));
#4755=DIRECTION('',(0.,-1.,0.));
#4756=DIRECTION('',(0.,-1.,0.));
#4757=DIRECTION('',(0.,-1.,0.));
#4758=DIRECTION('',(0.,-1.,0.));
#4759=DIRECTION('',(0.,-1.,0.));
#4760=DIRECTION('',(0.,-1.,0.));
#4761=DIRECTION('',(0.,-1.,0.));
#4762=DIRECTION('center_axis',(0.527515603976735,0.,-0.849545341674628));
#4763=DIRECTION('ref_axis',(0.849545341674628,0.,0.527515603976735));
#4764=DIRECTION('',(0.,-1.,0.));
#4765=DIRECTION('',(0.849545341674628,0.,0.527515603976735));
#4766=DIRECTION('',(0.,-1.,0.));
#4767=DIRECTION('',(0.,-1.,0.));
#4768=DIRECTION('',(0.,-1.,0.));
#4769=DIRECTION('',(0.,-1.,0.));
#4770=DIRECTION('',(0.,-1.,0.));
#4771=DIRECTION('',(0.,-1.,0.));
#4772=DIRECTION('center_axis',(0.,0.,1.));
#4773=DIRECTION('ref_axis',(-1.,0.,0.));
#4774=DIRECTION('',(0.,-1.,0.));
#4775=DIRECTION('',(-1.,0.,0.));
#4776=DIRECTION('center_axis',(0.951372343893158,0.,0.308043281496673));
#4777=DIRECTION('ref_axis',(-0.308043281496673,0.,0.951372343893158));
#4778=DIRECTION('',(0.,-1.,0.));
#4779=DIRECTION('',(-0.308043281496673,0.,0.951372343893158));
#4780=DIRECTION('center_axis',(0.,0.,-1.));
#4781=DIRECTION('ref_axis',(1.,0.,0.));
#4782=DIRECTION('',(1.,0.,0.));
#4783=DIRECTION('center_axis',(0.,1.,0.));
#4784=DIRECTION('ref_axis',(-1.,0.,0.));
#4785=DIRECTION('center_axis',(0.,1.,0.));
#4786=DIRECTION('ref_axis',(1.,0.,0.));
#4787=DIRECTION('center_axis',(0.,1.,0.));
#4788=DIRECTION('ref_axis',(1.,0.,0.));
#4789=DIRECTION('center_axis',(0.,1.,0.));
#4790=DIRECTION('ref_axis',(1.,0.,0.));
#4791=DIRECTION('center_axis',(0.,1.,0.));
#4792=DIRECTION('ref_axis',(1.,0.,0.));
#4793=DIRECTION('',(0.,-1.,0.));
#4794=DIRECTION('center_axis',(0.,-1.,0.));
#4795=DIRECTION('ref_axis',(1.,0.,0.));
#4796=DIRECTION('center_axis',(-1.,0.,0.));
#4797=DIRECTION('ref_axis',(0.,0.,1.));
#4798=DIRECTION('',(0.,0.,1.));
#4799=DIRECTION('center_axis',(0.,1.,0.));
#4800=DIRECTION('ref_axis',(1.,0.,0.));
#4801=CARTESIAN_POINT('',(0.,0.,0.));
#4802=CARTESIAN_POINT('Origin',(21.,0.,3.5));
#4803=CARTESIAN_POINT('',(21.,6.,7.5));
#4804=CARTESIAN_POINT('',(21.,4.,7.5));
#4805=CARTESIAN_POINT('',(21.,0.,7.5));
#4806=CARTESIAN_POINT('',(25.,0.,3.5));
#4807=CARTESIAN_POINT('Origin',(21.,4.,3.5));
#4808=CARTESIAN_POINT('',(25.,10.,3.5));
#4809=CARTESIAN_POINT('',(25.,0.,3.5));
#4810=CARTESIAN_POINT('Origin',(21.,6.,3.5));
#4811=CARTESIAN_POINT('Origin',(-21.,6.,3.5));
#4812=CARTESIAN_POINT('',(-25.,6.,3.5));
#4813=CARTESIAN_POINT('',(-21.,10.,3.5));
#4814=CARTESIAN_POINT('Origin',(-21.,6.,3.5));
#4815=CARTESIAN_POINT('',(-21.,6.,7.5));
#4816=CARTESIAN_POINT('Origin',(-21.,6.,3.5));
#4817=CARTESIAN_POINT('Origin',(-21.,6.,3.5));
#4818=CARTESIAN_POINT('Origin',(-12.5,4.,3.5));
#4819=CARTESIAN_POINT('',(-21.,4.,7.5));
#4820=CARTESIAN_POINT('',(-12.5,4.,7.5));
#4821=CARTESIAN_POINT('',(-25.,0.,3.5));
#4822=CARTESIAN_POINT('Origin',(-21.,4.,3.5));
#4823=CARTESIAN_POINT('',(-12.5,0.,3.5));
#4824=CARTESIAN_POINT('Origin',(-21.,0.,3.5));
#4825=CARTESIAN_POINT('',(-21.,0.,7.5));
#4826=CARTESIAN_POINT('',(-25.,0.,3.5));
#4827=CARTESIAN_POINT('Origin',(-12.5,6.,3.5));
#4828=CARTESIAN_POINT('',(-12.5,10.,3.5));
#4829=CARTESIAN_POINT('',(-12.5,6.,7.5));
#4830=CARTESIAN_POINT('Origin',(-21.,6.,-3.75));
#4831=CARTESIAN_POINT('',(-21.,10.,-7.5));
#4832=CARTESIAN_POINT('',(-25.,6.,-7.5));
#4833=CARTESIAN_POINT('Origin',(-21.,6.,-7.5));
#4834=CARTESIAN_POINT('',(-25.,6.,-3.75));
#4835=CARTESIAN_POINT('',(-21.,10.,-3.75));
#4836=CARTESIAN_POINT('Origin',(25.,0.,-7.5));
#4837=CARTESIAN_POINT('',(25.,10.,-7.5));
#4838=CARTESIAN_POINT('',(25.,10.,-7.5));
#4839=CARTESIAN_POINT('',(25.,0.,-7.5));
#4840=CARTESIAN_POINT('',(25.,0.,-7.5));
#4841=CARTESIAN_POINT('',(-25.,0.,-7.5));
#4842=CARTESIAN_POINT('',(25.,0.,-7.5));
#4843=CARTESIAN_POINT('',(-25.,0.,-7.5));
#4844=CARTESIAN_POINT('Origin',(0.,10.,1.11022302462516E-15));
#4845=CARTESIAN_POINT('',(25.,10.,7.5));
#4846=CARTESIAN_POINT('',(-8.92430969048291,10.,-0.508948564529419));
#4847=CARTESIAN_POINT('',(-8.90193887520581,10.,-0.598434209823608));
#4848=CARTESIAN_POINT('',(-8.72171805152412,10.,-1.3193367117148));
#4849=CARTESIAN_POINT('',(-7.12341495323926,10.,-0.598434209823608));
#4850=CARTESIAN_POINT('',(-4.45096943760291,10.,-0.598434209823608));
#4851=CARTESIAN_POINT('',(-7.87471957970411,10.,1.70581698417664));
#4852=CARTESIAN_POINT('Ctrl Pts',(-7.12341495323926,10.,-0.598434209823608));
#4853=CARTESIAN_POINT('Ctrl Pts',(-7.30103054616155,10.,-0.0501467152999568));
#4854=CARTESIAN_POINT('Ctrl Pts',(-7.55000306187735,10.,0.71841484284429));
#4855=CARTESIAN_POINT('Ctrl Pts',(-7.80238538650547,10.,1.48586224416558));
#4856=CARTESIAN_POINT('Ctrl Pts',(-7.87471957970411,10.,1.70581698417664));
#4857=CARTESIAN_POINT('',(-7.93251343537122,10.,1.94071531295776));
#4858=CARTESIAN_POINT('Ctrl Pts',(-7.87471957970411,10.,1.70581698417664));
#4859=CARTESIAN_POINT('Ctrl Pts',(-7.89124696592244,10.,1.75287986907884));
#4860=CARTESIAN_POINT('Ctrl Pts',(-7.91813097471152,10.,1.82943395903809));
#4861=CARTESIAN_POINT('Ctrl Pts',(-7.92851367190717,10.,1.90976795949935));
#4862=CARTESIAN_POINT('Ctrl Pts',(-7.93251343537122,10.,1.94071531295776));
#4863=CARTESIAN_POINT('',(-7.89895602036268,10.,2.00969457626343));
#4864=CARTESIAN_POINT('Ctrl Pts',(-7.93251343537122,10.,1.94071531295776));
#4865=CARTESIAN_POINT('Ctrl Pts',(-7.93080706487981,10.,1.9531911633882));
#4866=CARTESIAN_POINT('Ctrl Pts',(-7.92717584721483,10.,1.97974022099123));
#4867=CARTESIAN_POINT('Ctrl Pts',(-7.90873251785386,10.,1.99931716747552));
#4868=CARTESIAN_POINT('Ctrl Pts',(-7.89895602036268,10.,2.00969457626343));
#4869=CARTESIAN_POINT('',(-7.83184119034559,10.,2.0413875579834));
#4870=CARTESIAN_POINT('Ctrl Pts',(-7.89895602036268,10.,2.00969457626343));
#4871=CARTESIAN_POINT('Ctrl Pts',(-7.88835636156453,10.,2.01891632241348));
#4872=CARTESIAN_POINT('Ctrl Pts',(-7.86886939033019,10.,2.03587006643284));
#4873=CARTESIAN_POINT('Ctrl Pts',(-7.84343905783835,10.,2.03965938497141));
#4874=CARTESIAN_POINT('Ctrl Pts',(-7.83184119034559,10.,2.0413875579834));
#4875=CARTESIAN_POINT('',(-7.58948512841016,10.,1.82326674461365));
#4876=CARTESIAN_POINT('Ctrl Pts',(-7.83184119034559,10.,2.0413875579834));
#4877=CARTESIAN_POINT('Ctrl Pts',(-7.79644185152769,10.,2.02511926222352));
#4878=CARTESIAN_POINT('Ctrl Pts',(-7.69479084300422,10.,1.97840402046556));
#4879=CARTESIAN_POINT('Ctrl Pts',(-7.63103705298327,10.,1.88448139388055));
#4880=CARTESIAN_POINT('Ctrl Pts',(-7.58948512841016,10.,1.82326674461365));
#4881=CARTESIAN_POINT('',(-7.30611511040479,10.,1.31804585456848));
#4882=CARTESIAN_POINT('Ctrl Pts',(-7.58948512841016,10.,1.82326674461365));
#4883=CARTESIAN_POINT('Ctrl Pts',(-7.5369120424705,10.,1.74607273992587));
#4884=CARTESIAN_POINT('Ctrl Pts',(-7.42783149785816,10.,1.58590782052559));
#4885=CARTESIAN_POINT('Ctrl Pts',(-7.34765123377944,10.,1.40945464428164));
#4886=CARTESIAN_POINT('Ctrl Pts',(-7.30611511040479,10.,1.31804585456848));
#4887=CARTESIAN_POINT('',(-7.16070123482496,10.,1.38516068458557));
#4888=CARTESIAN_POINT('',(-4.54533362807581,10.,2.59226662037919));
#4889=CARTESIAN_POINT('',(-8.61111112404615,10.,2.5223708152771));
#4890=CARTESIAN_POINT('Ctrl Pts',(-7.16070123482496,10.,1.38516068458557));
#4891=CARTESIAN_POINT('Ctrl Pts',(-7.32360964561771,10.,1.71634223627091));
#4892=CARTESIAN_POINT('Ctrl Pts',(-7.62800442722198,10.,2.33515581137152));
#4893=CARTESIAN_POINT('Ctrl Pts',(-8.29915311034559,10.,2.46296401747784));
#4894=CARTESIAN_POINT('Ctrl Pts',(-8.61111112404615,10.,2.5223708152771));
#4895=CARTESIAN_POINT('',(-9.20208760071546,10.,2.36204266548157));
#4896=CARTESIAN_POINT('Ctrl Pts',(-8.61111112404615,10.,2.5223708152771));
#4897=CARTESIAN_POINT('Ctrl Pts',(-8.71699997485066,10.,2.51615134814595));
#4898=CARTESIAN_POINT('Ctrl Pts',(-8.9252764319327,10.,2.50391806230733));
#4899=CARTESIAN_POINT('Ctrl Pts',(-9.11085711639082,10.,2.40880147663461));
#4900=CARTESIAN_POINT('Ctrl Pts',(-9.20208760071546,10.,2.36204266548157));
#4901=CARTESIAN_POINT('',(-9.56562228966504,10.,1.93325877189636));
#4902=CARTESIAN_POINT('Ctrl Pts',(-9.20208760071546,10.,2.36204266548157));
#4903=CARTESIAN_POINT('Ctrl Pts',(-9.28260809954466,10.,2.30499164935442));
#4904=CARTESIAN_POINT('Ctrl Pts',(-9.44059042253176,10.,2.19305677329683));
#4905=CARTESIAN_POINT('Ctrl Pts',(-9.52448643377966,10.,2.01873308648471));
#4906=CARTESIAN_POINT('Ctrl Pts',(-9.56562228966504,10.,1.93325877189636));
#4907=CARTESIAN_POINT('',(-10.9041757183149,10.,2.5223708152771));
#4908=CARTESIAN_POINT('Ctrl Pts',(-9.56562228966504,10.,1.93325877189636));
#4909=CARTESIAN_POINT('Ctrl Pts',(-9.76984952344251,10.,2.10496541298183));
#4910=CARTESIAN_POINT('Ctrl Pts',(-10.1596888782919,10.,2.43272780267886));
#4911=CARTESIAN_POINT('Ctrl Pts',(-10.6640411678464,10.,2.49345642300624));
#4912=CARTESIAN_POINT('Ctrl Pts',(-10.9041757183149,10.,2.5223708152771));
#4913=CARTESIAN_POINT('',(-11.7692024307325,10.,2.22035765647888));
#4914=CARTESIAN_POINT('Ctrl Pts',(-10.9041757183149,10.,2.5223708152771));
#4915=CARTESIAN_POINT('Ctrl Pts',(-11.0691548502152,10.,2.51194195162763));
#4916=CARTESIAN_POINT('Ctrl Pts',(-11.3863369509517,10.,2.49189184685054));
#4917=CARTESIAN_POINT('Ctrl Pts',(-11.6450543347128,10.,2.30840542918014));
#4918=CARTESIAN_POINT('Ctrl Pts',(-11.7692024307325,10.,2.22035765647888));
#4919=CARTESIAN_POINT('',(-12.1085006790236,10.,1.45227432250977));
#4920=CARTESIAN_POINT('Ctrl Pts',(-11.7692024307325,10.,2.22035765647888));
#4921=CARTESIAN_POINT('Ctrl Pts',(-11.8681629042037,10.,2.11228724442347));
#4922=CARTESIAN_POINT('Ctrl Pts',(-12.0675489898467,10.,1.89454640631171));
#4923=CARTESIAN_POINT('Ctrl Pts',(-12.0947834075327,10.,1.6004187914749));
#4924=CARTESIAN_POINT('Ctrl Pts',(-12.1085006790236,10.,1.45227432250977));
#4925=CARTESIAN_POINT('',(-11.3404173450544,10.,-0.0410139560699463));
#4926=CARTESIAN_POINT('Ctrl Pts',(-12.1085006790236,10.,1.45227432250977));
#4927=CARTESIAN_POINT('Ctrl Pts',(-12.0692044744049,10.,1.17884443067238));
#4928=CARTESIAN_POINT('Ctrl Pts',(-11.9853745265526,10.,0.595540933644494));
#4929=CARTESIAN_POINT('Ctrl Pts',(-11.5641749923653,10.,0.179828649598672));
#4930=CARTESIAN_POINT('Ctrl Pts',(-11.3404173450544,10.,-0.0410139560699463));
#4931=CARTESIAN_POINT('',(-9.62527938652784,10.,-0.714019536972046));
#4932=CARTESIAN_POINT('Ctrl Pts',(-11.3404173450544,10.,-0.0410139560699463));
#4933=CARTESIAN_POINT('Ctrl Pts',(-11.0803430268664,10.,-0.237282245063579));
#4934=CARTESIAN_POINT('Ctrl Pts',(-10.5707771986017,10.,-0.621832376502699));
#4935=CARTESIAN_POINT('Ctrl Pts',(-9.93605126764023,10.,-0.683718909188857));
#4936=CARTESIAN_POINT('Ctrl Pts',(-9.62527938652784,10.,-0.714019536972046));
#4937=CARTESIAN_POINT('Ctrl Pts',(-9.62527938652784,10.,-0.714019536972046));
#4938=CARTESIAN_POINT('Ctrl Pts',(-9.4886289633272,10.,-0.708804006383008));
#4939=CARTESIAN_POINT('Ctrl Pts',(-9.23683746980978,10.,-0.699193891714194));
#4940=CARTESIAN_POINT('Ctrl Pts',(-9.02237889055446,10.,-0.568646320340263));
#4941=CARTESIAN_POINT('Ctrl Pts',(-8.92430969048291,10.,-0.508948564529419));
#4942=CARTESIAN_POINT('',(8.55518511962146,10.,1.73937320709229));
#4943=CARTESIAN_POINT('',(8.81618193816394,10.,1.20991826057434));
#4944=CARTESIAN_POINT('Ctrl Pts',(8.55518511962146,10.,1.73937320709229));
#4945=CARTESIAN_POINT('Ctrl Pts',(8.60377303010822,10.,1.66299758844062));
#4946=CARTESIAN_POINT('Ctrl Pts',(8.70994411433518,10.,1.49610664459234));
#4947=CARTESIAN_POINT('Ctrl Pts',(8.77882406336267,10.,1.31055463879078));
#4948=CARTESIAN_POINT('Ctrl Pts',(8.81618193816394,10.,1.20991826057434));
#4949=CARTESIAN_POINT('',(8.98396662902087,10.,1.26957535743713));
#4950=CARTESIAN_POINT('',(4.71186545002061,10.,-0.249402044741858));
#4951=CARTESIAN_POINT('',(7.45525531005114,10.,2.5298285484314));
#4952=CARTESIAN_POINT('Ctrl Pts',(8.98396662902087,10.,1.26957535743713));
#4953=CARTESIAN_POINT('Ctrl Pts',(8.82205807155808,10.,1.63656769949909));
#4954=CARTESIAN_POINT('Ctrl Pts',(8.51990629941433,10.,2.32144432526166));
#4955=CARTESIAN_POINT('Ctrl Pts',(7.79275930921087,10.,2.46376886372322));
#4956=CARTESIAN_POINT('Ctrl Pts',(7.45525531005114,10.,2.5298285484314));
#4957=CARTESIAN_POINT('',(6.73005274962634,10.,2.36204266548157));
#4958=CARTESIAN_POINT('Ctrl Pts',(7.45525531005114,10.,2.5298285484314));
#4959=CARTESIAN_POINT('Ctrl Pts',(7.31453058696714,10.,2.52640013686998));
#4960=CARTESIAN_POINT('Ctrl Pts',(7.06047847787556,10.,2.52021078244154));
#4961=CARTESIAN_POINT('Ctrl Pts',(6.83198082278139,10.,2.41083357374926));
#4962=CARTESIAN_POINT('Ctrl Pts',(6.73005274962634,10.,2.36204266548157));
#4963=CARTESIAN_POINT('',(6.47091559600085,10.,1.89597368240356));
#4964=CARTESIAN_POINT('Ctrl Pts',(6.73005274962634,10.,2.36204266548157));
#4965=CARTESIAN_POINT('Ctrl Pts',(6.65447402353752,10.,2.30120161228388));
#4966=CARTESIAN_POINT('Ctrl Pts',(6.50486699075991,10.,2.18076759717127));
#4967=CARTESIAN_POINT('Ctrl Pts',(6.48215426816122,10.,1.99024684744014));
#4968=CARTESIAN_POINT('Ctrl Pts',(6.47091559600085,10.,1.89597368240356));
#4969=CARTESIAN_POINT('',(6.58277205657214,10.,1.34041786193848));
#4970=CARTESIAN_POINT('Ctrl Pts',(6.47091559600085,10.,1.89597368240356));
#4971=CARTESIAN_POINT('Ctrl Pts',(6.47783669084383,10.,1.81566387007061));
#4972=CARTESIAN_POINT('Ctrl Pts',(6.49413968746367,10.,1.6264899563028));
#4973=CARTESIAN_POINT('Ctrl Pts',(6.55039738378258,10.,1.44491118128025));
#4974=CARTESIAN_POINT('Ctrl Pts',(6.58277205657214,10.,1.34041786193848));
#4975=CARTESIAN_POINT('',(6.92953280638903,10.,0.255406498908997));
#4976=CARTESIAN_POINT('',(6.47209149876969,10.,1.68673636236134));
#4977=CARTESIAN_POINT('',(6.95935897063464,10.,0.124906897544862));
#4978=CARTESIAN_POINT('Ctrl Pts',(6.92953280638903,10.,0.255406498908998));
#4979=CARTESIAN_POINT('Ctrl Pts',(6.93806479673349,10.,0.229224967819213));
#4980=CARTESIAN_POINT('Ctrl Pts',(6.95196574101521,10.,0.186568097593617));
#4981=CARTESIAN_POINT('Ctrl Pts',(6.95729907862985,10.,0.142086860771252));
#4982=CARTESIAN_POINT('Ctrl Pts',(6.95935897063464,10.,0.124906897544862));
#4983=CARTESIAN_POINT('',(6.93139247130603,10.,0.0615215301513683));
#4984=CARTESIAN_POINT('Ctrl Pts',(6.95935897063464,10.,0.124906897544862));
#4985=CARTESIAN_POINT('Ctrl Pts',(6.95795885727529,10.,0.113633569300607));
#4986=CARTESIAN_POINT('Ctrl Pts',(6.95499636390593,10.,0.0897803863055313));
#4987=CARTESIAN_POINT('Ctrl Pts',(6.93954258885954,10.,0.0712789461627139));
#4988=CARTESIAN_POINT('Ctrl Pts',(6.93139247130603,10.,0.0615215301513683));
#4989=CARTESIAN_POINT('',(6.86987570952624,10.,0.0316929817199718));
#4990=CARTESIAN_POINT('Ctrl Pts',(6.93139247130603,10.,0.0615215301513683));
#4991=CARTESIAN_POINT('Ctrl Pts',(6.92218586605955,10.,0.0528297442397874));
#4992=CARTESIAN_POINT('Ctrl Pts',(6.90474637699573,10.,0.0363654448273387));
#4993=CARTESIAN_POINT('Ctrl Pts',(6.88105839821803,10.,0.0331913958354813));
#4994=CARTESIAN_POINT('Ctrl Pts',(6.86987570952624,10.,0.0316929817199718));
#4995=CARTESIAN_POINT('',(6.78038768004626,10.,0.0577926635742199));
#4996=CARTESIAN_POINT('Ctrl Pts',(6.86987570952624,10.,0.0316929817199718));
#4997=CARTESIAN_POINT('Ctrl Pts',(6.85601826256745,10.,0.0332017728613454));
#4998=CARTESIAN_POINT('Ctrl Pts',(6.82471979163667,10.,0.0366095330223171));
#4999=CARTESIAN_POINT('Ctrl Pts',(6.7962515584578,10.,0.0502124560137063));
#5000=CARTESIAN_POINT('Ctrl Pts',(6.78038768004626,10.,0.0577926635742199));
#5001=CARTESIAN_POINT('',(6.66853121947497,10.,0.124906897544862));
#5002=CARTESIAN_POINT('Ctrl Pts',(6.78038768004626,10.,0.0577926635742199));
#5003=CARTESIAN_POINT('Ctrl Pts',(6.76289446421598,10.,0.0675794522967166));
#5004=CARTESIAN_POINT('Ctrl Pts',(6.72493172967614,10.,0.0888181579683411));
#5005=CARTESIAN_POINT('Ctrl Pts',(6.68828899424131,10.,0.11226457949471));
#5006=CARTESIAN_POINT('Ctrl Pts',(6.66853121947497,10.,0.124906897544862));
#5007=CARTESIAN_POINT('',(6.54921702574939,10.,0.225577950477601));
#5008=CARTESIAN_POINT('Ctrl Pts',(6.66853121947497,10.,0.124906897544862));
#5009=CARTESIAN_POINT('Ctrl Pts',(6.64842632311681,10.,0.14049306576131));
#5010=CARTESIAN_POINT('Ctrl Pts',(6.60726623600399,10.,0.172402110708164));
#5011=CARTESIAN_POINT('Ctrl Pts',(6.56886231605367,10.,0.207581929431616));
#5012=CARTESIAN_POINT('Ctrl Pts',(6.54921702574939,10.,0.225577950477601));
#5013=CARTESIAN_POINT('',(6.4299028320238,10.,0.344892144203187));
#5014=CARTESIAN_POINT('Ctrl Pts',(6.54921702574939,10.,0.225577950477601));
#5015=CARTESIAN_POINT('Ctrl Pts',(6.53232925213134,10.,0.241624910813001));
#5016=CARTESIAN_POINT('Ctrl Pts',(6.49154538310812,10.,0.280378220949756));
#5017=CARTESIAN_POINT('Ctrl Pts',(6.45267675119254,10.,0.321057392922016));
#5018=CARTESIAN_POINT('Ctrl Pts',(6.4299028320238,10.,0.344892144203187));
#5019=CARTESIAN_POINT('',(6.29194430541247,10.,0.494034290313722));
#5020=CARTESIAN_POINT('Ctrl Pts',(6.4299028320238,10.,0.344892144203187));
#5021=CARTESIAN_POINT('Ctrl Pts',(6.41020965535868,10.,0.365290025252555));
#5022=CARTESIAN_POINT('Ctrl Pts',(6.36316372672446,10.,0.414019454356679));
#5023=CARTESIAN_POINT('Ctrl Pts',(6.31812819941076,10.,0.464616753012881));
#5024=CARTESIAN_POINT('Ctrl Pts',(6.29194430541247,10.,0.494034290313722));
#5025=CARTESIAN_POINT('',(6.05704955291003,10.,1.04213237762451));
#5026=CARTESIAN_POINT('Ctrl Pts',(6.29194430541247,10.,0.494034290313722));
#5027=CARTESIAN_POINT('Ctrl Pts',(6.25638984460765,10.,0.555098825072946));
#5028=CARTESIAN_POINT('Ctrl Pts',(6.15589069361547,10.,0.727705405516537));
#5029=CARTESIAN_POINT('Ctrl Pts',(6.09584946963775,10.,0.918704620238591));
#5030=CARTESIAN_POINT('Ctrl Pts',(6.05704955291003,10.,1.04213237762451));
#5031=CARTESIAN_POINT('',(5.57979277800769,10.,2.5));
#5032=CARTESIAN_POINT('',(5.91797085656436,10.,1.46697355123808));
#5033=CARTESIAN_POINT('',(3.76771144103259,10.,2.5));
#5034=CARTESIAN_POINT('',(2.78989638900384,10.,2.5));
#5035=CARTESIAN_POINT('',(4.24869708251208,10.,1.03467583656311));
#5036=CARTESIAN_POINT('',(3.95487603908485,10.,1.92980250466037));
#5037=CARTESIAN_POINT('',(4.47986773680896,10.,0.318791866302491));
#5038=CARTESIAN_POINT('Ctrl Pts',(4.24869708251208,10.,1.03467583656311));
#5039=CARTESIAN_POINT('Ctrl Pts',(4.30366017247904,10.,0.870285146652208));
#5040=CARTESIAN_POINT('Ctrl Pts',(4.38318081836043,10.,0.632444554966758));
#5041=CARTESIAN_POINT('Ctrl Pts',(4.45705417580363,10.,0.392799134939732));
#5042=CARTESIAN_POINT('Ctrl Pts',(4.47986773680896,10.,0.318791866302491));
#5043=CARTESIAN_POINT('',(4.50223616790026,10.,0.177106857299806));
#5044=CARTESIAN_POINT('Ctrl Pts',(4.47986773680896,10.,0.318791866302491));
#5045=CARTESIAN_POINT('Ctrl Pts',(4.48636365218569,10.,0.292828211586442));
#5046=CARTESIAN_POINT('Ctrl Pts',(4.49802145883826,10.,0.246232889892766));
#5047=CARTESIAN_POINT('Ctrl Pts',(4.50094269223679,10.,0.198321332499872));
#5048=CARTESIAN_POINT('Ctrl Pts',(4.50223616790026,10.,0.177106857299806));
#5049=CARTESIAN_POINT('',(4.46308783721179,10.,0.104399919509889));
#5050=CARTESIAN_POINT('Ctrl Pts',(4.50223616790026,10.,0.177106857299806));
#5051=CARTESIAN_POINT('Ctrl Pts',(4.50025008597541,10.,0.163548119743618));
#5052=CARTESIAN_POINT('Ctrl Pts',(4.4960271335732,10.,0.134718541961701));
#5053=CARTESIAN_POINT('Ctrl Pts',(4.47449386814319,10.,0.114898478486032));
#5054=CARTESIAN_POINT('Ctrl Pts',(4.46308783721179,10.,0.104399919509889));
#5055=CARTESIAN_POINT('',(4.37919310759753,10.,0.0727069377899181));
#5056=CARTESIAN_POINT('Ctrl Pts',(4.46308783721179,10.,0.104399919509889));
#5057=CARTESIAN_POINT('Ctrl Pts',(4.4500611636885,10.,0.0951586665866044));
#5058=CARTESIAN_POINT('Ctrl Pts',(4.4248217354558,10.,0.0772535629144722));
#5059=CARTESIAN_POINT('Ctrl Pts',(4.3940721131984,10.,0.0741895434230189));
#5060=CARTESIAN_POINT('Ctrl Pts',(4.37919310759753,10.,0.0727069377899181));
#5061=CARTESIAN_POINT('',(4.24310378264636,10.,0.115585327148439));
#5062=CARTESIAN_POINT('Ctrl Pts',(4.37919310759753,10.,0.0727069377899181));
#5063=CARTESIAN_POINT('Ctrl Pts',(4.35755664329118,10.,0.0751089124688364));
#5064=CARTESIAN_POINT('Ctrl Pts',(4.3094953388914,10.,0.0804444439387419));
#5065=CARTESIAN_POINT('Ctrl Pts',(4.26665697189069,10.,0.10311868350785));
#5066=CARTESIAN_POINT('Ctrl Pts',(4.24310378264636,10.,0.115585327148439));
#5067=CARTESIAN_POINT('',(4.06413249205798,10.,0.249813795089723));
#5068=CARTESIAN_POINT('Ctrl Pts',(4.24310378264636,10.,0.115585327148439));
#5069=CARTESIAN_POINT('Ctrl Pts',(4.21499189863656,10.,0.133298508930388));
#5070=CARTESIAN_POINT('Ctrl Pts',(4.15172163586233,10.,0.173164839679365));
#5071=CARTESIAN_POINT('Ctrl Pts',(4.09541903879262,10.,0.22243504674891));
#5072=CARTESIAN_POINT('Ctrl Pts',(4.06413249205798,10.,0.249813795089723));
#5073=CARTESIAN_POINT('',(3.85346583556384,10.,0.460477471351625));
#5074=CARTESIAN_POINT('Ctrl Pts',(4.06413249205798,10.,0.249813795089723));
#5075=CARTESIAN_POINT('Ctrl Pts',(4.02905901996677,10.,0.282163386195545));
#5076=CARTESIAN_POINT('Ctrl Pts',(3.95600349450121,10.,0.349545263036407));
#5077=CARTESIAN_POINT('Ctrl Pts',(3.88854036506393,10.,0.422531461530594));
#5078=CARTESIAN_POINT('Ctrl Pts',(3.85346583556384,10.,0.460477471351625));
#5079=CARTESIAN_POINT('',(3.7453382415697,10.,0.58351993560791));
#5080=CARTESIAN_POINT('Ctrl Pts',(3.85346583556384,10.,0.460477471351625));
#5081=CARTESIAN_POINT('Ctrl Pts',(3.82598853206013,10.,0.490232552022375));
#5082=CARTESIAN_POINT('Ctrl Pts',(3.78892607010786,10.,0.530367368930371));
#5083=CARTESIAN_POINT('Ctrl Pts',(3.75429467363156,10.,0.572598140044183));
#5084=CARTESIAN_POINT('Ctrl Pts',(3.7453382415697,10.,0.58351993560791));
#5085=CARTESIAN_POINT('',(3.74160937499255,10.,0.598434209823608));
#5086=CARTESIAN_POINT('',(3.70381890589135,10.,0.749584004876383));
#5087=CARTESIAN_POINT('',(3.12639884185046,10.,2.5));
#5088=CARTESIAN_POINT('',(3.65197807537088,10.,0.875477277046679));
#5089=CARTESIAN_POINT('',(1.3329618377611,10.,2.5));
#5090=CARTESIAN_POINT('',(1.56319942092523,10.,2.5));
#5091=CARTESIAN_POINT('',(2.29492835234851,10.,-0.449291467666626));
#5092=CARTESIAN_POINT('',(1.63738236133481,10.,1.56667764506997));
#5093=CARTESIAN_POINT('',(1.79157427977771,10.,-0.449291467666625));
#5094=CARTESIAN_POINT('',(1.14746417617425,10.,-0.449291467666625));
#5095=CARTESIAN_POINT('',(1.8363159103319,10.,-0.598434209823607));
#5096=CARTESIAN_POINT('',(1.65578609407567,10.,0.0033478777767872));
#5097=CARTESIAN_POINT('',(4.18158225249499,10.,-0.751304626464843));
#5098=CARTESIAN_POINT('Ctrl Pts',(1.8363159103319,10.,-0.598434209823607));
#5099=CARTESIAN_POINT('Ctrl Pts',(2.24728208735011,10.,-0.603497588459226));
#5100=CARTESIAN_POINT('Ctrl Pts',(3.03179976460068,10.,-0.613163371845774));
#5101=CARTESIAN_POINT('Ctrl Pts',(3.81070374053309,10.,-0.706745221974782));
#5102=CARTESIAN_POINT('Ctrl Pts',(4.18158225249499,10.,-0.751304626464843));
#5103=CARTESIAN_POINT('',(3.87583903502673,10.,0.177106857299806));
#5104=CARTESIAN_POINT('',(3.86541374317338,10.,0.208764013126173));
#5105=CARTESIAN_POINT('',(3.89075450133532,10.,0.195749402046205));
#5106=CARTESIAN_POINT('',(3.07629159705715,10.,-0.822231586489136));
#5107=CARTESIAN_POINT('',(5.50894908141345,10.,-0.714019536972045));
#5108=CARTESIAN_POINT('Ctrl Pts',(3.89075450133532,10.,0.195749402046205));
#5109=CARTESIAN_POINT('Ctrl Pts',(4.1442308893899,10.,-0.068283589979502));
#5110=CARTESIAN_POINT('Ctrl Pts',(4.59550533259411,10.,-0.538352389596014));
#5111=CARTESIAN_POINT('Ctrl Pts',(5.23058665277369,10.,-0.660486811132038));
#5112=CARTESIAN_POINT('Ctrl Pts',(5.50894908141345,10.,-0.714019536972045));
#5113=CARTESIAN_POINT('',(6.09806231688708,10.,-0.520133972167968));
#5114=CARTESIAN_POINT('Ctrl Pts',(5.50894908141345,10.,-0.714019536972045));
#5115=CARTESIAN_POINT('Ctrl Pts',(5.6202793469128,10.,-0.707357600667415));
#5116=CARTESIAN_POINT('Ctrl Pts',(5.83413310710301,10.,-0.694560719940481));
#5117=CARTESIAN_POINT('Ctrl Pts',(6.01253485079843,10.,-0.576657756584521));
#5118=CARTESIAN_POINT('Ctrl Pts',(6.09806231688708,10.,-0.520133972167968));
#5119=CARTESIAN_POINT('',(6.3329618377611,10.,-0.0428783893585194));
#5120=CARTESIAN_POINT('Ctrl Pts',(6.09806231688708,10.,-0.520133972167968));
#5121=CARTESIAN_POINT('Ctrl Pts',(6.16656716687854,10.,-0.452802138159426));
#5122=CARTESIAN_POINT('Ctrl Pts',(6.30077412741057,10.,-0.320893217981365));
#5123=CARTESIAN_POINT('Ctrl Pts',(6.32238302564341,10.,-0.134250736316516));
#5124=CARTESIAN_POINT('Ctrl Pts',(6.3329618377611,10.,-0.0428783893585194));
#5125=CARTESIAN_POINT('',(6.27330474089831,10.,0.262863636016847));
#5126=CARTESIAN_POINT('Ctrl Pts',(6.3329618377611,10.,-0.0428783893585194));
#5127=CARTESIAN_POINT('Ctrl Pts',(6.32945085077139,10.,0.00275704005654354));
#5128=CARTESIAN_POINT('Ctrl Pts',(6.32144047092245,10.,0.106875091548625));
#5129=CARTESIAN_POINT('Ctrl Pts',(6.29061773011055,10.,0.20675919995126));
#5130=CARTESIAN_POINT('Ctrl Pts',(6.27330474089831,10.,0.262863636016847));
#5131=CARTESIAN_POINT('',(6.28076247405261,10.,0.270320773124696));
#5132=CARTESIAN_POINT('',(4.63913729610752,10.,-1.37117320076205));
#5133=CARTESIAN_POINT('',(7.13087252806872,10.,-0.475391149520873));
#5134=CARTESIAN_POINT('Ctrl Pts',(6.28076247405261,10.,0.270320773124696));
#5135=CARTESIAN_POINT('Ctrl Pts',(6.42354962583891,10.,0.117753732563097));
#5136=CARTESIAN_POINT('Ctrl Pts',(6.68255326499838,10.,-0.158989785511866));
#5137=CARTESIAN_POINT('Ctrl Pts',(6.99201513132609,10.,-0.377392528111615));
#5138=CARTESIAN_POINT('Ctrl Pts',(7.13087252806872,10.,-0.475391149520873));
#5139=CARTESIAN_POINT('',(7.94369868468493,10.,-0.714019536972045));
#5140=CARTESIAN_POINT('Ctrl Pts',(7.13087252806872,10.,-0.475391149520873));
#5141=CARTESIAN_POINT('Ctrl Pts',(7.26034686688751,10.,-0.544984391615849));
#5142=CARTESIAN_POINT('Ctrl Pts',(7.51466853063758,10.,-0.68168382778849));
#5143=CARTESIAN_POINT('Ctrl Pts',(7.80243379054383,10.,-0.703372498548986));
#5144=CARTESIAN_POINT('Ctrl Pts',(7.94369868468493,10.,-0.714019536972045));
#5145=CARTESIAN_POINT('',(8.53094748686999,10.,-0.535048246383666));
#5146=CARTESIAN_POINT('Ctrl Pts',(7.94369868468493,10.,-0.714019536972045));
#5147=CARTESIAN_POINT('Ctrl Pts',(8.05591372911195,10.,-0.708584441778971));
#5148=CARTESIAN_POINT('Ctrl Pts',(8.26730071698102,10.,-0.698345989283481));
#5149=CARTESIAN_POINT('Ctrl Pts',(8.44675617914709,10.,-0.58719472452456));
#5150=CARTESIAN_POINT('Ctrl Pts',(8.53094748686999,10.,-0.535048246383666));
#5151=CARTESIAN_POINT('',(8.75652484130114,10.,-0.0727069377899159));
#5152=CARTESIAN_POINT('Ctrl Pts',(8.53094748686999,10.,-0.535048246383666));
#5153=CARTESIAN_POINT('Ctrl Pts',(8.59673987203658,10.,-0.471263658321369));
#5154=CARTESIAN_POINT('Ctrl Pts',(8.7277129424821,10.,-0.344287514737743));
#5155=CARTESIAN_POINT('Ctrl Pts',(8.74695082472279,10.,-0.162951491347043));
#5156=CARTESIAN_POINT('Ctrl Pts',(8.75652484130114,10.,-0.0727069377899159));
#5157=CARTESIAN_POINT('',(8.69686774443835,10.,0.288963317871095));
#5158=CARTESIAN_POINT('Ctrl Pts',(8.75652484130114,10.,-0.0727069377899159));
#5159=CARTESIAN_POINT('Ctrl Pts',(8.75395945208005,10.,-0.011722653918026));
#5160=CARTESIAN_POINT('Ctrl Pts',(8.74878639695916,10.,0.111250912581849));
#5161=CARTESIAN_POINT('Ctrl Pts',(8.7142679955696,10.,0.229403981658887));
#5162=CARTESIAN_POINT('Ctrl Pts',(8.69686774443835,10.,0.288963317871095));
#5163=CARTESIAN_POINT('',(8.24944190215319,10.,1.66107416152954));
#5164=CARTESIAN_POINT('',(8.3215156666057,10.,1.44004715682306));
#5165=CARTESIAN_POINT('',(8.21215323638171,10.,1.85123085975647));
#5166=CARTESIAN_POINT('Ctrl Pts',(8.24944190215319,10.,1.66107416152954));
#5167=CARTESIAN_POINT('Ctrl Pts',(8.23860268364937,10.,1.69527862486345));
#5168=CARTESIAN_POINT('Ctrl Pts',(8.21894603059022,10.,1.75730756805633));
#5169=CARTESIAN_POINT('Ctrl Pts',(8.21425672848275,10.,1.82214608313432));
#5170=CARTESIAN_POINT('Ctrl Pts',(8.21215323638171,10.,1.85123085975647));
#5171=CARTESIAN_POINT('',(8.29791239928454,10.,1.94071531295776));
#5172=CARTESIAN_POINT('Ctrl Pts',(8.21215323638171,10.,1.85123085975647));
#5173=CARTESIAN_POINT('Ctrl Pts',(8.21547671428089,10.,1.87732845152442));
#5174=CARTESIAN_POINT('Ctrl Pts',(8.22201259056137,10.,1.92865138376242));
#5175=CARTESIAN_POINT('Ctrl Pts',(8.27290075043969,10.,1.93673982519569));
#5176=CARTESIAN_POINT('Ctrl Pts',(8.29791239928454,10.,1.94071531295776));
#5177=CARTESIAN_POINT('Ctrl Pts',(8.29791239928454,10.,1.94071531295776));
#5178=CARTESIAN_POINT('Ctrl Pts',(8.34011557643459,10.,1.92693972437491));
#5179=CARTESIAN_POINT('Ctrl Pts',(8.44833675063314,10.,1.89161512389726));
#5180=CARTESIAN_POINT('Ctrl Pts',(8.51470102377767,10.,1.79705659907788));
#5181=CARTESIAN_POINT('Ctrl Pts',(8.55518511962146,10.,1.73937320709229));
#5182=CARTESIAN_POINT('',(12.4738996429369,10.,-0.508948564529418));
#5183=CARTESIAN_POINT('',(12.4962728423998,10.,-0.598434209823607));
#5184=CARTESIAN_POINT('',(12.0470845163473,10.,1.19817549198043));
#5185=CARTESIAN_POINT('',(14.2747943801805,10.,-0.598434209823607));
#5186=CARTESIAN_POINT('',(6.24813642119989,10.,-0.598434209823608));
#5187=CARTESIAN_POINT('',(13.5234897537157,10.,1.70581698417664));
#5188=CARTESIAN_POINT('Ctrl Pts',(14.2747943801805,10.,-0.598434209823607));
#5189=CARTESIAN_POINT('Ctrl Pts',(14.0971787872583,10.,-0.0501467152999557));
#5190=CARTESIAN_POINT('Ctrl Pts',(13.8482062715424,10.,0.71841484284429));
#5191=CARTESIAN_POINT('Ctrl Pts',(13.5958239469143,10.,1.48586224416558));
#5192=CARTESIAN_POINT('Ctrl Pts',(13.5234897537157,10.,1.70581698417664));
#5193=CARTESIAN_POINT('',(13.4656970901415,10.,1.94071531295776));
#5194=CARTESIAN_POINT('Ctrl Pts',(13.5234897537157,10.,1.70581698417664));
#5195=CARTESIAN_POINT('Ctrl Pts',(13.506962883373,10.,1.75287990459621));
#5196=CARTESIAN_POINT('Ctrl Pts',(13.4800796896402,10.,1.82943412091425));
#5197=CARTESIAN_POINT('Ctrl Pts',(13.4696968963449,10.,1.90976797257631));
#5198=CARTESIAN_POINT('Ctrl Pts',(13.4656970901415,10.,1.94071531295776));
#5199=CARTESIAN_POINT('',(13.4992521209642,10.,2.00969457626343));
#5200=CARTESIAN_POINT('Ctrl Pts',(13.4656970901415,10.,1.94071531295776));
#5201=CARTESIAN_POINT('Ctrl Pts',(13.467402513416,10.,1.95319119321175));
#5202=CARTESIAN_POINT('Ctrl Pts',(13.4710317436959,10.,1.9797405215015));
#5203=CARTESIAN_POINT('Ctrl Pts',(13.4894753885752,10.,1.99931722465717));
#5204=CARTESIAN_POINT('Ctrl Pts',(13.4992521209642,10.,2.00969457626343));
#5205=CARTESIAN_POINT('',(13.5663669509813,10.,2.0413875579834));
#5206=CARTESIAN_POINT('Ctrl Pts',(13.4992521209642,10.,2.00969457626343));
#5207=CARTESIAN_POINT('Ctrl Pts',(13.5098517797624,10.,2.01891632241348));
#5208=CARTESIAN_POINT('Ctrl Pts',(13.5293387509967,10.,2.03587006643284));
#5209=CARTESIAN_POINT('Ctrl Pts',(13.5547690834886,10.,2.03965938497141));
#5210=CARTESIAN_POINT('Ctrl Pts',(13.5663669509813,10.,2.0413875579834));
#5211=CARTESIAN_POINT('',(13.8087242050096,10.,1.82326674461365));
#5212=CARTESIAN_POINT('Ctrl Pts',(13.5663669509813,10.,2.0413875579834));
#5213=CARTESIAN_POINT('Ctrl Pts',(13.6017671864159,10.,2.02511940006976));
#5214=CARTESIAN_POINT('Ctrl Pts',(13.7034193239347,10.,1.97840521850824));
#5215=CARTESIAN_POINT('Ctrl Pts',(13.7671728004904,10.,1.88448158498469));
#5216=CARTESIAN_POINT('Ctrl Pts',(13.8087242050096,10.,1.82326674461365));
#5217=CARTESIAN_POINT('',(14.092094223015,10.,1.31804585456848));
#5218=CARTESIAN_POINT('Ctrl Pts',(13.8087242050096,10.,1.82326674461365));
#5219=CARTESIAN_POINT('Ctrl Pts',(13.8612967440927,10.,1.74607265563165));
#5220=CARTESIAN_POINT('Ctrl Pts',(13.9703763828384,10.,1.58590722542161));
#5221=CARTESIAN_POINT('Ctrl Pts',(14.0505575505031,10.,1.40945455869585));
#5222=CARTESIAN_POINT('Ctrl Pts',(14.092094223015,10.,1.31804585456848));
#5223=CARTESIAN_POINT('',(14.2375104827806,10.,1.38516068458557));
#5224=CARTESIAN_POINT('',(8.03264127865245,10.,-1.47860945077986));
#5225=CARTESIAN_POINT('',(12.7871005935594,10.,2.5223708152771));
#5226=CARTESIAN_POINT('Ctrl Pts',(14.2375104827806,10.,1.38516068458557));
#5227=CARTESIAN_POINT('Ctrl Pts',(14.0746016448739,10.,1.71634222212791));
#5228=CARTESIAN_POINT('Ctrl Pts',(13.7702063352921,10.,2.33515522173724));
#5229=CARTESIAN_POINT('Ctrl Pts',(13.0990580866176,10.,2.46296387180919));
#5230=CARTESIAN_POINT('Ctrl Pts',(12.7871005935594,10.,2.5223708152771));
#5231=CARTESIAN_POINT('',(12.1961229247972,10.,2.36204266548157));
#5232=CARTESIAN_POINT('Ctrl Pts',(12.7871005935594,10.,2.5223708152771));
#5233=CARTESIAN_POINT('Ctrl Pts',(12.6812104732047,10.,2.51615160785293));
#5234=CARTESIAN_POINT('Ctrl Pts',(12.4729334118387,10.,2.50391894401243));
#5235=CARTESIAN_POINT('Ctrl Pts',(12.2873526095728,10.,2.408801472584));
#5236=CARTESIAN_POINT('Ctrl Pts',(12.1961229247972,10.,2.36204266548157));
#5237=CARTESIAN_POINT('',(11.8325870437548,10.,1.93325877189636));
#5238=CARTESIAN_POINT('Ctrl Pts',(12.1961229247972,10.,2.36204266548157));
#5239=CARTESIAN_POINT('Ctrl Pts',(12.1156014019806,10.,2.3049918512184));
#5240=CARTESIAN_POINT('Ctrl Pts',(11.95761772235,10.,2.19305783348073));
#5241=CARTESIAN_POINT('Ctrl Pts',(11.8737223901179,10.,2.01873318908069));
#5242=CARTESIAN_POINT('Ctrl Pts',(11.8325870437548,10.,1.93325877189636));
#5243=CARTESIAN_POINT('',(10.4940336151049,10.,2.5223708152771));
#5244=CARTESIAN_POINT('Ctrl Pts',(11.8325870437548,10.,1.93325877189636));
#5245=CARTESIAN_POINT('Ctrl Pts',(11.6283606258632,10.,2.10496542759097));
#5246=CARTESIAN_POINT('Ctrl Pts',(11.2385217513931,10.,2.43272875070119));
#5247=CARTESIAN_POINT('Ctrl Pts',(10.7341690782,10.,2.49345666924777));
#5248=CARTESIAN_POINT('Ctrl Pts',(10.4940336151049,10.,2.5223708152771));
#5249=CARTESIAN_POINT('',(9.62900809478015,10.,2.22035765647888));
#5250=CARTESIAN_POINT('Ctrl Pts',(10.4940336151049,10.,2.5223708152771));
#5251=CARTESIAN_POINT('Ctrl Pts',(10.329054902016,10.,2.5119418827825));
#5252=CARTESIAN_POINT('Ctrl Pts',(10.0118732369513,10.,2.49189162228797));
#5253=CARTESIAN_POINT('Ctrl Pts',(9.75315618726452,10.,2.30840543149634));
#5254=CARTESIAN_POINT('Ctrl Pts',(9.62900809478015,10.,2.22035765647888));
#5255=CARTESIAN_POINT('',(9.28970984648913,10.,1.45227432250977));
#5256=CARTESIAN_POINT('Ctrl Pts',(9.62900809478015,10.,2.22035765647888));
#5257=CARTESIAN_POINT('Ctrl Pts',(9.53004762130896,10.,2.11228724442347));
#5258=CARTESIAN_POINT('Ctrl Pts',(9.33066153566599,10.,1.89454640631171));
#5259=CARTESIAN_POINT('Ctrl Pts',(9.30342711797997,10.,1.6004187914749));
#5260=CARTESIAN_POINT('Ctrl Pts',(9.28970984648913,10.,1.45227432250977));
#5261=CARTESIAN_POINT('',(10.0577943725511,10.,-0.0410139560699452));
#5262=CARTESIAN_POINT('Ctrl Pts',(9.28970984648913,10.,1.45227432250977));
#5263=CARTESIAN_POINT('Ctrl Pts',(9.32900652301768,10.,1.17884444559303));
#5264=CARTESIAN_POINT('Ctrl Pts',(9.41283746192075,10.,0.595541089406637));
#5265=CARTESIAN_POINT('Ctrl Pts',(9.83403684331114,10.,0.179828679854184));
#5266=CARTESIAN_POINT('Ctrl Pts',(10.0577943725511,10.,-0.0410139560699452));
#5267=CARTESIAN_POINT('',(11.772929946892,10.,-0.714019536972045));
#5268=CARTESIAN_POINT('Ctrl Pts',(10.0577943725511,10.,-0.0410139560699452));
#5269=CARTESIAN_POINT('Ctrl Pts',(10.3178686842557,10.,-0.237282241994997));
#5270=CARTESIAN_POINT('Ctrl Pts',(10.8274338627353,10.,-0.621831886640086));
#5271=CARTESIAN_POINT('Ctrl Pts',(11.4621589056185,10.,-0.683718774688328));
#5272=CARTESIAN_POINT('Ctrl Pts',(11.772929946892,10.,-0.714019536972045));
#5273=CARTESIAN_POINT('Ctrl Pts',(11.772929946892,10.,-0.714019536972045));
#5274=CARTESIAN_POINT('Ctrl Pts',(11.9095803700926,10.,-0.708804006383007));
#5275=CARTESIAN_POINT('Ctrl Pts',(12.16137186361,10.,-0.699193891714193));
#5276=CARTESIAN_POINT('Ctrl Pts',(12.3758304428653,10.,-0.568646320340261));
#5277=CARTESIAN_POINT('Ctrl Pts',(12.4738996429369,10.,-0.508948564529418));
#5278=CARTESIAN_POINT('',(-0.654361923225224,10.,-0.508948564529419));
#5279=CARTESIAN_POINT('',(-0.631991107948124,10.,-0.598434209823608));
#5280=CARTESIAN_POINT('',(-0.694991843605242,10.,-0.346424552846246));
#5281=CARTESIAN_POINT('',(1.14653281401843,10.,-0.598434209823607));
#5282=CARTESIAN_POINT('',(-0.315995553974062,10.,-0.598434209823608));
#5283=CARTESIAN_POINT('',(0.395228187553585,10.,1.70581698417664));
#5284=CARTESIAN_POINT('Ctrl Pts',(1.14653281401843,10.,-0.598434209823607));
#5285=CARTESIAN_POINT('Ctrl Pts',(0.968917221096142,10.,-0.0501467152999557));
#5286=CARTESIAN_POINT('Ctrl Pts',(0.71994470538034,10.,0.71841484284429));
#5287=CARTESIAN_POINT('Ctrl Pts',(0.467562380752216,10.,1.48586224416558));
#5288=CARTESIAN_POINT('Ctrl Pts',(0.395228187553585,10.,1.70581698417664));
#5289=CARTESIAN_POINT('',(0.337435523979366,10.,1.94071531295776));
#5290=CARTESIAN_POINT('Ctrl Pts',(0.395228187553585,10.,1.70581698417664));
#5291=CARTESIAN_POINT('Ctrl Pts',(0.378701317210925,10.,1.75287990459621));
#5292=CARTESIAN_POINT('Ctrl Pts',(0.351818123478091,10.,1.82943412091425));
#5293=CARTESIAN_POINT('Ctrl Pts',(0.341435330182764,10.,1.90976797257631));
#5294=CARTESIAN_POINT('Ctrl Pts',(0.337435523979366,10.,1.94071531295776));
#5295=CARTESIAN_POINT('',(0.37099055480212,10.,2.00969457626343));
#5296=CARTESIAN_POINT('Ctrl Pts',(0.337435523979366,10.,1.94071531295776));
#5297=CARTESIAN_POINT('Ctrl Pts',(0.339140947253842,10.,1.95319119321175));
#5298=CARTESIAN_POINT('Ctrl Pts',(0.342770177533813,10.,1.9797405215015));
#5299=CARTESIAN_POINT('Ctrl Pts',(0.361213822413062,10.,1.99931722465717));
#5300=CARTESIAN_POINT('Ctrl Pts',(0.37099055480212,10.,2.00969457626343));
#5301=CARTESIAN_POINT('',(0.43810538481921,10.,2.0413875579834));
#5302=CARTESIAN_POINT('Ctrl Pts',(0.37099055480212,10.,2.00969457626343));
#5303=CARTESIAN_POINT('Ctrl Pts',(0.381591035790061,10.,2.01891629208725));
#5304=CARTESIAN_POINT('Ctrl Pts',(0.401078500000813,10.,2.03586909425566));
#5305=CARTESIAN_POINT('Ctrl Pts',(0.426508425796674,10.,2.0396591544725));
#5306=CARTESIAN_POINT('Ctrl Pts',(0.43810538481921,10.,2.0413875579834));
#5307=CARTESIAN_POINT('',(0.68046263884753,10.,1.82326674461365));
#5308=CARTESIAN_POINT('Ctrl Pts',(0.43810538481921,10.,2.0413875579834));
#5309=CARTESIAN_POINT('Ctrl Pts',(0.473505620253833,10.,2.02511940006976));
#5310=CARTESIAN_POINT('Ctrl Pts',(0.575157757772558,10.,1.97840521850824));
#5311=CARTESIAN_POINT('Ctrl Pts',(0.638911234328257,10.,1.88448158498469));
#5312=CARTESIAN_POINT('Ctrl Pts',(0.68046263884753,10.,1.82326674461365));
#5313=CARTESIAN_POINT('',(0.963832656852901,10.,1.31804585456848));
#5314=CARTESIAN_POINT('Ctrl Pts',(0.68046263884753,10.,1.82326674461365));
#5315=CARTESIAN_POINT('Ctrl Pts',(0.733035177930548,10.,1.74607265563165));
#5316=CARTESIAN_POINT('Ctrl Pts',(0.84211481667634,10.,1.58590722542161));
#5317=CARTESIAN_POINT('Ctrl Pts',(0.922295984340984,10.,1.40945455869585));
#5318=CARTESIAN_POINT('Ctrl Pts',(0.963832656852901,10.,1.31804585456848));
#5319=CARTESIAN_POINT('',(1.10924891661853,10.,1.38516068458557));
#5320=CARTESIAN_POINT('',(0.315795476859863,10.,1.01895340610304));
#5321=CARTESIAN_POINT('',(-0.341163356788456,10.,2.5223708152771));
#5322=CARTESIAN_POINT('Ctrl Pts',(1.10924891661853,10.,1.38516068458557));
#5323=CARTESIAN_POINT('Ctrl Pts',(0.94634006220212,10.,1.71634224070241));
#5324=CARTESIAN_POINT('Ctrl Pts',(0.641944367057605,10.,2.33515599612636));
#5325=CARTESIAN_POINT('Ctrl Pts',(-0.0292049490204516,10.,2.46296406312144));
#5326=CARTESIAN_POINT('Ctrl Pts',(-0.341163356788456,10.,2.5223708152771));
#5327=CARTESIAN_POINT('',(-0.932138641364872,10.,2.36204266548157));
#5328=CARTESIAN_POINT('Ctrl Pts',(-0.341163356788456,10.,2.5223708152771));
#5329=CARTESIAN_POINT('Ctrl Pts',(-0.447052657189841,10.,2.51615150217981));
#5330=CARTESIAN_POINT('Ctrl Pts',(-0.6553288759432,10.,2.50391858525395));
#5331=CARTESIAN_POINT('Ctrl Pts',(-0.840908960510758,10.,2.40880147423242));
#5332=CARTESIAN_POINT('Ctrl Pts',(-0.932138641364872,10.,2.36204266548157));
#5333=CARTESIAN_POINT('',(-1.29567452240735,10.,1.93325877189636));
#5334=CARTESIAN_POINT('Ctrl Pts',(-0.932138641364872,10.,2.36204266548157));
#5335=CARTESIAN_POINT('Ctrl Pts',(-1.01265905499709,10.,2.30499159777815));
#5336=CARTESIAN_POINT('Ctrl Pts',(-1.17064137752359,10.,2.19305650241747));
#5337=CARTESIAN_POINT('Ctrl Pts',(-1.25453821586331,10.,2.01873306027085));
#5338=CARTESIAN_POINT('Ctrl Pts',(-1.29567452240735,10.,1.93325877189636));
#5339=CARTESIAN_POINT('',(-2.63422795105726,10.,2.5223708152771));
#5340=CARTESIAN_POINT('Ctrl Pts',(-1.29567452240735,10.,1.93325877189636));
#5341=CARTESIAN_POINT('Ctrl Pts',(-1.49990094029887,10.,2.10496542759097));
#5342=CARTESIAN_POINT('Ctrl Pts',(-1.88973981476903,10.,2.43272875070119));
#5343=CARTESIAN_POINT('Ctrl Pts',(-2.39409248796212,10.,2.49345666924777));
#5344=CARTESIAN_POINT('Ctrl Pts',(-2.63422795105726,10.,2.5223708152771));
#5345=CARTESIAN_POINT('',(-3.49925347138196,10.,2.22035765647888));
#5346=CARTESIAN_POINT('Ctrl Pts',(-2.63422795105726,10.,2.5223708152771));
#5347=CARTESIAN_POINT('Ctrl Pts',(-2.7992075708015,10.,2.51194215077658));
#5348=CARTESIAN_POINT('Ctrl Pts',(-3.11638954054577,10.,2.49189249644229));
#5349=CARTESIAN_POINT('Ctrl Pts',(-3.37510618406895,10.,2.30840542247973));
#5350=CARTESIAN_POINT('Ctrl Pts',(-3.49925347138196,10.,2.22035765647888));
#5351=CARTESIAN_POINT('',(-3.83855171967298,10.,1.45227432250977));
#5352=CARTESIAN_POINT('Ctrl Pts',(-3.49925347138196,10.,2.22035765647888));
#5353=CARTESIAN_POINT('Ctrl Pts',(-3.59821394485315,10.,2.11228724442347));
#5354=CARTESIAN_POINT('Ctrl Pts',(-3.79760003049612,10.,1.89454640631171));
#5355=CARTESIAN_POINT('Ctrl Pts',(-3.82483444818214,10.,1.6004187914749));
#5356=CARTESIAN_POINT('Ctrl Pts',(-3.83855171967298,10.,1.45227432250977));
#5357=CARTESIAN_POINT('',(-3.07046957779676,10.,-0.0410139560699463));
#5358=CARTESIAN_POINT('Ctrl Pts',(-3.83855171967298,10.,1.45227432250977));
#5359=CARTESIAN_POINT('Ctrl Pts',(-3.79925598696429,10.,1.17884441575182));
#5360=CARTESIAN_POINT('Ctrl Pts',(-3.71542703016339,10.,0.595540777883197));
#5361=CARTESIAN_POINT('Ctrl Pts',(-3.29422734317865,10.,0.179828619343312));
#5362=CARTESIAN_POINT('Ctrl Pts',(-3.07046957779676,10.,-0.0410139560699463));
#5363=CARTESIAN_POINT('',(-1.35533161927015,10.,-0.714019536972046));
#5364=CARTESIAN_POINT('Ctrl Pts',(-3.07046957779676,10.,-0.0410139560699463));
#5365=CARTESIAN_POINT('Ctrl Pts',(-2.81039607002628,10.,-0.237282250675521));
#5366=CARTESIAN_POINT('Ctrl Pts',(-2.3008306643942,10.,-0.621833272464609));
#5367=CARTESIAN_POINT('Ctrl Pts',(-1.66610440296987,10.,-0.683719155192075));
#5368=CARTESIAN_POINT('Ctrl Pts',(-1.35533161927015,10.,-0.714019536972046));
#5369=CARTESIAN_POINT('Ctrl Pts',(-1.35533161927015,10.,-0.714019536972046));
#5370=CARTESIAN_POINT('Ctrl Pts',(-1.21868119606951,10.,-0.708804006383008));
#5371=CARTESIAN_POINT('Ctrl Pts',(-0.96688970255209,10.,-0.699193891714194));
#5372=CARTESIAN_POINT('Ctrl Pts',(-0.752431123296766,10.,-0.568646320340263));
#5373=CARTESIAN_POINT('Ctrl Pts',(-0.654361923225224,10.,-0.508948564529419));
#5374=CARTESIAN_POINT('',(-5.83706208039075,10.,-2.5));
#5375=CARTESIAN_POINT('',(-5.63944764900953,10.,-2.5));
#5376=CARTESIAN_POINT('',(-2.91853104019538,10.,-2.5));
#5377=CARTESIAN_POINT('',(-3.5178978042677,10.,-2.63795673847198));
#5378=CARTESIAN_POINT('Ctrl Pts',(-5.63944764900953,10.,-2.5));
#5379=CARTESIAN_POINT('Ctrl Pts',(-5.25705408378946,10.,-2.50374413746875));
#5380=CARTESIAN_POINT('Ctrl Pts',(-4.54721780055535,10.,-2.51069437111927));
#5381=CARTESIAN_POINT('Ctrl Pts',(-3.84282806592833,10.,-2.59778323123167));
#5382=CARTESIAN_POINT('Ctrl Pts',(-3.5178978042677,10.,-2.63795673847198));
#5383=CARTESIAN_POINT('',(-4.94593449402601,10.,1.75801634788513));
#5384=CARTESIAN_POINT('',(-3.73756907906509,10.,-1.96173530888217));
#5385=CARTESIAN_POINT('',(-4.9832207756117,10.,1.95190191268921));
#5386=CARTESIAN_POINT('Ctrl Pts',(-4.94593449402601,10.,1.75801634788513));
#5387=CARTESIAN_POINT('Ctrl Pts',(-4.95676714770759,10.,1.79316020286835));
#5388=CARTESIAN_POINT('Ctrl Pts',(-4.97628662043494,10.,1.85648628519714));
#5389=CARTESIAN_POINT('Ctrl Pts',(-4.98108523253003,10.,1.92251633103143));
#5390=CARTESIAN_POINT('Ctrl Pts',(-4.9832207756117,10.,1.95190191268921));
#5391=CARTESIAN_POINT('',(-4.89746399689466,10.,2.0413875579834));
#5392=CARTESIAN_POINT('Ctrl Pts',(-4.9832207756117,10.,1.95190191268921));
#5393=CARTESIAN_POINT('Ctrl Pts',(-4.9798974584648,10.,1.97799999645687));
#5394=CARTESIAN_POINT('Ctrl Pts',(-4.97336205630717,10.,2.02932265554291));
#5395=CARTESIAN_POINT('Ctrl Pts',(-4.92247464987338,10.,2.03741181617265));
#5396=CARTESIAN_POINT('Ctrl Pts',(-4.89746399689466,10.,2.0413875579834));
#5397=CARTESIAN_POINT('',(-4.64764900971204,10.,1.82326674461365));
#5398=CARTESIAN_POINT('Ctrl Pts',(-4.89746399689466,10.,2.0413875579834));
#5399=CARTESIAN_POINT('Ctrl Pts',(-4.86292507468515,10.,2.02486095086617));
#5400=CARTESIAN_POINT('Ctrl Pts',(-4.76093241951999,10.,1.97605825428711));
#5401=CARTESIAN_POINT('Ctrl Pts',(-4.69274521363964,10.,1.88409045296001));
#5402=CARTESIAN_POINT('Ctrl Pts',(-4.64764900971204,10.,1.82326674461365));
#5403=CARTESIAN_POINT('',(-4.35682125855237,10.,1.32550358772278));
#5404=CARTESIAN_POINT('Ctrl Pts',(-4.64764900971204,10.,1.82326674461365));
#5405=CARTESIAN_POINT('Ctrl Pts',(-4.59135524630802,10.,1.74710447118449));
#5406=CARTESIAN_POINT('Ctrl Pts',(-4.47648536908423,10.,1.59169203348509));
#5407=CARTESIAN_POINT('Ctrl Pts',(-4.39723417623633,10.,1.41540064791234));
#5408=CARTESIAN_POINT('Ctrl Pts',(-4.35682125855237,10.,1.32550358772278));
#5409=CARTESIAN_POINT('',(-4.20395203400403,10.,1.38516068458557));
#5410=CARTESIAN_POINT('',(-2.69077814187412,10.,1.97567562779769));
#5411=CARTESIAN_POINT('',(-4.82475586701185,10.,2.24459409713745));
#5412=CARTESIAN_POINT('Ctrl Pts',(-4.20395203400403,10.,1.38516068458557));
#5413=CARTESIAN_POINT('Ctrl Pts',(-4.2880594111478,10.,1.56148367806352));
#5414=CARTESIAN_POINT('Ctrl Pts',(-4.44302560699385,10.,1.88635534173173));
#5415=CARTESIAN_POINT('Ctrl Pts',(-4.70497748310743,10.,2.13218681988256));
#5416=CARTESIAN_POINT('Ctrl Pts',(-4.82475586701185,10.,2.24459409713745));
#5417=CARTESIAN_POINT('',(-5.71401902008802,10.,2.5223708152771));
#5418=CARTESIAN_POINT('Ctrl Pts',(-4.82475586701185,10.,2.24459409713745));
#5419=CARTESIAN_POINT('Ctrl Pts',(-4.9557645696923,10.,2.32558081211482));
#5420=CARTESIAN_POINT('Ctrl Pts',(-5.22801092874071,10.,2.49387755754292));
#5421=CARTESIAN_POINT('Ctrl Pts',(-5.54800862733164,10.,2.51263810302071));
#5422=CARTESIAN_POINT('Ctrl Pts',(-5.71401902008802,10.,2.5223708152771));
#5423=CARTESIAN_POINT('',(-6.45040937233716,10.,2.33221530914307));
#5424=CARTESIAN_POINT('Ctrl Pts',(-5.71401902008802,10.,2.5223708152771));
#5425=CARTESIAN_POINT('Ctrl Pts',(-5.85409052634883,10.,2.51720821879824));
#5426=CARTESIAN_POINT('Ctrl Pts',(-6.11411696631082,10.,2.5076244596227));
#5427=CARTESIAN_POINT('Ctrl Pts',(-6.34424644945437,10.,2.38758958397533));
#5428=CARTESIAN_POINT('Ctrl Pts',(-6.45040937233716,10.,2.33221530914307));
#5429=CARTESIAN_POINT('',(-6.73191614914685,10.,1.84377312660217));
#5430=CARTESIAN_POINT('Ctrl Pts',(-6.45040937233716,10.,2.33221530914307));
#5431=CARTESIAN_POINT('Ctrl Pts',(-6.53247880244304,10.,2.26639874005199));
#5432=CARTESIAN_POINT('Ctrl Pts',(-6.69047714487153,10.,2.13969006415033));
#5433=CARTESIAN_POINT('Ctrl Pts',(-6.71846573471906,10.,1.93982286321698));
#5434=CARTESIAN_POINT('Ctrl Pts',(-6.73191614914685,10.,1.84377312660217));
#5435=CARTESIAN_POINT('',(-6.61633082199842,10.,1.39261722564697));
#5436=CARTESIAN_POINT('Ctrl Pts',(-6.73191614914685,10.,1.84377312660217));
#5437=CARTESIAN_POINT('Ctrl Pts',(-6.72334018495618,10.,1.78976798787542));
#5438=CARTESIAN_POINT('Ctrl Pts',(-6.69892506247999,10.,1.63601943587103));
#5439=CARTESIAN_POINT('Ctrl Pts',(-6.64882980654627,10.,1.48839054619407));
#5440=CARTESIAN_POINT('Ctrl Pts',(-6.61633082199842,10.,1.39261722564697));
#5441=CARTESIAN_POINT('',(-5.40082045365125,10.,-2.34712898731232));
#5442=CARTESIAN_POINT('',(-6.09555068145079,10.,-0.209660804318071));
#5443=CARTESIAN_POINT('',(-5.8929903106764,10.,-2.34712898731232));
#5444=CARTESIAN_POINT('',(-2.70041022682562,10.,-2.34712898731232));
#5445=CARTESIAN_POINT('',(-5.92383125619168,10.,-2.26283011804561));
#5446=CARTESIAN_POINT('',(-12.7460844116285,10.,-2.22781538963318));
#5447=CARTESIAN_POINT('',(-12.1867997245863,10.,-2.5));
#5448=CARTESIAN_POINT('',(-8.0317109545501,10.,-4.52213871417233));
#5449=CARTESIAN_POINT('',(-11.9593579368666,10.,-2.5));
#5450=CARTESIAN_POINT('',(-6.09339986229315,10.,-2.5));
#5451=CARTESIAN_POINT('',(-12.5074560241774,10.,-0.807233452796936));
#5452=CARTESIAN_POINT('',(-11.7582720568015,10.,-3.12104112159775));
#5453=CARTESIAN_POINT('',(-12.6826984481886,10.,-0.807233452796936));
#5454=CARTESIAN_POINT('',(-6.25372801208869,10.,-0.807233452796936));
#5455=CARTESIAN_POINT('',(-12.6528698997572,10.,-1.20246052742004));
#5456=CARTESIAN_POINT('Ctrl Pts',(-12.6826984481886,10.,-0.807233452796936));
#5457=CARTESIAN_POINT('Ctrl Pts',(-12.6739999383833,10.,-0.874254558024239));
#5458=CARTESIAN_POINT('Ctrl Pts',(-12.6569701099701,10.,-1.00546759883565));
#5459=CARTESIAN_POINT('Ctrl Pts',(-12.6542168482061,10.,-1.13774693815803));
#5460=CARTESIAN_POINT('Ctrl Pts',(-12.6528698997572,10.,-1.20246052742004));
#5461=CARTESIAN_POINT('',(-13.1058914260939,10.,-2.07494378089905));
#5462=CARTESIAN_POINT('Ctrl Pts',(-12.6528698997572,10.,-1.20246052742004));
#5463=CARTESIAN_POINT('Ctrl Pts',(-12.6737134392301,10.,-1.37080448349356));
#5464=CARTESIAN_POINT('Ctrl Pts',(-12.7165630880974,10.,-1.71688195349564));
#5465=CARTESIAN_POINT('Ctrl Pts',(-12.9737890156693,10.,-1.95345036296699));
#5466=CARTESIAN_POINT('Ctrl Pts',(-13.1058914260939,10.,-2.07494378089905));
#5467=CARTESIAN_POINT('',(-14.2486948566511,10.,-2.42542862892151));
#5468=CARTESIAN_POINT('Ctrl Pts',(-13.1058914260939,10.,-2.07494378089905));
#5469=CARTESIAN_POINT('Ctrl Pts',(-13.2720350263863,10.,-2.17709829075581));
#5470=CARTESIAN_POINT('Ctrl Pts',(-13.621905313785,10.,-2.39221838963269));
#5471=CARTESIAN_POINT('Ctrl Pts',(-14.0328803529604,10.,-2.41399376790453));
#5472=CARTESIAN_POINT('Ctrl Pts',(-14.2486948566511,10.,-2.42542862892151));
#5473=CARTESIAN_POINT('',(-14.8564500408247,10.,-2.29120016098022));
#5474=CARTESIAN_POINT('Ctrl Pts',(-14.2486948566511,10.,-2.42542862892151));
#5475=CARTESIAN_POINT('Ctrl Pts',(-14.3626104717769,10.,-2.42179731169276));
#5476=CARTESIAN_POINT('Ctrl Pts',(-14.5739893541827,10.,-2.41505913293976));
#5477=CARTESIAN_POINT('Ctrl Pts',(-14.7673121384163,10.,-2.33028711883688));
#5478=CARTESIAN_POINT('Ctrl Pts',(-14.8564500408247,10.,-2.29120016098022));
#5479=CARTESIAN_POINT('',(-15.0950778322294,10.,-1.95935845375061));
#5480=CARTESIAN_POINT('Ctrl Pts',(-14.8564500408247,10.,-2.29120016098022));
#5481=CARTESIAN_POINT('Ctrl Pts',(-14.925831295101,10.,-2.24775809010733));
#5482=CARTESIAN_POINT('Ctrl Pts',(-15.0520410503954,10.,-2.16873367361994));
#5483=CARTESIAN_POINT('Ctrl Pts',(-15.0817160583055,10.,-2.02436388013094));
#5484=CARTESIAN_POINT('Ctrl Pts',(-15.0950778322294,10.,-1.95935845375061));
#5485=CARTESIAN_POINT('',(-14.7371358470991,10.,-1.48583173751831));
#5486=CARTESIAN_POINT('Ctrl Pts',(-15.0950778322294,10.,-1.95935845375061));
#5487=CARTESIAN_POINT('Ctrl Pts',(-15.0726276941722,10.,-1.87376621003129));
#5488=CARTESIAN_POINT('Ctrl Pts',(-15.0192341321107,10.,-1.67020065665438));
#5489=CARTESIAN_POINT('Ctrl Pts',(-14.8406383227174,10.,-1.55347709579073));
#5490=CARTESIAN_POINT('Ctrl Pts',(-14.7371358470991,10.,-1.48583173751831));
#5491=CARTESIAN_POINT('',(-13.7043244438246,10.,-0.844519138336182));
#5492=CARTESIAN_POINT('',(-9.08610273066305,10.,2.02311357861175));
#5493=CARTESIAN_POINT('',(-13.0275911884382,10.,-0.328113436698914));
#5494=CARTESIAN_POINT('Ctrl Pts',(-13.7043244438246,10.,-0.844519138336182));
#5495=CARTESIAN_POINT('Ctrl Pts',(-13.5636992985345,10.,-0.757601901890088));
#5496=CARTESIAN_POINT('Ctrl Pts',(-13.3208971644069,10.,-0.607531368927843));
#5497=CARTESIAN_POINT('Ctrl Pts',(-13.1144634639978,10.,-0.41087230829948));
#5498=CARTESIAN_POINT('Ctrl Pts',(-13.0275911884382,10.,-0.328113436698914));
#5499=CARTESIAN_POINT('',(-12.7386266784742,10.,0.152871012687683));
#5500=CARTESIAN_POINT('Ctrl Pts',(-13.0275911884382,10.,-0.328113436698914));
#5501=CARTESIAN_POINT('Ctrl Pts',(-12.9669129637867,10.,-0.253433799765621));
#5502=CARTESIAN_POINT('Ctrl Pts',(-12.8477497607886,10.,-0.106773860606049));
#5503=CARTESIAN_POINT('Ctrl Pts',(-12.7745519610072,10.,0.0673912476969174));
#5504=CARTESIAN_POINT('Ctrl Pts',(-12.7386266784742,10.,0.152871012687683));
#5505=CARTESIAN_POINT('',(-12.6454133586958,10.,0.684190988540649));
#5506=CARTESIAN_POINT('Ctrl Pts',(-12.7386266784742,10.,0.152871012687683));
#5507=CARTESIAN_POINT('Ctrl Pts',(-12.7114393807963,10.,0.239656724211197));
#5508=CARTESIAN_POINT('Ctrl Pts',(-12.657227167742,10.,0.412709799913197));
#5509=CARTESIAN_POINT('Ctrl Pts',(-12.6493434236293,10.,0.593878144023934));
#5510=CARTESIAN_POINT('Ctrl Pts',(-12.6454133586958,10.,0.684190988540649));
#5511=CARTESIAN_POINT('',(-13.381803710945,10.,2.05070853233337));
#5512=CARTESIAN_POINT('Ctrl Pts',(-12.6454133586958,10.,0.684190988540649));
#5513=CARTESIAN_POINT('Ctrl Pts',(-12.6805895295467,10.,0.946706946682063));
#5514=CARTESIAN_POINT('Ctrl Pts',(-12.7537804669357,10.,1.49292299553525));
#5515=CARTESIAN_POINT('Ctrl Pts',(-13.1671190665568,10.,1.86003407759835));
#5516=CARTESIAN_POINT('Ctrl Pts',(-13.381803710945,10.,2.05070853233337));
#5517=CARTESIAN_POINT('',(-15.20320602227,10.,2.60812878608704));
#5518=CARTESIAN_POINT('Ctrl Pts',(-13.381803710945,10.,2.05070853233337));
#5519=CARTESIAN_POINT('Ctrl Pts',(-13.6490527830389,10.,2.21320559134577));
#5520=CARTESIAN_POINT('Ctrl Pts',(-14.2078442119284,10.,2.55297090122847));
#5521=CARTESIAN_POINT('Ctrl Pts',(-14.8619398830945,10.,2.58921755379422));
#5522=CARTESIAN_POINT('Ctrl Pts',(-15.20320602227,10.,2.60812878608704));
#5523=CARTESIAN_POINT('',(-16.0831464128569,10.,2.50932097434998));
#5524=CARTESIAN_POINT('Ctrl Pts',(-15.20320602227,10.,2.60812878608704));
#5525=CARTESIAN_POINT('Ctrl Pts',(-15.3522026789357,10.,2.60411635983405));
#5526=CARTESIAN_POINT('Ctrl Pts',(-15.6483281020986,10.,2.59614180893696));
#5527=CARTESIAN_POINT('Ctrl Pts',(-15.9388177562878,10.,2.53813929710252));
#5528=CARTESIAN_POINT('Ctrl Pts',(-16.0831464128569,10.,2.50932097434998));
#5529=CARTESIAN_POINT('',(-17.1718860464171,10.,2.0563018321991));
#5530=CARTESIAN_POINT('Ctrl Pts',(-16.0831464128569,10.,2.50932097434998));
#5531=CARTESIAN_POINT('Ctrl Pts',(-16.2471083454758,10.,2.45945627950778));
#5532=CARTESIAN_POINT('Ctrl Pts',(-16.6247173970262,10.,2.34461645160107));
#5533=CARTESIAN_POINT('Ctrl Pts',(-16.9741697072933,10.,2.16048271158147));
#5534=CARTESIAN_POINT('Ctrl Pts',(-17.1718860464171,10.,2.0563018321991));
#5535=CARTESIAN_POINT('',(-17.6789701776579,10.,2.5));
#5536=CARTESIAN_POINT('',(-11.799520761215,10.,-2.64451305618704));
#5537=CARTESIAN_POINT('',(-17.9436982469633,10.,2.5));
#5538=CARTESIAN_POINT('',(-8.83948508882895,10.,2.5));
#5539=CARTESIAN_POINT('',(-17.2650999622419,10.,0.393363237380981));
#5540=CARTESIAN_POINT('',(-16.7354607743904,10.,-1.25084572861996));
#5541=CARTESIAN_POINT('',(-17.0674867229536,10.,0.393363237380981));
#5542=CARTESIAN_POINT('',(-8.63254998112097,10.,0.393363237380981));
#5543=CARTESIAN_POINT('',(-17.1420574979857,10.,0.851976871490479));
#5544=CARTESIAN_POINT('Ctrl Pts',(-17.0674867229536,10.,0.393363237380981));
#5545=CARTESIAN_POINT('Ctrl Pts',(-17.0892093791223,10.,0.473351844655695));
#5546=CARTESIAN_POINT('Ctrl Pts',(-17.1300398150503,10.,0.62370038762082));
#5547=CARTESIAN_POINT('Ctrl Pts',(-17.1382263656086,10.,0.779204321824318));
#5548=CARTESIAN_POINT('Ctrl Pts',(-17.1420574979857,10.,0.851976871490479));
#5549=CARTESIAN_POINT('',(-16.6163308219984,10.,1.91275119781494));
#5550=CARTESIAN_POINT('Ctrl Pts',(-17.1420574979857,10.,0.851976871490479));
#5551=CARTESIAN_POINT('Ctrl Pts',(-17.1163730051799,10.,1.04855376106293));
#5552=CARTESIAN_POINT('Ctrl Pts',(-17.0625164159437,10.,1.46074647497315));
#5553=CARTESIAN_POINT('Ctrl Pts',(-16.769569697842,10.,1.75751378866458));
#5554=CARTESIAN_POINT('Ctrl Pts',(-16.6163308219984,10.,1.91275119781494));
#5555=CARTESIAN_POINT('',(-15.4157341318205,10.,2.37695693969727));
#5556=CARTESIAN_POINT('Ctrl Pts',(-16.6163308219984,10.,1.91275119781494));
#5557=CARTESIAN_POINT('Ctrl Pts',(-16.4360920253604,10.,2.0481401350499));
#5558=CARTESIAN_POINT('Ctrl Pts',(-16.0794001008171,10.,2.31607435057386));
#5559=CARTESIAN_POINT('Ctrl Pts',(-15.6353853047534,10.,2.3568068450158));
#5560=CARTESIAN_POINT('Ctrl Pts',(-15.4157341318205,10.,2.37695693969727));
#5561=CARTESIAN_POINT('',(-14.6495146350935,10.,2.16629385948181));
#5562=CARTESIAN_POINT('Ctrl Pts',(-15.4157341318205,10.,2.37695693969727));
#5563=CARTESIAN_POINT('Ctrl Pts',(-15.2737168297398,10.,2.36992646345148));
#5564=CARTESIAN_POINT('Ctrl Pts',(-15.0022703858722,10.,2.35648867983179));
#5565=CARTESIAN_POINT('Ctrl Pts',(-14.7634075128779,10.,2.2277013216749));
#5566=CARTESIAN_POINT('Ctrl Pts',(-14.6495146350935,10.,2.16629385948181));
#5567=CARTESIAN_POINT('',(-14.3344516353682,10.,1.66853070259094));
#5568=CARTESIAN_POINT('Ctrl Pts',(-14.6495146350935,10.,2.16629385948181));
#5569=CARTESIAN_POINT('Ctrl Pts',(-14.5578165924664,10.,2.09750150983473));
#5570=CARTESIAN_POINT('Ctrl Pts',(-14.3884054467597,10.,1.9704083850997));
#5571=CARTESIAN_POINT('Ctrl Pts',(-14.35141847746,10.,1.76346210480439));
#5572=CARTESIAN_POINT('Ctrl Pts',(-14.3344516353682,10.,1.66853070259094));
#5573=CARTESIAN_POINT('',(-14.5451147155836,10.,1.26025319099426));
#5574=CARTESIAN_POINT('Ctrl Pts',(-14.3344516353682,10.,1.66853070259094));
#5575=CARTESIAN_POINT('Ctrl Pts',(-14.3452751581915,10.,1.59387024586026));
#5576=CARTESIAN_POINT('Ctrl Pts',(-14.3684038009836,10.,1.4343293031746));
#5577=CARTESIAN_POINT('Ctrl Pts',(-14.483748130877,10.,1.32070478510037));
#5578=CARTESIAN_POINT('Ctrl Pts',(-14.5451147155836,10.,1.26025319099426));
#5579=CARTESIAN_POINT('',(-15.7214755611494,10.,0.490305423736572));
#5580=CARTESIAN_POINT('Ctrl Pts',(-14.5451147155836,10.,1.26025319099426));
#5581=CARTESIAN_POINT('Ctrl Pts',(-14.6772875503931,10.,1.16388082474244));
#5582=CARTESIAN_POINT('Ctrl Pts',(-15.0562661363073,10.,0.887552764321016));
#5583=CARTESIAN_POINT('Ctrl Pts',(-15.4591207816703,10.,0.646977495035665));
#5584=CARTESIAN_POINT('Ctrl Pts',(-15.7214755611494,10.,0.490305423736572));
#5585=CARTESIAN_POINT('',(-16.6648019151762,10.,-0.281506776809692));
#5586=CARTESIAN_POINT('Ctrl Pts',(-15.7214755611494,10.,0.490305423736572));
#5587=CARTESIAN_POINT('Ctrl Pts',(-15.9380664229267,10.,0.360634411445451));
#5588=CARTESIAN_POINT('Ctrl Pts',(-16.2916611213179,10.,0.148940427198342));
#5589=CARTESIAN_POINT('Ctrl Pts',(-16.5605991573037,10.,-0.16130071380504));
#5590=CARTESIAN_POINT('Ctrl Pts',(-16.6648019151762,10.,-0.281506776809692));
#5591=CARTESIAN_POINT('',(-16.8437726097181,10.,-0.922818779945374));
#5592=CARTESIAN_POINT('Ctrl Pts',(-16.6648019151762,10.,-0.281506776809692));
#5593=CARTESIAN_POINT('Ctrl Pts',(-16.716998537219,10.,-0.383841660958741));
#5594=CARTESIAN_POINT('Ctrl Pts',(-16.8199212655625,10.,-0.585628387170647));
#5595=CARTESIAN_POINT('Ctrl Pts',(-16.835898252442,10.,-0.81149769022104));
#5596=CARTESIAN_POINT('Ctrl Pts',(-16.8437726097181,10.,-0.922818779945374));
#5597=CARTESIAN_POINT('',(-16.1129749612883,10.,-2.12714433670044));
#5598=CARTESIAN_POINT('Ctrl Pts',(-16.8437726097181,10.,-0.922818779945374));
#5599=CARTESIAN_POINT('Ctrl Pts',(-16.8069452185188,10.,-1.15784653793598));
#5600=CARTESIAN_POINT('Ctrl Pts',(-16.7288412333871,10.,-1.65629630366158));
#5601=CARTESIAN_POINT('Ctrl Pts',(-16.3259146389924,10.,-1.96434563681189));
#5602=CARTESIAN_POINT('Ctrl Pts',(-16.1129749612883,10.,-2.12714433670044));
#5603=CARTESIAN_POINT('',(-14.2859799461439,10.,-2.60812819004059));
#5604=CARTESIAN_POINT('Ctrl Pts',(-16.1129749612883,10.,-2.12714433670044));
#5605=CARTESIAN_POINT('Ctrl Pts',(-15.8443553482196,10.,-2.26729582852899));
#5606=CARTESIAN_POINT('Ctrl Pts',(-15.2729453814297,10.,-2.56542729546253));
#5607=CARTESIAN_POINT('Ctrl Pts',(-14.627827925662,10.,-2.59333819434951));
#5608=CARTESIAN_POINT('Ctrl Pts',(-14.2859799461439,10.,-2.60812819004059));
#5609=CARTESIAN_POINT('',(-13.5458607273176,10.,-2.5298285484314));
#5610=CARTESIAN_POINT('Ctrl Pts',(-14.2859799461439,10.,-2.60812819004059));
#5611=CARTESIAN_POINT('Ctrl Pts',(-14.1561499329729,10.,-2.60546323332565));
#5612=CARTESIAN_POINT('Ctrl Pts',(-13.9071705926194,10.,-2.60035255707483));
#5613=CARTESIAN_POINT('Ctrl Pts',(-13.6628030661016,10.,-2.55265450283565));
#5614=CARTESIAN_POINT('Ctrl Pts',(-13.5458607273176,10.,-2.5298285484314));
#5615=CARTESIAN_POINT('Ctrl Pts',(-13.5458607273176,10.,-2.5298285484314));
#5616=CARTESIAN_POINT('Ctrl Pts',(-13.4225397321871,10.,-2.49445136865248));
#5617=CARTESIAN_POINT('Ctrl Pts',(-13.147825845139,10.,-2.41564400450839));
#5618=CARTESIAN_POINT('Ctrl Pts',(-12.888820459081,10.,-2.29454964169049));
#5619=CARTESIAN_POINT('Ctrl Pts',(-12.7460844116285,10.,-2.22781538963318));
#5620=CARTESIAN_POINT('',(17.5407039265103,10.,-0.449291467666625));
#5621=CARTESIAN_POINT('',(17.227818290703,10.,-0.449291467666625));
#5622=CARTESIAN_POINT('',(8.94947852706537,10.,-0.449291467666625));
#5623=CARTESIAN_POINT('',(16.4746492309496,10.,1.87360167503357));
#5624=CARTESIAN_POINT('',(16.3424758513275,10.,2.28124539485421));
#5625=CARTESIAN_POINT('',(16.4410894317552,10.,2.0637583732605));
#5626=CARTESIAN_POINT('Ctrl Pts',(16.4746492309496,10.,1.87360167503357));
#5627=CARTESIAN_POINT('Ctrl Pts',(16.4648934206103,10.,1.90785974858776));
#5628=CARTESIAN_POINT('Ctrl Pts',(16.4471582839328,10.,1.97013767278518));
#5629=CARTESIAN_POINT('Ctrl Pts',(16.4429726269047,10.,2.03470740219214));
#5630=CARTESIAN_POINT('Ctrl Pts',(16.4410894317552,10.,2.0637583732605));
#5631=CARTESIAN_POINT('',(16.5380304260179,10.,2.17188715934753));
#5632=CARTESIAN_POINT('Ctrl Pts',(16.4410894317552,10.,2.0637583732605));
#5633=CARTESIAN_POINT('Ctrl Pts',(16.4443751353236,10.,2.09527819464526));
#5634=CARTESIAN_POINT('Ctrl Pts',(16.4506721080183,10.,2.15568518221146));
#5635=CARTESIAN_POINT('Ctrl Pts',(16.509769513702,10.,2.16664572767083));
#5636=CARTESIAN_POINT('Ctrl Pts',(16.5380304260179,10.,2.17188715934753));
#5637=CARTESIAN_POINT('',(16.8810623092577,10.,1.93885207176208));
#5638=CARTESIAN_POINT('Ctrl Pts',(16.5380304260179,10.,2.17188715934753));
#5639=CARTESIAN_POINT('Ctrl Pts',(16.5910839925793,10.,2.1558574186581));
#5640=CARTESIAN_POINT('Ctrl Pts',(16.7278942819523,10.,2.11452120689264));
#5641=CARTESIAN_POINT('Ctrl Pts',(16.8228992508767,10.,2.0055595585796));
#5642=CARTESIAN_POINT('Ctrl Pts',(16.8810623092577,10.,1.93885207176208));
#5643=CARTESIAN_POINT('',(17.2501867217943,10.,1.23228907585144));
#5644=CARTESIAN_POINT('Ctrl Pts',(16.8810623092577,10.,1.93885207176208));
#5645=CARTESIAN_POINT('Ctrl Pts',(16.9510870818593,10.,1.84353148056733));
#5646=CARTESIAN_POINT('Ctrl Pts',(17.1099619096311,10.,1.62726455178593));
#5647=CARTESIAN_POINT('Ctrl Pts',(17.1998930970726,10.,1.37395265203673));
#5648=CARTESIAN_POINT('Ctrl Pts',(17.2501867217943,10.,1.23228907585144));
#5649=CARTESIAN_POINT('',(17.4105136794969,10.,1.27703189849854));
#5650=CARTESIAN_POINT('',(9.08876709575487,10.,-1.04533756977907));
#5651=CARTESIAN_POINT('',(15.9116332931444,10.,2.5223708152771));
#5652=CARTESIAN_POINT('Ctrl Pts',(17.4105136794969,10.,1.27703189849854));
#5653=CARTESIAN_POINT('Ctrl Pts',(17.2641341591734,10.,1.63998061935939));
#5654=CARTESIAN_POINT('Ctrl Pts',(16.9853712591486,10.,2.33117456345653));
#5655=CARTESIAN_POINT('Ctrl Pts',(16.2573619738172,10.,2.46080828327733));
#5656=CARTESIAN_POINT('Ctrl Pts',(15.9116332931444,10.,2.5223708152771));
#5657=CARTESIAN_POINT('',(15.0745742721483,10.,2.32102870941162));
#5658=CARTESIAN_POINT('Ctrl Pts',(15.9116332931444,10.,2.5223708152771));
#5659=CARTESIAN_POINT('Ctrl Pts',(15.7491834762494,10.,2.51808462024621));
#5660=CARTESIAN_POINT('Ctrl Pts',(15.4549204307037,10.,2.51032056838268));
#5661=CARTESIAN_POINT('Ctrl Pts',(15.192240188324,10.,2.37958904848545));
#5662=CARTESIAN_POINT('Ctrl Pts',(15.0745742721483,10.,2.32102870941162));
#5663=CARTESIAN_POINT('',(14.7744243545458,10.,1.75801634788513));
#5664=CARTESIAN_POINT('Ctrl Pts',(15.0745742721483,10.,2.32102870941162));
#5665=CARTESIAN_POINT('Ctrl Pts',(14.9870305472161,10.,2.24722222357253));
#5666=CARTESIAN_POINT('Ctrl Pts',(14.8119074663289,10.,2.09957921204182));
#5667=CARTESIAN_POINT('Ctrl Pts',(14.7869204197845,10.,1.8718860782941));
#5668=CARTESIAN_POINT('Ctrl Pts',(14.7744243545458,10.,1.75801634788513));
#5669=CARTESIAN_POINT('',(14.8676364822313,10.,1.25838875770569));
#5670=CARTESIAN_POINT('Ctrl Pts',(14.7744243545458,10.,1.75801634788513));
#5671=CARTESIAN_POINT('Ctrl Pts',(14.7794278650229,10.,1.6798405232533));
#5672=CARTESIAN_POINT('Ctrl Pts',(14.7903195689734,10.,1.50966641412226));
#5673=CARTESIAN_POINT('Ctrl Pts',(14.8405053900366,10.,1.3465639961555));
#5674=CARTESIAN_POINT('Ctrl Pts',(14.8676364822313,10.,1.25838875770569));
#5675=CARTESIAN_POINT('',(15.4231946868822,10.,-0.449291467666626));
#5676=CARTESIAN_POINT('',(14.3412550544142,10.,2.8763851220137));
#5677=CARTESIAN_POINT('',(14.9757640762255,10.,-0.449291467666625));
#5678=CARTESIAN_POINT('',(7.7115973434411,10.,-0.449291467666625));
#5679=CARTESIAN_POINT('',(15.027963439934,10.,-0.598434209823607));
#5680=CARTESIAN_POINT('',(14.0885728128503,10.,2.08556965777573));
#5681=CARTESIAN_POINT('',(17.5708454055712,10.,-1.95190131664276));
#5682=CARTESIAN_POINT('Ctrl Pts',(15.027963439934,10.,-0.598434209823607));
#5683=CARTESIAN_POINT('Ctrl Pts',(15.4495027203,10.,-0.684088423606296));
#5684=CARTESIAN_POINT('Ctrl Pts',(16.4237695247102,10.,-0.88205350309752));
#5685=CARTESIAN_POINT('Ctrl Pts',(17.1556373070834,10.,-1.56464753182779));
#5686=CARTESIAN_POINT('Ctrl Pts',(17.5708454055712,10.,-1.95190131664276));
#5687=CARTESIAN_POINT('',(17.7162568969652,10.,-1.95190131664276));
#5688=CARTESIAN_POINT('',(8.78542270278558,10.,-1.95190131664276));
#5689=CARTESIAN_POINT('',(17.2800176544115,10.,-0.598434209823607));
#5690=CARTESIAN_POINT('',(16.5976712533026,10.,1.51860002109742));
#5691=CARTESIAN_POINT('',(17.5726812124254,10.,-0.598434209823607));
#5692=CARTESIAN_POINT('',(8.64000882720575,10.,-0.598434209823607));
#5693=CARTESIAN_POINT('',(17.5,10.,1.41638472441199E-15));
#5694=CARTESIAN_POINT('Origin',(20.,10.,1.11022302462516E-15));
#5695=CARTESIAN_POINT('Origin',(20.,10.,1.11022302462516E-15));
#5696=CARTESIAN_POINT('Origin',(25.,0.,7.5));
#5697=CARTESIAN_POINT('',(25.,0.,7.5));
#5698=CARTESIAN_POINT('Origin',(-25.,0.,7.5));
#5699=CARTESIAN_POINT('Ctrl Pts',(-9.60290737915784,10.,1.76547288894653));
#5700=CARTESIAN_POINT('Ctrl Pts',(-9.60290737915784,8.,1.76547288894653));
#5701=CARTESIAN_POINT('Ctrl Pts',(-9.59375816819387,10.,1.68582447765283));
#5702=CARTESIAN_POINT('Ctrl Pts',(-9.59375816819387,8.,1.68582447765283));
#5703=CARTESIAN_POINT('Ctrl Pts',(-9.57206105773886,10.,1.49694038871754));
#5704=CARTESIAN_POINT('Ctrl Pts',(-9.57206105773886,8.,1.49694038871754));
#5705=CARTESIAN_POINT('Ctrl Pts',(-9.51600993276594,10.,1.3150875924367));
#5706=CARTESIAN_POINT('Ctrl Pts',(-9.51600993276594,8.,1.3150875924367));
#5707=CARTESIAN_POINT('Ctrl Pts',(-9.48359437752515,10.,1.20991826057434));
#5708=CARTESIAN_POINT('Ctrl Pts',(-9.48359437752515,8.,1.20991826057434));
#5709=CARTESIAN_POINT('',(-9.60290737915784,10.,1.76547288894653));
#5710=CARTESIAN_POINT('',(-9.48359437752515,10.,1.20991826057434));
#5711=CARTESIAN_POINT('Ctrl Pts',(-9.60290737915784,10.,1.76547288894653));
#5712=CARTESIAN_POINT('Ctrl Pts',(-9.59375816819387,10.,1.68582447765283));
#5713=CARTESIAN_POINT('Ctrl Pts',(-9.57206105773886,10.,1.49694038871754));
#5714=CARTESIAN_POINT('Ctrl Pts',(-9.51600993276594,10.,1.3150875924367));
#5715=CARTESIAN_POINT('Ctrl Pts',(-9.48359437752515,10.,1.20991826057434));
#5716=CARTESIAN_POINT('',(-9.60290737915784,8.,1.76547288894653));
#5717=CARTESIAN_POINT('',(-9.60290737915784,10.,1.76547288894653));
#5718=CARTESIAN_POINT('',(-9.48359437752515,8.,1.20991826057434));
#5719=CARTESIAN_POINT('Ctrl Pts',(-9.60290737915784,8.,1.76547288894653));
#5720=CARTESIAN_POINT('Ctrl Pts',(-9.59375816819387,8.,1.68582447765283));
#5721=CARTESIAN_POINT('Ctrl Pts',(-9.57206105773886,8.,1.49694038871754));
#5722=CARTESIAN_POINT('Ctrl Pts',(-9.51600993276594,8.,1.3150875924367));
#5723=CARTESIAN_POINT('Ctrl Pts',(-9.48359437752515,8.,1.20991826057434));
#5724=CARTESIAN_POINT('',(-9.48359437752515,10.,1.20991826057434));
#5725=CARTESIAN_POINT('Ctrl Pts',(-10.1696497993544,10.,2.0861291885376));
#5726=CARTESIAN_POINT('Ctrl Pts',(-10.1696497993544,8.,2.0861291885376));
#5727=CARTESIAN_POINT('Ctrl Pts',(-10.0878394097941,10.,2.06378184710293));
#5728=CARTESIAN_POINT('Ctrl Pts',(-10.0878394097941,8.,2.06378184710293));
#5729=CARTESIAN_POINT('Ctrl Pts',(-9.87382005286283,10.,2.00532027921794));
#5730=CARTESIAN_POINT('Ctrl Pts',(-9.87382005286283,8.,2.00532027921794));
#5731=CARTESIAN_POINT('Ctrl Pts',(-9.7063566995173,10.,1.85705977993335));
#5732=CARTESIAN_POINT('Ctrl Pts',(-9.7063566995173,8.,1.85705977993335));
#5733=CARTESIAN_POINT('Ctrl Pts',(-9.60290737915784,10.,1.76547288894653));
#5734=CARTESIAN_POINT('Ctrl Pts',(-9.60290737915784,8.,1.76547288894653));
#5735=CARTESIAN_POINT('',(-10.1696497993544,10.,2.0861291885376));
#5736=CARTESIAN_POINT('Ctrl Pts',(-10.1696497993544,10.,2.0861291885376));
#5737=CARTESIAN_POINT('Ctrl Pts',(-10.0878394097941,10.,2.06378184710293));
#5738=CARTESIAN_POINT('Ctrl Pts',(-9.87382005286283,10.,2.00532027921794));
#5739=CARTESIAN_POINT('Ctrl Pts',(-9.7063566995173,10.,1.85705977993335));
#5740=CARTESIAN_POINT('Ctrl Pts',(-9.60290737915784,10.,1.76547288894653));
#5741=CARTESIAN_POINT('',(-10.1696497993544,8.,2.0861291885376));
#5742=CARTESIAN_POINT('',(-10.1696497993544,10.,2.0861291885376));
#5743=CARTESIAN_POINT('Ctrl Pts',(-10.1696497993544,8.,2.0861291885376));
#5744=CARTESIAN_POINT('Ctrl Pts',(-10.0878394097941,8.,2.06378184710293));
#5745=CARTESIAN_POINT('Ctrl Pts',(-9.87382005286283,8.,2.00532027921794));
#5746=CARTESIAN_POINT('Ctrl Pts',(-9.7063566995173,8.,1.85705977993335));
#5747=CARTESIAN_POINT('Ctrl Pts',(-9.60290737915784,8.,1.76547288894653));
#5748=CARTESIAN_POINT('Ctrl Pts',(-10.3225202159956,10.,1.90343022346497));
#5749=CARTESIAN_POINT('Ctrl Pts',(-10.3225202159956,8.,1.90343022346497));
#5750=CARTESIAN_POINT('Ctrl Pts',(-10.3181643330355,10.,1.95663549012568));
#5751=CARTESIAN_POINT('Ctrl Pts',(-10.3181643330355,8.,1.95663549012568));
#5752=CARTESIAN_POINT('Ctrl Pts',(-10.3100294272683,10.,2.0559999208447));
#5753=CARTESIAN_POINT('Ctrl Pts',(-10.3100294272683,8.,2.0559999208447));
#5754=CARTESIAN_POINT('Ctrl Pts',(-10.214177329651,10.,2.07657237534506));
#5755=CARTESIAN_POINT('Ctrl Pts',(-10.214177329651,8.,2.07657237534506));
#5756=CARTESIAN_POINT('Ctrl Pts',(-10.1696497993544,10.,2.0861291885376));
#5757=CARTESIAN_POINT('Ctrl Pts',(-10.1696497993544,8.,2.0861291885376));
#5758=CARTESIAN_POINT('',(-10.3225202159956,10.,1.90343022346497));
#5759=CARTESIAN_POINT('Ctrl Pts',(-10.3225202159956,10.,1.90343022346497));
#5760=CARTESIAN_POINT('Ctrl Pts',(-10.3181643330355,10.,1.95663549012568));
#5761=CARTESIAN_POINT('Ctrl Pts',(-10.3100294272683,10.,2.0559999208447));
#5762=CARTESIAN_POINT('Ctrl Pts',(-10.214177329651,10.,2.07657237534506));
#5763=CARTESIAN_POINT('Ctrl Pts',(-10.1696497993544,10.,2.0861291885376));
#5764=CARTESIAN_POINT('',(-10.3225202159956,8.,1.90343022346497));
#5765=CARTESIAN_POINT('',(-10.3225202159956,10.,1.90343022346497));
#5766=CARTESIAN_POINT('Ctrl Pts',(-10.3225202159956,8.,1.90343022346497));
#5767=CARTESIAN_POINT('Ctrl Pts',(-10.3181643330355,8.,1.95663549012568));
#5768=CARTESIAN_POINT('Ctrl Pts',(-10.3100294272683,8.,2.0559999208447));
#5769=CARTESIAN_POINT('Ctrl Pts',(-10.214177329651,8.,2.07657237534506));
#5770=CARTESIAN_POINT('Ctrl Pts',(-10.1696497993544,8.,2.0861291885376));
#5771=CARTESIAN_POINT('Ctrl Pts',(-10.2703196601942,10.,1.62378787994385));
#5772=CARTESIAN_POINT('Ctrl Pts',(-10.2703196601942,8.,1.62378787994385));
#5773=CARTESIAN_POINT('Ctrl Pts',(-10.285527435946,10.,1.67217842983906));
#5774=CARTESIAN_POINT('Ctrl Pts',(-10.285527435946,8.,1.67217842983906));
#5775=CARTESIAN_POINT('Ctrl Pts',(-10.3141803123379,10.,1.76335076610398));
#5776=CARTESIAN_POINT('Ctrl Pts',(-10.3141803123379,8.,1.76335076610398));
#5777=CARTESIAN_POINT('Ctrl Pts',(-10.319856647532,10.,1.8586921496996));
#5778=CARTESIAN_POINT('Ctrl Pts',(-10.319856647532,8.,1.8586921496996));
#5779=CARTESIAN_POINT('Ctrl Pts',(-10.3225202159956,10.,1.90343022346497));
#5780=CARTESIAN_POINT('Ctrl Pts',(-10.3225202159956,8.,1.90343022346497));
#5781=CARTESIAN_POINT('',(-10.2703196601942,10.,1.62378787994385));
#5782=CARTESIAN_POINT('Ctrl Pts',(-10.2703196601942,10.,1.62378787994385));
#5783=CARTESIAN_POINT('Ctrl Pts',(-10.285527435946,10.,1.67217842983906));
#5784=CARTESIAN_POINT('Ctrl Pts',(-10.3141803123379,10.,1.76335076610398));
#5785=CARTESIAN_POINT('Ctrl Pts',(-10.319856647532,10.,1.8586921496996));
#5786=CARTESIAN_POINT('Ctrl Pts',(-10.3225202159956,10.,1.90343022346497));
#5787=CARTESIAN_POINT('',(-10.2703196601942,8.,1.62378787994385));
#5788=CARTESIAN_POINT('',(-10.2703196601942,10.,1.62378787994385));
#5789=CARTESIAN_POINT('Ctrl Pts',(-10.2703196601942,8.,1.62378787994385));
#5790=CARTESIAN_POINT('Ctrl Pts',(-10.285527435946,8.,1.67217842983906));
#5791=CARTESIAN_POINT('Ctrl Pts',(-10.3141803123379,8.,1.76335076610398));
#5792=CARTESIAN_POINT('Ctrl Pts',(-10.319856647532,8.,1.8586921496996));
#5793=CARTESIAN_POINT('Ctrl Pts',(-10.3225202159956,8.,1.90343022346497));
#5794=CARTESIAN_POINT('Origin',(-9.69612189102918,10.,-0.151006579399109));
#5795=CARTESIAN_POINT('',(-9.69612189102918,10.,-0.151006579399109));
#5796=CARTESIAN_POINT('',(-9.25886554734431,10.,-1.50252721873026));
#5797=CARTESIAN_POINT('',(-9.69612189102918,8.,-0.151006579399109));
#5798=CARTESIAN_POINT('',(-9.69612189102918,10.,-0.151006579399109));
#5799=CARTESIAN_POINT('',(-9.69612189102918,8.,-0.151006579399109));
#5800=CARTESIAN_POINT('Ctrl Pts',(-9.54325028229505,10.,-0.432512760162354));
#5801=CARTESIAN_POINT('Ctrl Pts',(-9.54325028229505,8.,-0.432512760162354));
#5802=CARTESIAN_POINT('Ctrl Pts',(-9.57364335065233,10.,-0.393763338688213));
#5803=CARTESIAN_POINT('Ctrl Pts',(-9.57364335065233,8.,-0.393763338688213));
#5804=CARTESIAN_POINT('Ctrl Pts',(-9.64036958637139,10.,-0.308691209712413));
#5805=CARTESIAN_POINT('Ctrl Pts',(-9.64036958637139,8.,-0.308691209712413));
#5806=CARTESIAN_POINT('Ctrl Pts',(-9.67646664604055,10.,-0.206597645253233));
#5807=CARTESIAN_POINT('Ctrl Pts',(-9.67646664604055,8.,-0.206597645253233));
#5808=CARTESIAN_POINT('Ctrl Pts',(-9.69612189102918,10.,-0.151006579399109));
#5809=CARTESIAN_POINT('Ctrl Pts',(-9.69612189102918,8.,-0.151006579399109));
#5810=CARTESIAN_POINT('',(-9.54325028229505,10.,-0.432512760162354));
#5811=CARTESIAN_POINT('Ctrl Pts',(-9.54325028229505,10.,-0.432512760162354));
#5812=CARTESIAN_POINT('Ctrl Pts',(-9.57364335065233,10.,-0.393763338688213));
#5813=CARTESIAN_POINT('Ctrl Pts',(-9.64036958637139,10.,-0.308691209712413));
#5814=CARTESIAN_POINT('Ctrl Pts',(-9.67646664604055,10.,-0.206597645253233));
#5815=CARTESIAN_POINT('Ctrl Pts',(-9.69612189102918,10.,-0.151006579399109));
#5816=CARTESIAN_POINT('',(-9.54325028229505,8.,-0.432512760162354));
#5817=CARTESIAN_POINT('',(-9.54325028229505,10.,-0.432512760162354));
#5818=CARTESIAN_POINT('Ctrl Pts',(-9.54325028229505,8.,-0.432512760162354));
#5819=CARTESIAN_POINT('Ctrl Pts',(-9.57364335065233,8.,-0.393763338688213));
#5820=CARTESIAN_POINT('Ctrl Pts',(-9.64036958637139,8.,-0.308691209712413));
#5821=CARTESIAN_POINT('Ctrl Pts',(-9.67646664604055,8.,-0.206597645253233));
#5822=CARTESIAN_POINT('Ctrl Pts',(-9.69612189102918,8.,-0.151006579399109));
#5823=CARTESIAN_POINT('Ctrl Pts',(-9.32326622772962,10.,-0.531319379806519));
#5824=CARTESIAN_POINT('Ctrl Pts',(-9.32326622772962,8.,-0.531319379806519));
#5825=CARTESIAN_POINT('Ctrl Pts',(-9.36441632835896,10.,-0.526889794423148));
#5826=CARTESIAN_POINT('Ctrl Pts',(-9.36441632835896,8.,-0.526889794423148));
#5827=CARTESIAN_POINT('Ctrl Pts',(-9.44835816055728,10.,-0.517853910980033));
#5828=CARTESIAN_POINT('Ctrl Pts',(-9.44835816055728,8.,-0.517853910980033));
#5829=CARTESIAN_POINT('Ctrl Pts',(-9.51120984974737,10.,-0.461328296544515));
#5830=CARTESIAN_POINT('Ctrl Pts',(-9.51120984974737,8.,-0.461328296544515));
#5831=CARTESIAN_POINT('Ctrl Pts',(-9.54325028229505,10.,-0.432512760162354));
#5832=CARTESIAN_POINT('Ctrl Pts',(-9.54325028229505,8.,-0.432512760162354));
#5833=CARTESIAN_POINT('',(-9.32326622772962,10.,-0.531319379806519));
#5834=CARTESIAN_POINT('Ctrl Pts',(-9.32326622772962,10.,-0.531319379806519));
#5835=CARTESIAN_POINT('Ctrl Pts',(-9.36441632835896,10.,-0.526889794423148));
#5836=CARTESIAN_POINT('Ctrl Pts',(-9.44835816055728,10.,-0.517853910980033));
#5837=CARTESIAN_POINT('Ctrl Pts',(-9.51120984974737,10.,-0.461328296544515));
#5838=CARTESIAN_POINT('Ctrl Pts',(-9.54325028229505,10.,-0.432512760162354));
#5839=CARTESIAN_POINT('',(-9.32326622772962,8.,-0.531319379806519));
#5840=CARTESIAN_POINT('',(-9.32326622772962,10.,-0.531319379806519));
#5841=CARTESIAN_POINT('Ctrl Pts',(-9.32326622772962,8.,-0.531319379806519));
#5842=CARTESIAN_POINT('Ctrl Pts',(-9.36441632835896,8.,-0.526889794423148));
#5843=CARTESIAN_POINT('Ctrl Pts',(-9.44835816055728,8.,-0.517853910980033));
#5844=CARTESIAN_POINT('Ctrl Pts',(-9.51120984974737,8.,-0.461328296544515));
#5845=CARTESIAN_POINT('Ctrl Pts',(-9.54325028229505,8.,-0.432512760162354));
#5846=CARTESIAN_POINT('Ctrl Pts',(-8.97651024628431,10.,-0.363534688949585));
#5847=CARTESIAN_POINT('Ctrl Pts',(-8.97651024628431,8.,-0.363534688949585));
#5848=CARTESIAN_POINT('Ctrl Pts',(-9.03081187134916,10.,-0.412355823542665));
#5849=CARTESIAN_POINT('Ctrl Pts',(-9.03081187134916,8.,-0.412355823542665));
#5850=CARTESIAN_POINT('Ctrl Pts',(-9.13071785835101,10.,-0.502178616732489));
#5851=CARTESIAN_POINT('Ctrl Pts',(-9.13071785835101,8.,-0.502178616732489));
#5852=CARTESIAN_POINT('Ctrl Pts',(-9.2629196916134,10.,-0.522186380565984));
#5853=CARTESIAN_POINT('Ctrl Pts',(-9.2629196916134,8.,-0.522186380565984));
#5854=CARTESIAN_POINT('Ctrl Pts',(-9.32326622772962,10.,-0.531319379806519));
#5855=CARTESIAN_POINT('Ctrl Pts',(-9.32326622772962,8.,-0.531319379806519));
#5856=CARTESIAN_POINT('',(-8.97651024628431,10.,-0.363534688949585));
#5857=CARTESIAN_POINT('Ctrl Pts',(-8.97651024628431,10.,-0.363534688949585));
#5858=CARTESIAN_POINT('Ctrl Pts',(-9.03081187134916,10.,-0.412355823542665));
#5859=CARTESIAN_POINT('Ctrl Pts',(-9.13071785835101,10.,-0.502178616732489));
#5860=CARTESIAN_POINT('Ctrl Pts',(-9.2629196916134,10.,-0.522186380565984));
#5861=CARTESIAN_POINT('Ctrl Pts',(-9.32326622772962,10.,-0.531319379806519));
#5862=CARTESIAN_POINT('',(-8.97651024628431,8.,-0.363534688949585));
#5863=CARTESIAN_POINT('',(-8.97651024628431,10.,-0.363534688949585));
#5864=CARTESIAN_POINT('Ctrl Pts',(-8.97651024628431,8.,-0.363534688949585));
#5865=CARTESIAN_POINT('Ctrl Pts',(-9.03081187134916,8.,-0.412355823542665));
#5866=CARTESIAN_POINT('Ctrl Pts',(-9.13071785835101,8.,-0.502178616732489));
#5867=CARTESIAN_POINT('Ctrl Pts',(-9.2629196916134,8.,-0.522186380565984));
#5868=CARTESIAN_POINT('Ctrl Pts',(-9.32326622772962,8.,-0.531319379806519));
#5869=CARTESIAN_POINT('Origin',(-9.48359437752515,10.,1.20991826057434));
#5870=CARTESIAN_POINT('',(-8.86082497196675,10.,-0.722499454117886));
#5871=CARTESIAN_POINT('',(-9.48359437752515,8.,1.20991826057434));
#5872=CARTESIAN_POINT('Origin',(-8.92430969048291,10.,-0.508948564529419));
#5873=CARTESIAN_POINT('',(-8.92430969048291,8.,-0.508948564529419));
#5874=CARTESIAN_POINT('',(-8.92430969048291,10.,-0.508948564529419));
#5875=CARTESIAN_POINT('',(-8.90193887520581,8.,-0.598434209823608));
#5876=CARTESIAN_POINT('',(-8.92430969048291,8.,-0.508948564529419));
#5877=CARTESIAN_POINT('',(-8.90193887520581,10.,-0.598434209823608));
#5878=CARTESIAN_POINT('Ctrl Pts',(-9.62527938652784,10.,-0.714019536972046));
#5879=CARTESIAN_POINT('Ctrl Pts',(-9.62527938652784,8.,-0.714019536972046));
#5880=CARTESIAN_POINT('Ctrl Pts',(-9.4886289633272,10.,-0.708804006383008));
#5881=CARTESIAN_POINT('Ctrl Pts',(-9.4886289633272,8.,-0.708804006383008));
#5882=CARTESIAN_POINT('Ctrl Pts',(-9.23683746980978,10.,-0.699193891714194));
#5883=CARTESIAN_POINT('Ctrl Pts',(-9.23683746980978,8.,-0.699193891714194));
#5884=CARTESIAN_POINT('Ctrl Pts',(-9.02237889055446,10.,-0.568646320340263));
#5885=CARTESIAN_POINT('Ctrl Pts',(-9.02237889055446,8.,-0.568646320340263));
#5886=CARTESIAN_POINT('Ctrl Pts',(-8.92430969048291,10.,-0.508948564529419));
#5887=CARTESIAN_POINT('Ctrl Pts',(-8.92430969048291,8.,-0.508948564529419));
#5888=CARTESIAN_POINT('',(-9.62527938652784,8.,-0.714019536972046));
#5889=CARTESIAN_POINT('',(-9.62527938652784,10.,-0.714019536972046));
#5890=CARTESIAN_POINT('Ctrl Pts',(-9.62527938652784,8.,-0.714019536972046));
#5891=CARTESIAN_POINT('Ctrl Pts',(-9.4886289633272,8.,-0.708804006383008));
#5892=CARTESIAN_POINT('Ctrl Pts',(-9.23683746980978,8.,-0.699193891714194));
#5893=CARTESIAN_POINT('Ctrl Pts',(-9.02237889055446,8.,-0.568646320340263));
#5894=CARTESIAN_POINT('Ctrl Pts',(-8.92430969048291,8.,-0.508948564529419));
#5895=CARTESIAN_POINT('Ctrl Pts',(-11.3404173450544,10.,-0.0410139560699463));
#5896=CARTESIAN_POINT('Ctrl Pts',(-11.3404173450544,8.,-0.0410139560699463));
#5897=CARTESIAN_POINT('Ctrl Pts',(-11.0803430268664,10.,-0.237282245063579));
#5898=CARTESIAN_POINT('Ctrl Pts',(-11.0803430268664,8.,-0.237282245063579));
#5899=CARTESIAN_POINT('Ctrl Pts',(-10.5707771986017,10.,-0.621832376502699));
#5900=CARTESIAN_POINT('Ctrl Pts',(-10.5707771986017,8.,-0.621832376502699));
#5901=CARTESIAN_POINT('Ctrl Pts',(-9.93605126764023,10.,-0.683718909188857));
#5902=CARTESIAN_POINT('Ctrl Pts',(-9.93605126764023,8.,-0.683718909188857));
#5903=CARTESIAN_POINT('Ctrl Pts',(-9.62527938652784,10.,-0.714019536972046));
#5904=CARTESIAN_POINT('Ctrl Pts',(-9.62527938652784,8.,-0.714019536972046));
#5905=CARTESIAN_POINT('',(-11.3404173450544,8.,-0.0410139560699463));
#5906=CARTESIAN_POINT('',(-11.3404173450544,10.,-0.0410139560699463));
#5907=CARTESIAN_POINT('Ctrl Pts',(-11.3404173450544,8.,-0.0410139560699463));
#5908=CARTESIAN_POINT('Ctrl Pts',(-11.0803430268664,8.,-0.237282245063579));
#5909=CARTESIAN_POINT('Ctrl Pts',(-10.5707771986017,8.,-0.621832376502699));
#5910=CARTESIAN_POINT('Ctrl Pts',(-9.93605126764023,8.,-0.683718909188857));
#5911=CARTESIAN_POINT('Ctrl Pts',(-9.62527938652784,8.,-0.714019536972046));
#5912=CARTESIAN_POINT('Ctrl Pts',(-12.1085006790236,10.,1.45227432250977));
#5913=CARTESIAN_POINT('Ctrl Pts',(-12.1085006790236,8.,1.45227432250977));
#5914=CARTESIAN_POINT('Ctrl Pts',(-12.0692044744049,10.,1.17884443067238));
#5915=CARTESIAN_POINT('Ctrl Pts',(-12.0692044744049,8.,1.17884443067238));
#5916=CARTESIAN_POINT('Ctrl Pts',(-11.9853745265526,10.,0.595540933644494));
#5917=CARTESIAN_POINT('Ctrl Pts',(-11.9853745265526,8.,0.595540933644494));
#5918=CARTESIAN_POINT('Ctrl Pts',(-11.5641749923653,10.,0.179828649598672));
#5919=CARTESIAN_POINT('Ctrl Pts',(-11.5641749923653,8.,0.179828649598672));
#5920=CARTESIAN_POINT('Ctrl Pts',(-11.3404173450544,10.,-0.0410139560699463));
#5921=CARTESIAN_POINT('Ctrl Pts',(-11.3404173450544,8.,-0.0410139560699463));
#5922=CARTESIAN_POINT('',(-12.1085006790236,8.,1.45227432250977));
#5923=CARTESIAN_POINT('',(-12.1085006790236,10.,1.45227432250977));
#5924=CARTESIAN_POINT('Ctrl Pts',(-12.1085006790236,8.,1.45227432250977));
#5925=CARTESIAN_POINT('Ctrl Pts',(-12.0692044744049,8.,1.17884443067238));
#5926=CARTESIAN_POINT('Ctrl Pts',(-11.9853745265526,8.,0.595540933644494));
#5927=CARTESIAN_POINT('Ctrl Pts',(-11.5641749923653,8.,0.179828649598672));
#5928=CARTESIAN_POINT('Ctrl Pts',(-11.3404173450544,8.,-0.0410139560699463));
#5929=CARTESIAN_POINT('Ctrl Pts',(-11.7692024307325,10.,2.22035765647888));
#5930=CARTESIAN_POINT('Ctrl Pts',(-11.7692024307325,8.,2.22035765647888));
#5931=CARTESIAN_POINT('Ctrl Pts',(-11.8681629042037,10.,2.11228724442347));
#5932=CARTESIAN_POINT('Ctrl Pts',(-11.8681629042037,8.,2.11228724442347));
#5933=CARTESIAN_POINT('Ctrl Pts',(-12.0675489898467,10.,1.89454640631171));
#5934=CARTESIAN_POINT('Ctrl Pts',(-12.0675489898467,8.,1.89454640631171));
#5935=CARTESIAN_POINT('Ctrl Pts',(-12.0947834075327,10.,1.6004187914749));
#5936=CARTESIAN_POINT('Ctrl Pts',(-12.0947834075327,8.,1.6004187914749));
#5937=CARTESIAN_POINT('Ctrl Pts',(-12.1085006790236,10.,1.45227432250977));
#5938=CARTESIAN_POINT('Ctrl Pts',(-12.1085006790236,8.,1.45227432250977));
#5939=CARTESIAN_POINT('',(-11.7692024307325,8.,2.22035765647888));
#5940=CARTESIAN_POINT('',(-11.7692024307325,10.,2.22035765647888));
#5941=CARTESIAN_POINT('Ctrl Pts',(-11.7692024307325,8.,2.22035765647888));
#5942=CARTESIAN_POINT('Ctrl Pts',(-11.8681629042037,8.,2.11228724442347));
#5943=CARTESIAN_POINT('Ctrl Pts',(-12.0675489898467,8.,1.89454640631171));
#5944=CARTESIAN_POINT('Ctrl Pts',(-12.0947834075327,8.,1.6004187914749));
#5945=CARTESIAN_POINT('Ctrl Pts',(-12.1085006790236,8.,1.45227432250977));
#5946=CARTESIAN_POINT('Ctrl Pts',(-10.9041757183149,10.,2.5223708152771));
#5947=CARTESIAN_POINT('Ctrl Pts',(-10.9041757183149,8.,2.5223708152771));
#5948=CARTESIAN_POINT('Ctrl Pts',(-11.0691548502152,10.,2.51194195162763));
#5949=CARTESIAN_POINT('Ctrl Pts',(-11.0691548502152,8.,2.51194195162763));
#5950=CARTESIAN_POINT('Ctrl Pts',(-11.3863369509517,10.,2.49189184685054));
#5951=CARTESIAN_POINT('Ctrl Pts',(-11.3863369509517,8.,2.49189184685054));
#5952=CARTESIAN_POINT('Ctrl Pts',(-11.6450543347128,10.,2.30840542918014));
#5953=CARTESIAN_POINT('Ctrl Pts',(-11.6450543347128,8.,2.30840542918014));
#5954=CARTESIAN_POINT('Ctrl Pts',(-11.7692024307325,10.,2.22035765647888));
#5955=CARTESIAN_POINT('Ctrl Pts',(-11.7692024307325,8.,2.22035765647888));
#5956=CARTESIAN_POINT('',(-10.9041757183149,8.,2.5223708152771));
#5957=CARTESIAN_POINT('',(-10.9041757183149,10.,2.5223708152771));
#5958=CARTESIAN_POINT('Ctrl Pts',(-10.9041757183149,8.,2.5223708152771));
#5959=CARTESIAN_POINT('Ctrl Pts',(-11.0691548502152,8.,2.51194195162763));
#5960=CARTESIAN_POINT('Ctrl Pts',(-11.3863369509517,8.,2.49189184685054));
#5961=CARTESIAN_POINT('Ctrl Pts',(-11.6450543347128,8.,2.30840542918014));
#5962=CARTESIAN_POINT('Ctrl Pts',(-11.7692024307325,8.,2.22035765647888));
#5963=CARTESIAN_POINT('Ctrl Pts',(-9.56562228966504,10.,1.93325877189636));
#5964=CARTESIAN_POINT('Ctrl Pts',(-9.56562228966504,8.,1.93325877189636));
#5965=CARTESIAN_POINT('Ctrl Pts',(-9.76984952344251,10.,2.10496541298183));
#5966=CARTESIAN_POINT('Ctrl Pts',(-9.76984952344251,8.,2.10496541298183));
#5967=CARTESIAN_POINT('Ctrl Pts',(-10.1596888782919,10.,2.43272780267886));
#5968=CARTESIAN_POINT('Ctrl Pts',(-10.1596888782919,8.,2.43272780267886));
#5969=CARTESIAN_POINT('Ctrl Pts',(-10.6640411678464,10.,2.49345642300624));
#5970=CARTESIAN_POINT('Ctrl Pts',(-10.6640411678464,8.,2.49345642300624));
#5971=CARTESIAN_POINT('Ctrl Pts',(-10.9041757183149,10.,2.5223708152771));
#5972=CARTESIAN_POINT('Ctrl Pts',(-10.9041757183149,8.,2.5223708152771));
#5973=CARTESIAN_POINT('',(-9.56562228966504,8.,1.93325877189636));
#5974=CARTESIAN_POINT('',(-9.56562228966504,10.,1.93325877189636));
#5975=CARTESIAN_POINT('Ctrl Pts',(-9.56562228966504,8.,1.93325877189636));
#5976=CARTESIAN_POINT('Ctrl Pts',(-9.76984952344251,8.,2.10496541298183));
#5977=CARTESIAN_POINT('Ctrl Pts',(-10.1596888782919,8.,2.43272780267886));
#5978=CARTESIAN_POINT('Ctrl Pts',(-10.6640411678464,8.,2.49345642300624));
#5979=CARTESIAN_POINT('Ctrl Pts',(-10.9041757183149,8.,2.5223708152771));
#5980=CARTESIAN_POINT('Ctrl Pts',(-9.20208760071546,10.,2.36204266548157));
#5981=CARTESIAN_POINT('Ctrl Pts',(-9.20208760071546,8.,2.36204266548157));
#5982=CARTESIAN_POINT('Ctrl Pts',(-9.28260809954466,10.,2.30499164935442));
#5983=CARTESIAN_POINT('Ctrl Pts',(-9.28260809954466,8.,2.30499164935442));
#5984=CARTESIAN_POINT('Ctrl Pts',(-9.44059042253176,10.,2.19305677329683));
#5985=CARTESIAN_POINT('Ctrl Pts',(-9.44059042253176,8.,2.19305677329683));
#5986=CARTESIAN_POINT('Ctrl Pts',(-9.52448643377966,10.,2.01873308648471));
#5987=CARTESIAN_POINT('Ctrl Pts',(-9.52448643377966,8.,2.01873308648471));
#5988=CARTESIAN_POINT('Ctrl Pts',(-9.56562228966504,10.,1.93325877189636));
#5989=CARTESIAN_POINT('Ctrl Pts',(-9.56562228966504,8.,1.93325877189636));
#5990=CARTESIAN_POINT('',(-9.20208760071546,8.,2.36204266548157));
#5991=CARTESIAN_POINT('',(-9.20208760071546,10.,2.36204266548157));
#5992=CARTESIAN_POINT('Ctrl Pts',(-9.20208760071546,8.,2.36204266548157));
#5993=CARTESIAN_POINT('Ctrl Pts',(-9.28260809954466,8.,2.30499164935442));
#5994=CARTESIAN_POINT('Ctrl Pts',(-9.44059042253176,8.,2.19305677329683));
#5995=CARTESIAN_POINT('Ctrl Pts',(-9.52448643377966,8.,2.01873308648471));
#5996=CARTESIAN_POINT('Ctrl Pts',(-9.56562228966504,8.,1.93325877189636));
#5997=CARTESIAN_POINT('Ctrl Pts',(-8.61111112404615,10.,2.5223708152771));
#5998=CARTESIAN_POINT('Ctrl Pts',(-8.61111112404615,8.,2.5223708152771));
#5999=CARTESIAN_POINT('Ctrl Pts',(-8.71699997485066,10.,2.51615134814595));
#6000=CARTESIAN_POINT('Ctrl Pts',(-8.71699997485066,8.,2.51615134814595));
#6001=CARTESIAN_POINT('Ctrl Pts',(-8.9252764319327,10.,2.50391806230733));
#6002=CARTESIAN_POINT('Ctrl Pts',(-8.9252764319327,8.,2.50391806230733));
#6003=CARTESIAN_POINT('Ctrl Pts',(-9.11085711639082,10.,2.40880147663461));
#6004=CARTESIAN_POINT('Ctrl Pts',(-9.11085711639082,8.,2.40880147663461));
#6005=CARTESIAN_POINT('Ctrl Pts',(-9.20208760071546,10.,2.36204266548157));
#6006=CARTESIAN_POINT('Ctrl Pts',(-9.20208760071546,8.,2.36204266548157));
#6007=CARTESIAN_POINT('',(-8.61111112404615,8.,2.5223708152771));
#6008=CARTESIAN_POINT('',(-8.61111112404615,10.,2.5223708152771));
#6009=CARTESIAN_POINT('Ctrl Pts',(-8.61111112404615,8.,2.5223708152771));
#6010=CARTESIAN_POINT('Ctrl Pts',(-8.71699997485066,8.,2.51615134814595));
#6011=CARTESIAN_POINT('Ctrl Pts',(-8.9252764319327,8.,2.50391806230733));
#6012=CARTESIAN_POINT('Ctrl Pts',(-9.11085711639082,8.,2.40880147663461));
#6013=CARTESIAN_POINT('Ctrl Pts',(-9.20208760071546,8.,2.36204266548157));
#6014=CARTESIAN_POINT('Ctrl Pts',(-7.16070123482496,10.,1.38516068458557));
#6015=CARTESIAN_POINT('Ctrl Pts',(-7.16070123482496,8.,1.38516068458557));
#6016=CARTESIAN_POINT('Ctrl Pts',(-7.32360964561771,10.,1.71634223627091));
#6017=CARTESIAN_POINT('Ctrl Pts',(-7.32360964561771,8.,1.71634223627091));
#6018=CARTESIAN_POINT('Ctrl Pts',(-7.62800442722198,10.,2.33515581137152));
#6019=CARTESIAN_POINT('Ctrl Pts',(-7.62800442722198,8.,2.33515581137152));
#6020=CARTESIAN_POINT('Ctrl Pts',(-8.29915311034559,10.,2.46296401747784));
#6021=CARTESIAN_POINT('Ctrl Pts',(-8.29915311034559,8.,2.46296401747784));
#6022=CARTESIAN_POINT('Ctrl Pts',(-8.61111112404615,10.,2.5223708152771));
#6023=CARTESIAN_POINT('Ctrl Pts',(-8.61111112404615,8.,2.5223708152771));
#6024=CARTESIAN_POINT('',(-7.16070123482496,8.,1.38516068458557));
#6025=CARTESIAN_POINT('',(-7.16070123482496,10.,1.38516068458557));
#6026=CARTESIAN_POINT('Ctrl Pts',(-7.16070123482496,8.,1.38516068458557));
#6027=CARTESIAN_POINT('Ctrl Pts',(-7.32360964561771,8.,1.71634223627091));
#6028=CARTESIAN_POINT('Ctrl Pts',(-7.62800442722198,8.,2.33515581137152));
#6029=CARTESIAN_POINT('Ctrl Pts',(-8.29915311034559,8.,2.46296401747784));
#6030=CARTESIAN_POINT('Ctrl Pts',(-8.61111112404615,8.,2.5223708152771));
#6031=CARTESIAN_POINT('Origin',(-7.30611511040479,10.,1.31804585456848));
#6032=CARTESIAN_POINT('',(-7.30611511040479,8.,1.31804585456848));
#6033=CARTESIAN_POINT('',(-7.30611511040479,10.,1.31804585456848));
#6034=CARTESIAN_POINT('',(-7.30611511040479,8.,1.31804585456848));
#6035=CARTESIAN_POINT('Ctrl Pts',(-7.58948512841016,10.,1.82326674461365));
#6036=CARTESIAN_POINT('Ctrl Pts',(-7.58948512841016,8.,1.82326674461365));
#6037=CARTESIAN_POINT('Ctrl Pts',(-7.5369120424705,10.,1.74607273992587));
#6038=CARTESIAN_POINT('Ctrl Pts',(-7.5369120424705,8.,1.74607273992587));
#6039=CARTESIAN_POINT('Ctrl Pts',(-7.42783149785816,10.,1.58590782052559));
#6040=CARTESIAN_POINT('Ctrl Pts',(-7.42783149785816,8.,1.58590782052559));
#6041=CARTESIAN_POINT('Ctrl Pts',(-7.34765123377944,10.,1.40945464428164));
#6042=CARTESIAN_POINT('Ctrl Pts',(-7.34765123377944,8.,1.40945464428164));
#6043=CARTESIAN_POINT('Ctrl Pts',(-7.30611511040479,10.,1.31804585456848));
#6044=CARTESIAN_POINT('Ctrl Pts',(-7.30611511040479,8.,1.31804585456848));
#6045=CARTESIAN_POINT('',(-7.58948512841016,8.,1.82326674461365));
#6046=CARTESIAN_POINT('',(-7.58948512841016,10.,1.82326674461365));
#6047=CARTESIAN_POINT('Ctrl Pts',(-7.58948512841016,8.,1.82326674461365));
#6048=CARTESIAN_POINT('Ctrl Pts',(-7.5369120424705,8.,1.74607273992587));
#6049=CARTESIAN_POINT('Ctrl Pts',(-7.42783149785816,8.,1.58590782052559));
#6050=CARTESIAN_POINT('Ctrl Pts',(-7.34765123377944,8.,1.40945464428164));
#6051=CARTESIAN_POINT('Ctrl Pts',(-7.30611511040479,8.,1.31804585456848));
#6052=CARTESIAN_POINT('Ctrl Pts',(-7.83184119034559,10.,2.0413875579834));
#6053=CARTESIAN_POINT('Ctrl Pts',(-7.83184119034559,8.,2.0413875579834));
#6054=CARTESIAN_POINT('Ctrl Pts',(-7.79644185152769,10.,2.02511926222352));
#6055=CARTESIAN_POINT('Ctrl Pts',(-7.79644185152769,8.,2.02511926222352));
#6056=CARTESIAN_POINT('Ctrl Pts',(-7.69479084300422,10.,1.97840402046556));
#6057=CARTESIAN_POINT('Ctrl Pts',(-7.69479084300422,8.,1.97840402046556));
#6058=CARTESIAN_POINT('Ctrl Pts',(-7.63103705298327,10.,1.88448139388055));
#6059=CARTESIAN_POINT('Ctrl Pts',(-7.63103705298327,8.,1.88448139388055));
#6060=CARTESIAN_POINT('Ctrl Pts',(-7.58948512841016,10.,1.82326674461365));
#6061=CARTESIAN_POINT('Ctrl Pts',(-7.58948512841016,8.,1.82326674461365));
#6062=CARTESIAN_POINT('',(-7.83184119034559,8.,2.0413875579834));
#6063=CARTESIAN_POINT('',(-7.83184119034559,10.,2.0413875579834));
#6064=CARTESIAN_POINT('Ctrl Pts',(-7.83184119034559,8.,2.0413875579834));
#6065=CARTESIAN_POINT('Ctrl Pts',(-7.79644185152769,8.,2.02511926222352));
#6066=CARTESIAN_POINT('Ctrl Pts',(-7.69479084300422,8.,1.97840402046556));
#6067=CARTESIAN_POINT('Ctrl Pts',(-7.63103705298327,8.,1.88448139388055));
#6068=CARTESIAN_POINT('Ctrl Pts',(-7.58948512841016,8.,1.82326674461365));
#6069=CARTESIAN_POINT('Ctrl Pts',(-7.89895602036268,10.,2.00969457626343));
#6070=CARTESIAN_POINT('Ctrl Pts',(-7.89895602036268,8.,2.00969457626343));
#6071=CARTESIAN_POINT('Ctrl Pts',(-7.88835636156453,10.,2.01891632241348));
#6072=CARTESIAN_POINT('Ctrl Pts',(-7.88835636156453,8.,2.01891632241348));
#6073=CARTESIAN_POINT('Ctrl Pts',(-7.86886939033019,10.,2.03587006643284));
#6074=CARTESIAN_POINT('Ctrl Pts',(-7.86886939033019,8.,2.03587006643284));
#6075=CARTESIAN_POINT('Ctrl Pts',(-7.84343905783835,10.,2.03965938497141));
#6076=CARTESIAN_POINT('Ctrl Pts',(-7.84343905783835,8.,2.03965938497141));
#6077=CARTESIAN_POINT('Ctrl Pts',(-7.83184119034559,10.,2.0413875579834));
#6078=CARTESIAN_POINT('Ctrl Pts',(-7.83184119034559,8.,2.0413875579834));
#6079=CARTESIAN_POINT('',(-7.89895602036268,8.,2.00969457626343));
#6080=CARTESIAN_POINT('',(-7.89895602036268,10.,2.00969457626343));
#6081=CARTESIAN_POINT('Ctrl Pts',(-7.89895602036268,8.,2.00969457626343));
#6082=CARTESIAN_POINT('Ctrl Pts',(-7.88835636156453,8.,2.01891632241348));
#6083=CARTESIAN_POINT('Ctrl Pts',(-7.86886939033019,8.,2.03587006643284));
#6084=CARTESIAN_POINT('Ctrl Pts',(-7.84343905783835,8.,2.03965938497141));
#6085=CARTESIAN_POINT('Ctrl Pts',(-7.83184119034559,8.,2.0413875579834));
#6086=CARTESIAN_POINT('Ctrl Pts',(-7.93251343537122,10.,1.94071531295776));
#6087=CARTESIAN_POINT('Ctrl Pts',(-7.93251343537122,8.,1.94071531295776));
#6088=CARTESIAN_POINT('Ctrl Pts',(-7.93080706487981,10.,1.9531911633882));
#6089=CARTESIAN_POINT('Ctrl Pts',(-7.93080706487981,8.,1.9531911633882));
#6090=CARTESIAN_POINT('Ctrl Pts',(-7.92717584721483,10.,1.97974022099123));
#6091=CARTESIAN_POINT('Ctrl Pts',(-7.92717584721483,8.,1.97974022099123));
#6092=CARTESIAN_POINT('Ctrl Pts',(-7.90873251785386,10.,1.99931716747552));
#6093=CARTESIAN_POINT('Ctrl Pts',(-7.90873251785386,8.,1.99931716747552));
#6094=CARTESIAN_POINT('Ctrl Pts',(-7.89895602036268,10.,2.00969457626343));
#6095=CARTESIAN_POINT('Ctrl Pts',(-7.89895602036268,8.,2.00969457626343));
#6096=CARTESIAN_POINT('',(-7.93251343537122,8.,1.94071531295776));
#6097=CARTESIAN_POINT('',(-7.93251343537122,10.,1.94071531295776));
#6098=CARTESIAN_POINT('Ctrl Pts',(-7.93251343537122,8.,1.94071531295776));
#6099=CARTESIAN_POINT('Ctrl Pts',(-7.93080706487981,8.,1.9531911633882));
#6100=CARTESIAN_POINT('Ctrl Pts',(-7.92717584721483,8.,1.97974022099123));
#6101=CARTESIAN_POINT('Ctrl Pts',(-7.90873251785386,8.,1.99931716747552));
#6102=CARTESIAN_POINT('Ctrl Pts',(-7.89895602036268,8.,2.00969457626343));
#6103=CARTESIAN_POINT('Ctrl Pts',(-7.87471957970411,10.,1.70581698417664));
#6104=CARTESIAN_POINT('Ctrl Pts',(-7.87471957970411,8.,1.70581698417664));
#6105=CARTESIAN_POINT('Ctrl Pts',(-7.89124696592244,10.,1.75287986907884));
#6106=CARTESIAN_POINT('Ctrl Pts',(-7.89124696592244,8.,1.75287986907884));
#6107=CARTESIAN_POINT('Ctrl Pts',(-7.91813097471152,10.,1.82943395903809));
#6108=CARTESIAN_POINT('Ctrl Pts',(-7.91813097471152,8.,1.82943395903809));
#6109=CARTESIAN_POINT('Ctrl Pts',(-7.92851367190717,10.,1.90976795949935));
#6110=CARTESIAN_POINT('Ctrl Pts',(-7.92851367190717,8.,1.90976795949935));
#6111=CARTESIAN_POINT('Ctrl Pts',(-7.93251343537122,10.,1.94071531295776));
#6112=CARTESIAN_POINT('Ctrl Pts',(-7.93251343537122,8.,1.94071531295776));
#6113=CARTESIAN_POINT('',(-7.87471957970411,8.,1.70581698417664));
#6114=CARTESIAN_POINT('',(-7.87471957970411,10.,1.70581698417664));
#6115=CARTESIAN_POINT('Ctrl Pts',(-7.87471957970411,8.,1.70581698417664));
#6116=CARTESIAN_POINT('Ctrl Pts',(-7.89124696592244,8.,1.75287986907884));
#6117=CARTESIAN_POINT('Ctrl Pts',(-7.91813097471152,8.,1.82943395903809));
#6118=CARTESIAN_POINT('Ctrl Pts',(-7.92851367190717,8.,1.90976795949935));
#6119=CARTESIAN_POINT('Ctrl Pts',(-7.93251343537122,8.,1.94071531295776));
#6120=CARTESIAN_POINT('Ctrl Pts',(-7.12341495323926,10.,-0.598434209823608));
#6121=CARTESIAN_POINT('Ctrl Pts',(-7.12341495323926,8.,-0.598434209823608));
#6122=CARTESIAN_POINT('Ctrl Pts',(-7.30103054616155,10.,-0.0501467152999568));
#6123=CARTESIAN_POINT('Ctrl Pts',(-7.30103054616155,8.,-0.0501467152999568));
#6124=CARTESIAN_POINT('Ctrl Pts',(-7.55000306187735,10.,0.71841484284429));
#6125=CARTESIAN_POINT('Ctrl Pts',(-7.55000306187735,8.,0.71841484284429));
#6126=CARTESIAN_POINT('Ctrl Pts',(-7.80238538650547,10.,1.48586224416558));
#6127=CARTESIAN_POINT('Ctrl Pts',(-7.80238538650547,8.,1.48586224416558));
#6128=CARTESIAN_POINT('Ctrl Pts',(-7.87471957970411,10.,1.70581698417664));
#6129=CARTESIAN_POINT('Ctrl Pts',(-7.87471957970411,8.,1.70581698417664));
#6130=CARTESIAN_POINT('',(-7.12341495323926,8.,-0.598434209823608));
#6131=CARTESIAN_POINT('',(-7.12341495323926,10.,-0.598434209823608));
#6132=CARTESIAN_POINT('Ctrl Pts',(-7.12341495323926,8.,-0.598434209823608));
#6133=CARTESIAN_POINT('Ctrl Pts',(-7.30103054616155,8.,-0.0501467152999568));
#6134=CARTESIAN_POINT('Ctrl Pts',(-7.55000306187735,8.,0.71841484284429));
#6135=CARTESIAN_POINT('Ctrl Pts',(-7.80238538650547,8.,1.48586224416558));
#6136=CARTESIAN_POINT('Ctrl Pts',(-7.87471957970411,8.,1.70581698417664));
#6137=CARTESIAN_POINT('Origin',(-8.90193887520581,10.,-0.598434209823608));
#6138=CARTESIAN_POINT('',(-8.90193887520581,8.,-0.598434209823608));
#6139=CARTESIAN_POINT('Origin',(2.18860805034637E-7,8.,-0.0149139761924744));
#6140=CARTESIAN_POINT('Origin',(17.7162568969652,10.,-1.95190131664276));
#6141=CARTESIAN_POINT('',(17.7162568969652,8.,-1.95190131664276));
#6142=CARTESIAN_POINT('',(17.7162568969652,10.,-1.95190131664276));
#6143=CARTESIAN_POINT('',(17.2800176544115,8.,-0.598434209823607));
#6144=CARTESIAN_POINT('',(17.7162568969652,8.,-1.95190131664276));
#6145=CARTESIAN_POINT('',(17.2800176544115,10.,-0.598434209823607));
#6146=CARTESIAN_POINT('Origin',(17.5708454055712,10.,-1.95190131664276));
#6147=CARTESIAN_POINT('',(17.5708454055712,8.,-1.95190131664276));
#6148=CARTESIAN_POINT('',(17.5708454055712,10.,-1.95190131664276));
#6149=CARTESIAN_POINT('',(17.5708454055712,8.,-1.95190131664276));
#6150=CARTESIAN_POINT('Ctrl Pts',(15.027963439934,10.,-0.598434209823607));
#6151=CARTESIAN_POINT('Ctrl Pts',(15.027963439934,8.,-0.598434209823607));
#6152=CARTESIAN_POINT('Ctrl Pts',(15.4495027203,10.,-0.684088423606296));
#6153=CARTESIAN_POINT('Ctrl Pts',(15.4495027203,8.,-0.684088423606296));
#6154=CARTESIAN_POINT('Ctrl Pts',(16.4237695247102,10.,-0.88205350309752));
#6155=CARTESIAN_POINT('Ctrl Pts',(16.4237695247102,8.,-0.88205350309752));
#6156=CARTESIAN_POINT('Ctrl Pts',(17.1556373070834,10.,-1.56464753182779));
#6157=CARTESIAN_POINT('Ctrl Pts',(17.1556373070834,8.,-1.56464753182779));
#6158=CARTESIAN_POINT('Ctrl Pts',(17.5708454055712,10.,-1.95190131664276));
#6159=CARTESIAN_POINT('Ctrl Pts',(17.5708454055712,8.,-1.95190131664276));
#6160=CARTESIAN_POINT('',(15.027963439934,8.,-0.598434209823607));
#6161=CARTESIAN_POINT('',(15.027963439934,10.,-0.598434209823607));
#6162=CARTESIAN_POINT('Ctrl Pts',(15.027963439934,8.,-0.598434209823607));
#6163=CARTESIAN_POINT('Ctrl Pts',(15.4495027203,8.,-0.684088423606296));
#6164=CARTESIAN_POINT('Ctrl Pts',(16.4237695247102,8.,-0.88205350309752));
#6165=CARTESIAN_POINT('Ctrl Pts',(17.1556373070834,8.,-1.56464753182779));
#6166=CARTESIAN_POINT('Ctrl Pts',(17.5708454055712,8.,-1.95190131664276));
#6167=CARTESIAN_POINT('Origin',(14.9757640762255,10.,-0.449291467666625));
#6168=CARTESIAN_POINT('',(14.9757640762255,8.,-0.449291467666625));
#6169=CARTESIAN_POINT('',(14.9757640762255,10.,-0.449291467666625));
#6170=CARTESIAN_POINT('',(14.9757640762255,8.,-0.449291467666625));
#6171=CARTESIAN_POINT('Origin',(15.4231946868822,10.,-0.449291467666625));
#6172=CARTESIAN_POINT('',(15.4231946868822,8.,-0.449291467666626));
#6173=CARTESIAN_POINT('',(15.4231946868822,10.,-0.449291467666626));
#6174=CARTESIAN_POINT('',(15.4231946868822,8.,-0.449291467666625));
#6175=CARTESIAN_POINT('Origin',(14.8676364822313,10.,1.25838875770569));
#6176=CARTESIAN_POINT('',(14.8676364822313,8.,1.25838875770569));
#6177=CARTESIAN_POINT('',(14.8676364822313,10.,1.25838875770569));
#6178=CARTESIAN_POINT('',(14.8676364822313,8.,1.25838875770569));
#6179=CARTESIAN_POINT('Ctrl Pts',(14.7744243545458,10.,1.75801634788513));
#6180=CARTESIAN_POINT('Ctrl Pts',(14.7744243545458,8.,1.75801634788513));
#6181=CARTESIAN_POINT('Ctrl Pts',(14.7794278650229,10.,1.6798405232533));
#6182=CARTESIAN_POINT('Ctrl Pts',(14.7794278650229,8.,1.6798405232533));
#6183=CARTESIAN_POINT('Ctrl Pts',(14.7903195689734,10.,1.50966641412226));
#6184=CARTESIAN_POINT('Ctrl Pts',(14.7903195689734,8.,1.50966641412226));
#6185=CARTESIAN_POINT('Ctrl Pts',(14.8405053900366,10.,1.3465639961555));
#6186=CARTESIAN_POINT('Ctrl Pts',(14.8405053900366,8.,1.3465639961555));
#6187=CARTESIAN_POINT('Ctrl Pts',(14.8676364822313,10.,1.25838875770569));
#6188=CARTESIAN_POINT('Ctrl Pts',(14.8676364822313,8.,1.25838875770569));
#6189=CARTESIAN_POINT('',(14.7744243545458,8.,1.75801634788513));
#6190=CARTESIAN_POINT('',(14.7744243545458,10.,1.75801634788513));
#6191=CARTESIAN_POINT('Ctrl Pts',(14.7744243545458,8.,1.75801634788513));
#6192=CARTESIAN_POINT('Ctrl Pts',(14.7794278650229,8.,1.6798405232533));
#6193=CARTESIAN_POINT('Ctrl Pts',(14.7903195689734,8.,1.50966641412226));
#6194=CARTESIAN_POINT('Ctrl Pts',(14.8405053900366,8.,1.3465639961555));
#6195=CARTESIAN_POINT('Ctrl Pts',(14.8676364822313,8.,1.25838875770569));
#6196=CARTESIAN_POINT('Ctrl Pts',(15.0745742721483,10.,2.32102870941162));
#6197=CARTESIAN_POINT('Ctrl Pts',(15.0745742721483,8.,2.32102870941162));
#6198=CARTESIAN_POINT('Ctrl Pts',(14.9870305472161,10.,2.24722222357253));
#6199=CARTESIAN_POINT('Ctrl Pts',(14.9870305472161,8.,2.24722222357253));
#6200=CARTESIAN_POINT('Ctrl Pts',(14.8119074663289,10.,2.09957921204182));
#6201=CARTESIAN_POINT('Ctrl Pts',(14.8119074663289,8.,2.09957921204182));
#6202=CARTESIAN_POINT('Ctrl Pts',(14.7869204197845,10.,1.8718860782941));
#6203=CARTESIAN_POINT('Ctrl Pts',(14.7869204197845,8.,1.8718860782941));
#6204=CARTESIAN_POINT('Ctrl Pts',(14.7744243545458,10.,1.75801634788513));
#6205=CARTESIAN_POINT('Ctrl Pts',(14.7744243545458,8.,1.75801634788513));
#6206=CARTESIAN_POINT('',(15.0745742721483,8.,2.32102870941162));
#6207=CARTESIAN_POINT('',(15.0745742721483,10.,2.32102870941162));
#6208=CARTESIAN_POINT('Ctrl Pts',(15.0745742721483,8.,2.32102870941162));
#6209=CARTESIAN_POINT('Ctrl Pts',(14.9870305472161,8.,2.24722222357253));
#6210=CARTESIAN_POINT('Ctrl Pts',(14.8119074663289,8.,2.09957921204182));
#6211=CARTESIAN_POINT('Ctrl Pts',(14.7869204197845,8.,1.8718860782941));
#6212=CARTESIAN_POINT('Ctrl Pts',(14.7744243545458,8.,1.75801634788513));
#6213=CARTESIAN_POINT('Ctrl Pts',(15.9116332931444,10.,2.5223708152771));
#6214=CARTESIAN_POINT('Ctrl Pts',(15.9116332931444,8.,2.5223708152771));
#6215=CARTESIAN_POINT('Ctrl Pts',(15.7491834762494,10.,2.51808462024621));
#6216=CARTESIAN_POINT('Ctrl Pts',(15.7491834762494,8.,2.51808462024621));
#6217=CARTESIAN_POINT('Ctrl Pts',(15.4549204307037,10.,2.51032056838268));
#6218=CARTESIAN_POINT('Ctrl Pts',(15.4549204307037,8.,2.51032056838268));
#6219=CARTESIAN_POINT('Ctrl Pts',(15.192240188324,10.,2.37958904848545));
#6220=CARTESIAN_POINT('Ctrl Pts',(15.192240188324,8.,2.37958904848545));
#6221=CARTESIAN_POINT('Ctrl Pts',(15.0745742721483,10.,2.32102870941162));
#6222=CARTESIAN_POINT('Ctrl Pts',(15.0745742721483,8.,2.32102870941162));
#6223=CARTESIAN_POINT('',(15.9116332931444,8.,2.5223708152771));
#6224=CARTESIAN_POINT('',(15.9116332931444,10.,2.5223708152771));
#6225=CARTESIAN_POINT('Ctrl Pts',(15.9116332931444,8.,2.5223708152771));
#6226=CARTESIAN_POINT('Ctrl Pts',(15.7491834762494,8.,2.51808462024621));
#6227=CARTESIAN_POINT('Ctrl Pts',(15.4549204307037,8.,2.51032056838268));
#6228=CARTESIAN_POINT('Ctrl Pts',(15.192240188324,8.,2.37958904848545));
#6229=CARTESIAN_POINT('Ctrl Pts',(15.0745742721483,8.,2.32102870941162));
#6230=CARTESIAN_POINT('Ctrl Pts',(17.4105136794969,10.,1.27703189849854));
#6231=CARTESIAN_POINT('Ctrl Pts',(17.4105136794969,8.,1.27703189849854));
#6232=CARTESIAN_POINT('Ctrl Pts',(17.2641341591734,10.,1.63998061935939));
#6233=CARTESIAN_POINT('Ctrl Pts',(17.2641341591734,8.,1.63998061935939));
#6234=CARTESIAN_POINT('Ctrl Pts',(16.9853712591486,10.,2.33117456345653));
#6235=CARTESIAN_POINT('Ctrl Pts',(16.9853712591486,8.,2.33117456345653));
#6236=CARTESIAN_POINT('Ctrl Pts',(16.2573619738172,10.,2.46080828327733));
#6237=CARTESIAN_POINT('Ctrl Pts',(16.2573619738172,8.,2.46080828327733));
#6238=CARTESIAN_POINT('Ctrl Pts',(15.9116332931444,10.,2.5223708152771));
#6239=CARTESIAN_POINT('Ctrl Pts',(15.9116332931444,8.,2.5223708152771));
#6240=CARTESIAN_POINT('',(17.4105136794969,8.,1.27703189849854));
#6241=CARTESIAN_POINT('',(17.4105136794969,10.,1.27703189849854));
#6242=CARTESIAN_POINT('Ctrl Pts',(17.4105136794969,8.,1.27703189849854));
#6243=CARTESIAN_POINT('Ctrl Pts',(17.2641341591734,8.,1.63998061935939));
#6244=CARTESIAN_POINT('Ctrl Pts',(16.9853712591486,8.,2.33117456345653));
#6245=CARTESIAN_POINT('Ctrl Pts',(16.2573619738172,8.,2.46080828327733));
#6246=CARTESIAN_POINT('Ctrl Pts',(15.9116332931444,8.,2.5223708152771));
#6247=CARTESIAN_POINT('Origin',(17.2501867217943,10.,1.23228907585144));
#6248=CARTESIAN_POINT('',(17.2501867217943,8.,1.23228907585144));
#6249=CARTESIAN_POINT('',(17.2501867217943,10.,1.23228907585144));
#6250=CARTESIAN_POINT('',(17.2501867217943,8.,1.23228907585144));
#6251=CARTESIAN_POINT('Ctrl Pts',(16.8810623092577,10.,1.93885207176208));
#6252=CARTESIAN_POINT('Ctrl Pts',(16.8810623092577,8.,1.93885207176208));
#6253=CARTESIAN_POINT('Ctrl Pts',(16.9510870818593,10.,1.84353148056733));
#6254=CARTESIAN_POINT('Ctrl Pts',(16.9510870818593,8.,1.84353148056733));
#6255=CARTESIAN_POINT('Ctrl Pts',(17.1099619096311,10.,1.62726455178593));
#6256=CARTESIAN_POINT('Ctrl Pts',(17.1099619096311,8.,1.62726455178593));
#6257=CARTESIAN_POINT('Ctrl Pts',(17.1998930970726,10.,1.37395265203673));
#6258=CARTESIAN_POINT('Ctrl Pts',(17.1998930970726,8.,1.37395265203673));
#6259=CARTESIAN_POINT('Ctrl Pts',(17.2501867217943,10.,1.23228907585144));
#6260=CARTESIAN_POINT('Ctrl Pts',(17.2501867217943,8.,1.23228907585144));
#6261=CARTESIAN_POINT('',(16.8810623092577,8.,1.93885207176208));
#6262=CARTESIAN_POINT('',(16.8810623092577,10.,1.93885207176208));
#6263=CARTESIAN_POINT('Ctrl Pts',(16.8810623092577,8.,1.93885207176208));
#6264=CARTESIAN_POINT('Ctrl Pts',(16.9510870818593,8.,1.84353148056733));
#6265=CARTESIAN_POINT('Ctrl Pts',(17.1099619096311,8.,1.62726455178593));
#6266=CARTESIAN_POINT('Ctrl Pts',(17.1998930970726,8.,1.37395265203673));
#6267=CARTESIAN_POINT('Ctrl Pts',(17.2501867217943,8.,1.23228907585144));
#6268=CARTESIAN_POINT('Ctrl Pts',(16.5380304260179,10.,2.17188715934753));
#6269=CARTESIAN_POINT('Ctrl Pts',(16.5380304260179,8.,2.17188715934753));
#6270=CARTESIAN_POINT('Ctrl Pts',(16.5910839925793,10.,2.1558574186581));
#6271=CARTESIAN_POINT('Ctrl Pts',(16.5910839925793,8.,2.1558574186581));
#6272=CARTESIAN_POINT('Ctrl Pts',(16.7278942819523,10.,2.11452120689264));
#6273=CARTESIAN_POINT('Ctrl Pts',(16.7278942819523,8.,2.11452120689264));
#6274=CARTESIAN_POINT('Ctrl Pts',(16.8228992508767,10.,2.0055595585796));
#6275=CARTESIAN_POINT('Ctrl Pts',(16.8228992508767,8.,2.0055595585796));
#6276=CARTESIAN_POINT('Ctrl Pts',(16.8810623092577,10.,1.93885207176208));
#6277=CARTESIAN_POINT('Ctrl Pts',(16.8810623092577,8.,1.93885207176208));
#6278=CARTESIAN_POINT('',(16.5380304260179,8.,2.17188715934753));
#6279=CARTESIAN_POINT('',(16.5380304260179,10.,2.17188715934753));
#6280=CARTESIAN_POINT('Ctrl Pts',(16.5380304260179,8.,2.17188715934753));
#6281=CARTESIAN_POINT('Ctrl Pts',(16.5910839925793,8.,2.1558574186581));
#6282=CARTESIAN_POINT('Ctrl Pts',(16.7278942819523,8.,2.11452120689264));
#6283=CARTESIAN_POINT('Ctrl Pts',(16.8228992508767,8.,2.0055595585796));
#6284=CARTESIAN_POINT('Ctrl Pts',(16.8810623092577,8.,1.93885207176208));
#6285=CARTESIAN_POINT('Ctrl Pts',(16.4410894317552,10.,2.0637583732605));
#6286=CARTESIAN_POINT('Ctrl Pts',(16.4410894317552,8.,2.0637583732605));
#6287=CARTESIAN_POINT('Ctrl Pts',(16.4443751353236,10.,2.09527819464526));
#6288=CARTESIAN_POINT('Ctrl Pts',(16.4443751353236,8.,2.09527819464526));
#6289=CARTESIAN_POINT('Ctrl Pts',(16.4506721080183,10.,2.15568518221146));
#6290=CARTESIAN_POINT('Ctrl Pts',(16.4506721080183,8.,2.15568518221146));
#6291=CARTESIAN_POINT('Ctrl Pts',(16.509769513702,10.,2.16664572767083));
#6292=CARTESIAN_POINT('Ctrl Pts',(16.509769513702,8.,2.16664572767083));
#6293=CARTESIAN_POINT('Ctrl Pts',(16.5380304260179,10.,2.17188715934753));
#6294=CARTESIAN_POINT('Ctrl Pts',(16.5380304260179,8.,2.17188715934753));
#6295=CARTESIAN_POINT('',(16.4410894317552,8.,2.0637583732605));
#6296=CARTESIAN_POINT('',(16.4410894317552,10.,2.0637583732605));
#6297=CARTESIAN_POINT('Ctrl Pts',(16.4410894317552,8.,2.0637583732605));
#6298=CARTESIAN_POINT('Ctrl Pts',(16.4443751353236,8.,2.09527819464526));
#6299=CARTESIAN_POINT('Ctrl Pts',(16.4506721080183,8.,2.15568518221146));
#6300=CARTESIAN_POINT('Ctrl Pts',(16.509769513702,8.,2.16664572767083));
#6301=CARTESIAN_POINT('Ctrl Pts',(16.5380304260179,8.,2.17188715934753));
#6302=CARTESIAN_POINT('Ctrl Pts',(16.4746492309496,10.,1.87360167503357));
#6303=CARTESIAN_POINT('Ctrl Pts',(16.4746492309496,8.,1.87360167503357));
#6304=CARTESIAN_POINT('Ctrl Pts',(16.4648934206103,10.,1.90785974858776));
#6305=CARTESIAN_POINT('Ctrl Pts',(16.4648934206103,8.,1.90785974858776));
#6306=CARTESIAN_POINT('Ctrl Pts',(16.4471582839328,10.,1.97013767278518));
#6307=CARTESIAN_POINT('Ctrl Pts',(16.4471582839328,8.,1.97013767278518));
#6308=CARTESIAN_POINT('Ctrl Pts',(16.4429726269047,10.,2.03470740219214));
#6309=CARTESIAN_POINT('Ctrl Pts',(16.4429726269047,8.,2.03470740219214));
#6310=CARTESIAN_POINT('Ctrl Pts',(16.4410894317552,10.,2.0637583732605));
#6311=CARTESIAN_POINT('Ctrl Pts',(16.4410894317552,8.,2.0637583732605));
#6312=CARTESIAN_POINT('',(16.4746492309496,8.,1.87360167503357));
#6313=CARTESIAN_POINT('',(16.4746492309496,10.,1.87360167503357));
#6314=CARTESIAN_POINT('Ctrl Pts',(16.4746492309496,8.,1.87360167503357));
#6315=CARTESIAN_POINT('Ctrl Pts',(16.4648934206103,8.,1.90785974858776));
#6316=CARTESIAN_POINT('Ctrl Pts',(16.4471582839328,8.,1.97013767278518));
#6317=CARTESIAN_POINT('Ctrl Pts',(16.4429726269047,8.,2.03470740219214));
#6318=CARTESIAN_POINT('Ctrl Pts',(16.4410894317552,8.,2.0637583732605));
#6319=CARTESIAN_POINT('Origin',(17.227818290703,10.,-0.449291467666625));
#6320=CARTESIAN_POINT('',(17.227818290703,8.,-0.449291467666625));
#6321=CARTESIAN_POINT('',(17.227818290703,10.,-0.449291467666625));
#6322=CARTESIAN_POINT('',(17.227818290703,8.,-0.449291467666625));
#6323=CARTESIAN_POINT('Origin',(17.8989570541307,10.,-0.449291467666625));
#6324=CARTESIAN_POINT('',(17.5407039265103,8.,-0.449291467666625));
#6325=CARTESIAN_POINT('',(17.5407039265103,0.,-0.449291467666625));
#6326=CARTESIAN_POINT('',(17.8989570541307,8.,-0.449291467666625));
#6327=CARTESIAN_POINT('Origin',(17.2800176544115,10.,-0.598434209823607));
#6328=CARTESIAN_POINT('',(17.5726812124254,8.,-0.598434209823607));
#6329=CARTESIAN_POINT('',(17.5726812124254,0.,-0.598434209823607));
#6330=CARTESIAN_POINT('',(17.2800176544115,8.,-0.598434209823607));
#6331=CARTESIAN_POINT('Origin',(2.18860805034637E-7,8.,-0.0149139761924744));
#6332=CARTESIAN_POINT('Origin',(20.,8.,1.11022302462516E-15));
#6333=CARTESIAN_POINT('Ctrl Pts',(8.55518511962146,10.,1.73937320709229));
#6334=CARTESIAN_POINT('Ctrl Pts',(8.55518511962146,8.,1.73937320709229));
#6335=CARTESIAN_POINT('Ctrl Pts',(8.60377303010822,10.,1.66299758844062));
#6336=CARTESIAN_POINT('Ctrl Pts',(8.60377303010822,8.,1.66299758844062));
#6337=CARTESIAN_POINT('Ctrl Pts',(8.70994411433518,10.,1.49610664459234));
#6338=CARTESIAN_POINT('Ctrl Pts',(8.70994411433518,8.,1.49610664459234));
#6339=CARTESIAN_POINT('Ctrl Pts',(8.77882406336267,10.,1.31055463879078));
#6340=CARTESIAN_POINT('Ctrl Pts',(8.77882406336267,8.,1.31055463879078));
#6341=CARTESIAN_POINT('Ctrl Pts',(8.81618193816394,10.,1.20991826057434));
#6342=CARTESIAN_POINT('Ctrl Pts',(8.81618193816394,8.,1.20991826057434));
#6343=CARTESIAN_POINT('',(8.55518511962146,8.,1.73937320709229));
#6344=CARTESIAN_POINT('',(8.55518511962146,10.,1.73937320709229));
#6345=CARTESIAN_POINT('',(8.81618193816394,8.,1.20991826057434));
#6346=CARTESIAN_POINT('Ctrl Pts',(8.55518511962146,8.,1.73937320709229));
#6347=CARTESIAN_POINT('Ctrl Pts',(8.60377303010822,8.,1.66299758844062));
#6348=CARTESIAN_POINT('Ctrl Pts',(8.70994411433518,8.,1.49610664459234));
#6349=CARTESIAN_POINT('Ctrl Pts',(8.77882406336267,8.,1.31055463879078));
#6350=CARTESIAN_POINT('Ctrl Pts',(8.81618193816394,8.,1.20991826057434));
#6351=CARTESIAN_POINT('',(8.81618193816394,10.,1.20991826057434));
#6352=CARTESIAN_POINT('Ctrl Pts',(8.29791239928454,10.,1.94071531295776));
#6353=CARTESIAN_POINT('Ctrl Pts',(8.29791239928454,8.,1.94071531295776));
#6354=CARTESIAN_POINT('Ctrl Pts',(8.34011557643459,10.,1.92693972437491));
#6355=CARTESIAN_POINT('Ctrl Pts',(8.34011557643459,8.,1.92693972437491));
#6356=CARTESIAN_POINT('Ctrl Pts',(8.44833675063314,10.,1.89161512389726));
#6357=CARTESIAN_POINT('Ctrl Pts',(8.44833675063314,8.,1.89161512389726));
#6358=CARTESIAN_POINT('Ctrl Pts',(8.51470102377767,10.,1.79705659907788));
#6359=CARTESIAN_POINT('Ctrl Pts',(8.51470102377767,8.,1.79705659907788));
#6360=CARTESIAN_POINT('Ctrl Pts',(8.55518511962146,10.,1.73937320709229));
#6361=CARTESIAN_POINT('Ctrl Pts',(8.55518511962146,8.,1.73937320709229));
#6362=CARTESIAN_POINT('',(8.29791239928454,8.,1.94071531295776));
#6363=CARTESIAN_POINT('',(8.29791239928454,10.,1.94071531295776));
#6364=CARTESIAN_POINT('Ctrl Pts',(8.29791239928454,8.,1.94071531295776));
#6365=CARTESIAN_POINT('Ctrl Pts',(8.34011557643459,8.,1.92693972437491));
#6366=CARTESIAN_POINT('Ctrl Pts',(8.44833675063314,8.,1.89161512389726));
#6367=CARTESIAN_POINT('Ctrl Pts',(8.51470102377767,8.,1.79705659907788));
#6368=CARTESIAN_POINT('Ctrl Pts',(8.55518511962146,8.,1.73937320709229));
#6369=CARTESIAN_POINT('Ctrl Pts',(8.21215323638171,10.,1.85123085975647));
#6370=CARTESIAN_POINT('Ctrl Pts',(8.21215323638171,8.,1.85123085975647));
#6371=CARTESIAN_POINT('Ctrl Pts',(8.21547671428089,10.,1.87732845152442));
#6372=CARTESIAN_POINT('Ctrl Pts',(8.21547671428089,8.,1.87732845152442));
#6373=CARTESIAN_POINT('Ctrl Pts',(8.22201259056137,10.,1.92865138376242));
#6374=CARTESIAN_POINT('Ctrl Pts',(8.22201259056137,8.,1.92865138376242));
#6375=CARTESIAN_POINT('Ctrl Pts',(8.27290075043969,10.,1.93673982519569));
#6376=CARTESIAN_POINT('Ctrl Pts',(8.27290075043969,8.,1.93673982519569));
#6377=CARTESIAN_POINT('Ctrl Pts',(8.29791239928454,10.,1.94071531295776));
#6378=CARTESIAN_POINT('Ctrl Pts',(8.29791239928454,8.,1.94071531295776));
#6379=CARTESIAN_POINT('',(8.21215323638171,8.,1.85123085975647));
#6380=CARTESIAN_POINT('',(8.21215323638171,10.,1.85123085975647));
#6381=CARTESIAN_POINT('Ctrl Pts',(8.21215323638171,8.,1.85123085975647));
#6382=CARTESIAN_POINT('Ctrl Pts',(8.21547671428089,8.,1.87732845152442));
#6383=CARTESIAN_POINT('Ctrl Pts',(8.22201259056137,8.,1.92865138376242));
#6384=CARTESIAN_POINT('Ctrl Pts',(8.27290075043969,8.,1.93673982519569));
#6385=CARTESIAN_POINT('Ctrl Pts',(8.29791239928454,8.,1.94071531295776));
#6386=CARTESIAN_POINT('Ctrl Pts',(8.24944190215319,10.,1.66107416152954));
#6387=CARTESIAN_POINT('Ctrl Pts',(8.24944190215319,8.,1.66107416152954));
#6388=CARTESIAN_POINT('Ctrl Pts',(8.23860268364937,10.,1.69527862486345));
#6389=CARTESIAN_POINT('Ctrl Pts',(8.23860268364937,8.,1.69527862486345));
#6390=CARTESIAN_POINT('Ctrl Pts',(8.21894603059022,10.,1.75730756805633));
#6391=CARTESIAN_POINT('Ctrl Pts',(8.21894603059022,8.,1.75730756805633));
#6392=CARTESIAN_POINT('Ctrl Pts',(8.21425672848275,10.,1.82214608313432));
#6393=CARTESIAN_POINT('Ctrl Pts',(8.21425672848275,8.,1.82214608313432));
#6394=CARTESIAN_POINT('Ctrl Pts',(8.21215323638171,10.,1.85123085975647));
#6395=CARTESIAN_POINT('Ctrl Pts',(8.21215323638171,8.,1.85123085975647));
#6396=CARTESIAN_POINT('',(8.24944190215319,8.,1.66107416152954));
#6397=CARTESIAN_POINT('',(8.24944190215319,10.,1.66107416152954));
#6398=CARTESIAN_POINT('Ctrl Pts',(8.24944190215319,8.,1.66107416152954));
#6399=CARTESIAN_POINT('Ctrl Pts',(8.23860268364937,8.,1.69527862486345));
#6400=CARTESIAN_POINT('Ctrl Pts',(8.21894603059022,8.,1.75730756805633));
#6401=CARTESIAN_POINT('Ctrl Pts',(8.21425672848275,8.,1.82214608313432));
#6402=CARTESIAN_POINT('Ctrl Pts',(8.21215323638171,8.,1.85123085975647));
#6403=CARTESIAN_POINT('Origin',(8.69686774443835,10.,0.288963317871095));
#6404=CARTESIAN_POINT('',(8.69686774443835,8.,0.288963317871095));
#6405=CARTESIAN_POINT('',(8.69686774443835,10.,0.288963317871095));
#6406=CARTESIAN_POINT('',(8.69686774443835,8.,0.288963317871095));
#6407=CARTESIAN_POINT('Ctrl Pts',(8.75652484130114,10.,-0.0727069377899159));
#6408=CARTESIAN_POINT('Ctrl Pts',(8.75652484130114,8.,-0.0727069377899159));
#6409=CARTESIAN_POINT('Ctrl Pts',(8.75395945208005,10.,-0.011722653918026));
#6410=CARTESIAN_POINT('Ctrl Pts',(8.75395945208005,8.,-0.011722653918026));
#6411=CARTESIAN_POINT('Ctrl Pts',(8.74878639695916,10.,0.111250912581849));
#6412=CARTESIAN_POINT('Ctrl Pts',(8.74878639695916,8.,0.111250912581849));
#6413=CARTESIAN_POINT('Ctrl Pts',(8.7142679955696,10.,0.229403981658887));
#6414=CARTESIAN_POINT('Ctrl Pts',(8.7142679955696,8.,0.229403981658887));
#6415=CARTESIAN_POINT('Ctrl Pts',(8.69686774443835,10.,0.288963317871095));
#6416=CARTESIAN_POINT('Ctrl Pts',(8.69686774443835,8.,0.288963317871095));
#6417=CARTESIAN_POINT('',(8.75652484130114,8.,-0.0727069377899159));
#6418=CARTESIAN_POINT('',(8.75652484130114,10.,-0.0727069377899159));
#6419=CARTESIAN_POINT('Ctrl Pts',(8.75652484130114,8.,-0.0727069377899159));
#6420=CARTESIAN_POINT('Ctrl Pts',(8.75395945208005,8.,-0.011722653918026));
#6421=CARTESIAN_POINT('Ctrl Pts',(8.74878639695916,8.,0.111250912581849));
#6422=CARTESIAN_POINT('Ctrl Pts',(8.7142679955696,8.,0.229403981658887));
#6423=CARTESIAN_POINT('Ctrl Pts',(8.69686774443835,8.,0.288963317871095));
#6424=CARTESIAN_POINT('Ctrl Pts',(8.53094748686999,10.,-0.535048246383666));
#6425=CARTESIAN_POINT('Ctrl Pts',(8.53094748686999,8.,-0.535048246383666));
#6426=CARTESIAN_POINT('Ctrl Pts',(8.59673987203658,10.,-0.471263658321369));
#6427=CARTESIAN_POINT('Ctrl Pts',(8.59673987203658,8.,-0.471263658321369));
#6428=CARTESIAN_POINT('Ctrl Pts',(8.7277129424821,10.,-0.344287514737743));
#6429=CARTESIAN_POINT('Ctrl Pts',(8.7277129424821,8.,-0.344287514737743));
#6430=CARTESIAN_POINT('Ctrl Pts',(8.74695082472279,10.,-0.162951491347043));
#6431=CARTESIAN_POINT('Ctrl Pts',(8.74695082472279,8.,-0.162951491347043));
#6432=CARTESIAN_POINT('Ctrl Pts',(8.75652484130114,10.,-0.0727069377899159));
#6433=CARTESIAN_POINT('Ctrl Pts',(8.75652484130114,8.,-0.0727069377899159));
#6434=CARTESIAN_POINT('',(8.53094748686999,8.,-0.535048246383666));
#6435=CARTESIAN_POINT('',(8.53094748686999,10.,-0.535048246383666));
#6436=CARTESIAN_POINT('Ctrl Pts',(8.53094748686999,8.,-0.535048246383666));
#6437=CARTESIAN_POINT('Ctrl Pts',(8.59673987203658,8.,-0.471263658321369));
#6438=CARTESIAN_POINT('Ctrl Pts',(8.7277129424821,8.,-0.344287514737743));
#6439=CARTESIAN_POINT('Ctrl Pts',(8.74695082472279,8.,-0.162951491347043));
#6440=CARTESIAN_POINT('Ctrl Pts',(8.75652484130114,8.,-0.0727069377899159));
#6441=CARTESIAN_POINT('Ctrl Pts',(7.94369868468493,10.,-0.714019536972045));
#6442=CARTESIAN_POINT('Ctrl Pts',(7.94369868468493,8.,-0.714019536972045));
#6443=CARTESIAN_POINT('Ctrl Pts',(8.05591372911195,10.,-0.708584441778971));
#6444=CARTESIAN_POINT('Ctrl Pts',(8.05591372911195,8.,-0.708584441778971));
#6445=CARTESIAN_POINT('Ctrl Pts',(8.26730071698102,10.,-0.698345989283481));
#6446=CARTESIAN_POINT('Ctrl Pts',(8.26730071698102,8.,-0.698345989283481));
#6447=CARTESIAN_POINT('Ctrl Pts',(8.44675617914709,10.,-0.58719472452456));
#6448=CARTESIAN_POINT('Ctrl Pts',(8.44675617914709,8.,-0.58719472452456));
#6449=CARTESIAN_POINT('Ctrl Pts',(8.53094748686999,10.,-0.535048246383666));
#6450=CARTESIAN_POINT('Ctrl Pts',(8.53094748686999,8.,-0.535048246383666));
#6451=CARTESIAN_POINT('',(7.94369868468493,8.,-0.714019536972045));
#6452=CARTESIAN_POINT('',(7.94369868468493,10.,-0.714019536972045));
#6453=CARTESIAN_POINT('Ctrl Pts',(7.94369868468493,8.,-0.714019536972045));
#6454=CARTESIAN_POINT('Ctrl Pts',(8.05591372911195,8.,-0.708584441778971));
#6455=CARTESIAN_POINT('Ctrl Pts',(8.26730071698102,8.,-0.698345989283481));
#6456=CARTESIAN_POINT('Ctrl Pts',(8.44675617914709,8.,-0.58719472452456));
#6457=CARTESIAN_POINT('Ctrl Pts',(8.53094748686999,8.,-0.535048246383666));
#6458=CARTESIAN_POINT('Ctrl Pts',(7.13087252806872,10.,-0.475391149520873));
#6459=CARTESIAN_POINT('Ctrl Pts',(7.13087252806872,8.,-0.475391149520873));
#6460=CARTESIAN_POINT('Ctrl Pts',(7.26034686688751,10.,-0.544984391615849));
#6461=CARTESIAN_POINT('Ctrl Pts',(7.26034686688751,8.,-0.544984391615849));
#6462=CARTESIAN_POINT('Ctrl Pts',(7.51466853063758,10.,-0.68168382778849));
#6463=CARTESIAN_POINT('Ctrl Pts',(7.51466853063758,8.,-0.68168382778849));
#6464=CARTESIAN_POINT('Ctrl Pts',(7.80243379054383,10.,-0.703372498548986));
#6465=CARTESIAN_POINT('Ctrl Pts',(7.80243379054383,8.,-0.703372498548986));
#6466=CARTESIAN_POINT('Ctrl Pts',(7.94369868468493,10.,-0.714019536972045));
#6467=CARTESIAN_POINT('Ctrl Pts',(7.94369868468493,8.,-0.714019536972045));
#6468=CARTESIAN_POINT('',(7.13087252806872,8.,-0.475391149520873));
#6469=CARTESIAN_POINT('',(7.13087252806872,10.,-0.475391149520873));
#6470=CARTESIAN_POINT('Ctrl Pts',(7.13087252806872,8.,-0.475391149520873));
#6471=CARTESIAN_POINT('Ctrl Pts',(7.26034686688751,8.,-0.544984391615849));
#6472=CARTESIAN_POINT('Ctrl Pts',(7.51466853063758,8.,-0.68168382778849));
#6473=CARTESIAN_POINT('Ctrl Pts',(7.80243379054383,8.,-0.703372498548986));
#6474=CARTESIAN_POINT('Ctrl Pts',(7.94369868468493,8.,-0.714019536972045));
#6475=CARTESIAN_POINT('Ctrl Pts',(6.28076247405261,10.,0.270320773124696));
#6476=CARTESIAN_POINT('Ctrl Pts',(6.28076247405261,8.,0.270320773124696));
#6477=CARTESIAN_POINT('Ctrl Pts',(6.42354962583891,10.,0.117753732563097));
#6478=CARTESIAN_POINT('Ctrl Pts',(6.42354962583891,8.,0.117753732563097));
#6479=CARTESIAN_POINT('Ctrl Pts',(6.68255326499838,10.,-0.158989785511866));
#6480=CARTESIAN_POINT('Ctrl Pts',(6.68255326499838,8.,-0.158989785511866));
#6481=CARTESIAN_POINT('Ctrl Pts',(6.99201513132609,10.,-0.377392528111615));
#6482=CARTESIAN_POINT('Ctrl Pts',(6.99201513132609,8.,-0.377392528111615));
#6483=CARTESIAN_POINT('Ctrl Pts',(7.13087252806872,10.,-0.475391149520873));
#6484=CARTESIAN_POINT('Ctrl Pts',(7.13087252806872,8.,-0.475391149520873));
#6485=CARTESIAN_POINT('',(6.28076247405261,8.,0.270320773124696));
#6486=CARTESIAN_POINT('',(6.28076247405261,10.,0.270320773124696));
#6487=CARTESIAN_POINT('Ctrl Pts',(6.28076247405261,8.,0.270320773124696));
#6488=CARTESIAN_POINT('Ctrl Pts',(6.42354962583891,8.,0.117753732563097));
#6489=CARTESIAN_POINT('Ctrl Pts',(6.68255326499838,8.,-0.158989785511866));
#6490=CARTESIAN_POINT('Ctrl Pts',(6.99201513132609,8.,-0.377392528111615));
#6491=CARTESIAN_POINT('Ctrl Pts',(7.13087252806872,8.,-0.475391149520873));
#6492=CARTESIAN_POINT('Origin',(6.27330474089831,10.,0.262863636016847));
#6493=CARTESIAN_POINT('',(6.27330474089831,8.,0.262863636016847));
#6494=CARTESIAN_POINT('',(6.27330474089831,10.,0.262863636016847));
#6495=CARTESIAN_POINT('',(6.27330474089831,8.,0.262863636016847));
#6496=CARTESIAN_POINT('Ctrl Pts',(6.3329618377611,10.,-0.0428783893585194));
#6497=CARTESIAN_POINT('Ctrl Pts',(6.3329618377611,8.,-0.0428783893585194));
#6498=CARTESIAN_POINT('Ctrl Pts',(6.32945085077139,10.,0.00275704005654353));
#6499=CARTESIAN_POINT('Ctrl Pts',(6.32945085077139,8.,0.00275704005654353));
#6500=CARTESIAN_POINT('Ctrl Pts',(6.32144047092245,10.,0.106875091548625));
#6501=CARTESIAN_POINT('Ctrl Pts',(6.32144047092245,8.,0.106875091548625));
#6502=CARTESIAN_POINT('Ctrl Pts',(6.29061773011055,10.,0.20675919995126));
#6503=CARTESIAN_POINT('Ctrl Pts',(6.29061773011055,8.,0.20675919995126));
#6504=CARTESIAN_POINT('Ctrl Pts',(6.27330474089831,10.,0.262863636016847));
#6505=CARTESIAN_POINT('Ctrl Pts',(6.27330474089831,8.,0.262863636016847));
#6506=CARTESIAN_POINT('',(6.3329618377611,8.,-0.0428783893585194));
#6507=CARTESIAN_POINT('',(6.3329618377611,10.,-0.0428783893585194));
#6508=CARTESIAN_POINT('Ctrl Pts',(6.3329618377611,8.,-0.0428783893585194));
#6509=CARTESIAN_POINT('Ctrl Pts',(6.32945085077139,8.,0.00275704005654354));
#6510=CARTESIAN_POINT('Ctrl Pts',(6.32144047092245,8.,0.106875091548625));
#6511=CARTESIAN_POINT('Ctrl Pts',(6.29061773011055,8.,0.20675919995126));
#6512=CARTESIAN_POINT('Ctrl Pts',(6.27330474089831,8.,0.262863636016847));
#6513=CARTESIAN_POINT('Ctrl Pts',(6.09806231688708,10.,-0.520133972167968));
#6514=CARTESIAN_POINT('Ctrl Pts',(6.09806231688708,8.,-0.520133972167968));
#6515=CARTESIAN_POINT('Ctrl Pts',(6.16656716687854,10.,-0.452802138159426));
#6516=CARTESIAN_POINT('Ctrl Pts',(6.16656716687854,8.,-0.452802138159426));
#6517=CARTESIAN_POINT('Ctrl Pts',(6.30077412741057,10.,-0.320893217981365));
#6518=CARTESIAN_POINT('Ctrl Pts',(6.30077412741057,8.,-0.320893217981365));
#6519=CARTESIAN_POINT('Ctrl Pts',(6.32238302564341,10.,-0.134250736316516));
#6520=CARTESIAN_POINT('Ctrl Pts',(6.32238302564341,8.,-0.134250736316516));
#6521=CARTESIAN_POINT('Ctrl Pts',(6.3329618377611,10.,-0.0428783893585194));
#6522=CARTESIAN_POINT('Ctrl Pts',(6.3329618377611,8.,-0.0428783893585194));
#6523=CARTESIAN_POINT('',(6.09806231688708,8.,-0.520133972167968));
#6524=CARTESIAN_POINT('',(6.09806231688708,10.,-0.520133972167968));
#6525=CARTESIAN_POINT('Ctrl Pts',(6.09806231688708,8.,-0.520133972167968));
#6526=CARTESIAN_POINT('Ctrl Pts',(6.16656716687854,8.,-0.452802138159426));
#6527=CARTESIAN_POINT('Ctrl Pts',(6.30077412741057,8.,-0.320893217981365));
#6528=CARTESIAN_POINT('Ctrl Pts',(6.32238302564341,8.,-0.134250736316516));
#6529=CARTESIAN_POINT('Ctrl Pts',(6.3329618377611,8.,-0.0428783893585194));
#6530=CARTESIAN_POINT('Ctrl Pts',(5.50894908141345,10.,-0.714019536972045));
#6531=CARTESIAN_POINT('Ctrl Pts',(5.50894908141345,8.,-0.714019536972045));
#6532=CARTESIAN_POINT('Ctrl Pts',(5.6202793469128,10.,-0.707357600667415));
#6533=CARTESIAN_POINT('Ctrl Pts',(5.6202793469128,8.,-0.707357600667415));
#6534=CARTESIAN_POINT('Ctrl Pts',(5.83413310710301,10.,-0.694560719940481));
#6535=CARTESIAN_POINT('Ctrl Pts',(5.83413310710301,8.,-0.694560719940481));
#6536=CARTESIAN_POINT('Ctrl Pts',(6.01253485079843,10.,-0.576657756584521));
#6537=CARTESIAN_POINT('Ctrl Pts',(6.01253485079843,8.,-0.576657756584521));
#6538=CARTESIAN_POINT('Ctrl Pts',(6.09806231688708,10.,-0.520133972167968));
#6539=CARTESIAN_POINT('Ctrl Pts',(6.09806231688708,8.,-0.520133972167968));
#6540=CARTESIAN_POINT('',(5.50894908141345,8.,-0.714019536972045));
#6541=CARTESIAN_POINT('',(5.50894908141345,10.,-0.714019536972045));
#6542=CARTESIAN_POINT('Ctrl Pts',(5.50894908141345,8.,-0.714019536972045));
#6543=CARTESIAN_POINT('Ctrl Pts',(5.6202793469128,8.,-0.707357600667415));
#6544=CARTESIAN_POINT('Ctrl Pts',(5.83413310710301,8.,-0.694560719940481));
#6545=CARTESIAN_POINT('Ctrl Pts',(6.01253485079843,8.,-0.576657756584521));
#6546=CARTESIAN_POINT('Ctrl Pts',(6.09806231688708,8.,-0.520133972167968));
#6547=CARTESIAN_POINT('Ctrl Pts',(3.89075450133532,10.,0.195749402046205));
#6548=CARTESIAN_POINT('Ctrl Pts',(3.89075450133532,8.,0.195749402046205));
#6549=CARTESIAN_POINT('Ctrl Pts',(4.1442308893899,10.,-0.068283589979502));
#6550=CARTESIAN_POINT('Ctrl Pts',(4.1442308893899,8.,-0.068283589979502));
#6551=CARTESIAN_POINT('Ctrl Pts',(4.59550533259411,10.,-0.538352389596014));
#6552=CARTESIAN_POINT('Ctrl Pts',(4.59550533259411,8.,-0.538352389596014));
#6553=CARTESIAN_POINT('Ctrl Pts',(5.23058665277369,10.,-0.660486811132038));
#6554=CARTESIAN_POINT('Ctrl Pts',(5.23058665277369,8.,-0.660486811132038));
#6555=CARTESIAN_POINT('Ctrl Pts',(5.50894908141345,10.,-0.714019536972045));
#6556=CARTESIAN_POINT('Ctrl Pts',(5.50894908141345,8.,-0.714019536972045));
#6557=CARTESIAN_POINT('',(3.89075450133532,8.,0.195749402046205));
#6558=CARTESIAN_POINT('',(3.89075450133532,10.,0.195749402046205));
#6559=CARTESIAN_POINT('Ctrl Pts',(3.89075450133532,8.,0.195749402046205));
#6560=CARTESIAN_POINT('Ctrl Pts',(4.1442308893899,8.,-0.068283589979502));
#6561=CARTESIAN_POINT('Ctrl Pts',(4.59550533259411,8.,-0.538352389596014));
#6562=CARTESIAN_POINT('Ctrl Pts',(5.23058665277369,8.,-0.660486811132038));
#6563=CARTESIAN_POINT('Ctrl Pts',(5.50894908141345,8.,-0.714019536972045));
#6564=CARTESIAN_POINT('Origin',(3.87583903502673,10.,0.177106857299806));
#6565=CARTESIAN_POINT('',(3.87583903502673,8.,0.177106857299806));
#6566=CARTESIAN_POINT('',(3.87583903502673,10.,0.177106857299806));
#6567=CARTESIAN_POINT('',(3.87583903502673,8.,0.177106857299806));
#6568=CARTESIAN_POINT('Origin',(4.18158225249499,10.,-0.751304626464843));
#6569=CARTESIAN_POINT('',(4.18158225249499,8.,-0.751304626464843));
#6570=CARTESIAN_POINT('',(4.18158225249499,10.,-0.751304626464843));
#6571=CARTESIAN_POINT('',(4.18158225249499,8.,-0.751304626464843));
#6572=CARTESIAN_POINT('Ctrl Pts',(1.8363159103319,10.,-0.598434209823607));
#6573=CARTESIAN_POINT('Ctrl Pts',(1.8363159103319,8.,-0.598434209823607));
#6574=CARTESIAN_POINT('Ctrl Pts',(2.24728208735011,10.,-0.603497588459226));
#6575=CARTESIAN_POINT('Ctrl Pts',(2.24728208735011,8.,-0.603497588459226));
#6576=CARTESIAN_POINT('Ctrl Pts',(3.03179976460068,10.,-0.613163371845774));
#6577=CARTESIAN_POINT('Ctrl Pts',(3.03179976460068,8.,-0.613163371845774));
#6578=CARTESIAN_POINT('Ctrl Pts',(3.81070374053309,10.,-0.706745221974782));
#6579=CARTESIAN_POINT('Ctrl Pts',(3.81070374053309,8.,-0.706745221974782));
#6580=CARTESIAN_POINT('Ctrl Pts',(4.18158225249499,10.,-0.751304626464843));
#6581=CARTESIAN_POINT('Ctrl Pts',(4.18158225249499,8.,-0.751304626464843));
#6582=CARTESIAN_POINT('',(1.8363159103319,8.,-0.598434209823607));
#6583=CARTESIAN_POINT('',(1.8363159103319,10.,-0.598434209823607));
#6584=CARTESIAN_POINT('Ctrl Pts',(1.8363159103319,8.,-0.598434209823607));
#6585=CARTESIAN_POINT('Ctrl Pts',(2.24728208735011,8.,-0.603497588459226));
#6586=CARTESIAN_POINT('Ctrl Pts',(3.03179976460068,8.,-0.613163371845774));
#6587=CARTESIAN_POINT('Ctrl Pts',(3.81070374053309,8.,-0.706745221974782));
#6588=CARTESIAN_POINT('Ctrl Pts',(4.18158225249499,8.,-0.751304626464843));
#6589=CARTESIAN_POINT('Origin',(1.79157427977771,10.,-0.449291467666625));
#6590=CARTESIAN_POINT('',(1.79157427977771,8.,-0.449291467666625));
#6591=CARTESIAN_POINT('',(1.79157427977771,10.,-0.449291467666625));
#6592=CARTESIAN_POINT('',(1.79157427977771,8.,-0.449291467666625));
#6593=CARTESIAN_POINT('Origin',(2.29492835234851,10.,-0.449291467666625));
#6594=CARTESIAN_POINT('',(2.29492835234851,8.,-0.449291467666626));
#6595=CARTESIAN_POINT('',(2.29492835234851,10.,-0.449291467666626));
#6596=CARTESIAN_POINT('',(2.29492835234851,8.,-0.449291467666625));
#6597=CARTESIAN_POINT('Origin',(1.3329618377611,10.,2.5));
#6598=CARTESIAN_POINT('',(1.3329618377611,8.,2.5));
#6599=CARTESIAN_POINT('',(1.3329618377611,10.,2.5));
#6600=CARTESIAN_POINT('',(1.3329618377611,8.,2.5));
#6601=CARTESIAN_POINT('Origin',(3.12639884185046,10.,2.5));
#6602=CARTESIAN_POINT('',(3.12639884185046,8.,2.5));
#6603=CARTESIAN_POINT('',(3.12639884185046,10.,2.5));
#6604=CARTESIAN_POINT('',(3.12639884185046,8.,2.5));
#6605=CARTESIAN_POINT('Origin',(3.74160937499255,10.,0.598434209823608));
#6606=CARTESIAN_POINT('',(3.74160937499255,8.,0.598434209823608));
#6607=CARTESIAN_POINT('',(3.74160937499255,10.,0.598434209823608));
#6608=CARTESIAN_POINT('',(3.74160937499255,8.,0.598434209823608));
#6609=CARTESIAN_POINT('Origin',(3.7453382415697,10.,0.58351993560791));
#6610=CARTESIAN_POINT('',(3.7453382415697,8.,0.58351993560791));
#6611=CARTESIAN_POINT('',(3.7453382415697,10.,0.58351993560791));
#6612=CARTESIAN_POINT('',(3.7453382415697,8.,0.58351993560791));
#6613=CARTESIAN_POINT('Ctrl Pts',(3.85346583556384,10.,0.460477471351625));
#6614=CARTESIAN_POINT('Ctrl Pts',(3.85346583556384,8.,0.460477471351625));
#6615=CARTESIAN_POINT('Ctrl Pts',(3.82598853206013,10.,0.490232552022375));
#6616=CARTESIAN_POINT('Ctrl Pts',(3.82598853206013,8.,0.490232552022375));
#6617=CARTESIAN_POINT('Ctrl Pts',(3.78892607010786,10.,0.530367368930371));
#6618=CARTESIAN_POINT('Ctrl Pts',(3.78892607010786,8.,0.530367368930371));
#6619=CARTESIAN_POINT('Ctrl Pts',(3.75429467363156,10.,0.572598140044183));
#6620=CARTESIAN_POINT('Ctrl Pts',(3.75429467363156,8.,0.572598140044183));
#6621=CARTESIAN_POINT('Ctrl Pts',(3.7453382415697,10.,0.58351993560791));
#6622=CARTESIAN_POINT('Ctrl Pts',(3.7453382415697,8.,0.58351993560791));
#6623=CARTESIAN_POINT('',(3.85346583556384,8.,0.460477471351625));
#6624=CARTESIAN_POINT('',(3.85346583556384,10.,0.460477471351625));
#6625=CARTESIAN_POINT('Ctrl Pts',(3.85346583556384,8.,0.460477471351625));
#6626=CARTESIAN_POINT('Ctrl Pts',(3.82598853206013,8.,0.490232552022375));
#6627=CARTESIAN_POINT('Ctrl Pts',(3.78892607010786,8.,0.530367368930371));
#6628=CARTESIAN_POINT('Ctrl Pts',(3.75429467363156,8.,0.572598140044183));
#6629=CARTESIAN_POINT('Ctrl Pts',(3.7453382415697,8.,0.58351993560791));
#6630=CARTESIAN_POINT('Ctrl Pts',(4.06413249205798,10.,0.249813795089723));
#6631=CARTESIAN_POINT('Ctrl Pts',(4.06413249205798,8.,0.249813795089723));
#6632=CARTESIAN_POINT('Ctrl Pts',(4.02905901996677,10.,0.282163386195545));
#6633=CARTESIAN_POINT('Ctrl Pts',(4.02905901996677,8.,0.282163386195545));
#6634=CARTESIAN_POINT('Ctrl Pts',(3.95600349450121,10.,0.349545263036407));
#6635=CARTESIAN_POINT('Ctrl Pts',(3.95600349450121,8.,0.349545263036407));
#6636=CARTESIAN_POINT('Ctrl Pts',(3.88854036506393,10.,0.422531461530594));
#6637=CARTESIAN_POINT('Ctrl Pts',(3.88854036506393,8.,0.422531461530594));
#6638=CARTESIAN_POINT('Ctrl Pts',(3.85346583556384,10.,0.460477471351625));
#6639=CARTESIAN_POINT('Ctrl Pts',(3.85346583556384,8.,0.460477471351625));
#6640=CARTESIAN_POINT('',(4.06413249205798,8.,0.249813795089723));
#6641=CARTESIAN_POINT('',(4.06413249205798,10.,0.249813795089723));
#6642=CARTESIAN_POINT('Ctrl Pts',(4.06413249205798,8.,0.249813795089723));
#6643=CARTESIAN_POINT('Ctrl Pts',(4.02905901996677,8.,0.282163386195545));
#6644=CARTESIAN_POINT('Ctrl Pts',(3.95600349450121,8.,0.349545263036407));
#6645=CARTESIAN_POINT('Ctrl Pts',(3.88854036506393,8.,0.422531461530594));
#6646=CARTESIAN_POINT('Ctrl Pts',(3.85346583556384,8.,0.460477471351625));
#6647=CARTESIAN_POINT('Ctrl Pts',(4.24310378264636,10.,0.115585327148439));
#6648=CARTESIAN_POINT('Ctrl Pts',(4.24310378264636,8.,0.115585327148439));
#6649=CARTESIAN_POINT('Ctrl Pts',(4.21499189863656,10.,0.133298508930388));
#6650=CARTESIAN_POINT('Ctrl Pts',(4.21499189863656,8.,0.133298508930388));
#6651=CARTESIAN_POINT('Ctrl Pts',(4.15172163586233,10.,0.173164839679365));
#6652=CARTESIAN_POINT('Ctrl Pts',(4.15172163586233,8.,0.173164839679365));
#6653=CARTESIAN_POINT('Ctrl Pts',(4.09541903879262,10.,0.22243504674891));
#6654=CARTESIAN_POINT('Ctrl Pts',(4.09541903879262,8.,0.22243504674891));
#6655=CARTESIAN_POINT('Ctrl Pts',(4.06413249205798,10.,0.249813795089723));
#6656=CARTESIAN_POINT('Ctrl Pts',(4.06413249205798,8.,0.249813795089723));
#6657=CARTESIAN_POINT('',(4.24310378264636,8.,0.115585327148439));
#6658=CARTESIAN_POINT('',(4.24310378264636,10.,0.115585327148439));
#6659=CARTESIAN_POINT('Ctrl Pts',(4.24310378264636,8.,0.115585327148439));
#6660=CARTESIAN_POINT('Ctrl Pts',(4.21499189863656,8.,0.133298508930388));
#6661=CARTESIAN_POINT('Ctrl Pts',(4.15172163586233,8.,0.173164839679365));
#6662=CARTESIAN_POINT('Ctrl Pts',(4.09541903879262,8.,0.22243504674891));
#6663=CARTESIAN_POINT('Ctrl Pts',(4.06413249205798,8.,0.249813795089723));
#6664=CARTESIAN_POINT('Ctrl Pts',(4.37919310759753,10.,0.0727069377899181));
#6665=CARTESIAN_POINT('Ctrl Pts',(4.37919310759753,8.,0.0727069377899181));
#6666=CARTESIAN_POINT('Ctrl Pts',(4.35755664329118,10.,0.0751089124688364));
#6667=CARTESIAN_POINT('Ctrl Pts',(4.35755664329118,8.,0.0751089124688364));
#6668=CARTESIAN_POINT('Ctrl Pts',(4.3094953388914,10.,0.0804444439387419));
#6669=CARTESIAN_POINT('Ctrl Pts',(4.3094953388914,8.,0.0804444439387419));
#6670=CARTESIAN_POINT('Ctrl Pts',(4.26665697189069,10.,0.10311868350785));
#6671=CARTESIAN_POINT('Ctrl Pts',(4.26665697189069,8.,0.10311868350785));
#6672=CARTESIAN_POINT('Ctrl Pts',(4.24310378264636,10.,0.115585327148439));
#6673=CARTESIAN_POINT('Ctrl Pts',(4.24310378264636,8.,0.115585327148439));
#6674=CARTESIAN_POINT('',(4.37919310759753,8.,0.0727069377899181));
#6675=CARTESIAN_POINT('',(4.37919310759753,10.,0.0727069377899181));
#6676=CARTESIAN_POINT('Ctrl Pts',(4.37919310759753,8.,0.0727069377899181));
#6677=CARTESIAN_POINT('Ctrl Pts',(4.35755664329118,8.,0.0751089124688364));
#6678=CARTESIAN_POINT('Ctrl Pts',(4.3094953388914,8.,0.0804444439387419));
#6679=CARTESIAN_POINT('Ctrl Pts',(4.26665697189069,8.,0.10311868350785));
#6680=CARTESIAN_POINT('Ctrl Pts',(4.24310378264636,8.,0.115585327148439));
#6681=CARTESIAN_POINT('Ctrl Pts',(4.46308783721179,10.,0.104399919509889));
#6682=CARTESIAN_POINT('Ctrl Pts',(4.46308783721179,8.,0.104399919509889));
#6683=CARTESIAN_POINT('Ctrl Pts',(4.4500611636885,10.,0.0951586665866044));
#6684=CARTESIAN_POINT('Ctrl Pts',(4.4500611636885,8.,0.0951586665866044));
#6685=CARTESIAN_POINT('Ctrl Pts',(4.4248217354558,10.,0.0772535629144722));
#6686=CARTESIAN_POINT('Ctrl Pts',(4.4248217354558,8.,0.0772535629144722));
#6687=CARTESIAN_POINT('Ctrl Pts',(4.3940721131984,10.,0.0741895434230189));
#6688=CARTESIAN_POINT('Ctrl Pts',(4.3940721131984,8.,0.0741895434230189));
#6689=CARTESIAN_POINT('Ctrl Pts',(4.37919310759753,10.,0.0727069377899181));
#6690=CARTESIAN_POINT('Ctrl Pts',(4.37919310759753,8.,0.0727069377899181));
#6691=CARTESIAN_POINT('',(4.46308783721179,8.,0.104399919509889));
#6692=CARTESIAN_POINT('',(4.46308783721179,10.,0.104399919509889));
#6693=CARTESIAN_POINT('Ctrl Pts',(4.46308783721179,8.,0.104399919509889));
#6694=CARTESIAN_POINT('Ctrl Pts',(4.4500611636885,8.,0.0951586665866044));
#6695=CARTESIAN_POINT('Ctrl Pts',(4.4248217354558,8.,0.0772535629144722));
#6696=CARTESIAN_POINT('Ctrl Pts',(4.3940721131984,8.,0.0741895434230189));
#6697=CARTESIAN_POINT('Ctrl Pts',(4.37919310759753,8.,0.0727069377899181));
#6698=CARTESIAN_POINT('Ctrl Pts',(4.50223616790026,10.,0.177106857299806));
#6699=CARTESIAN_POINT('Ctrl Pts',(4.50223616790026,8.,0.177106857299806));
#6700=CARTESIAN_POINT('Ctrl Pts',(4.50025008597541,10.,0.163548119743618));
#6701=CARTESIAN_POINT('Ctrl Pts',(4.50025008597541,8.,0.163548119743618));
#6702=CARTESIAN_POINT('Ctrl Pts',(4.4960271335732,10.,0.134718541961701));
#6703=CARTESIAN_POINT('Ctrl Pts',(4.4960271335732,8.,0.134718541961701));
#6704=CARTESIAN_POINT('Ctrl Pts',(4.47449386814319,10.,0.114898478486032));
#6705=CARTESIAN_POINT('Ctrl Pts',(4.47449386814319,8.,0.114898478486032));
#6706=CARTESIAN_POINT('Ctrl Pts',(4.46308783721179,10.,0.104399919509889));
#6707=CARTESIAN_POINT('Ctrl Pts',(4.46308783721179,8.,0.104399919509889));
#6708=CARTESIAN_POINT('',(4.50223616790026,8.,0.177106857299806));
#6709=CARTESIAN_POINT('',(4.50223616790026,10.,0.177106857299806));
#6710=CARTESIAN_POINT('Ctrl Pts',(4.50223616790026,8.,0.177106857299806));
#6711=CARTESIAN_POINT('Ctrl Pts',(4.50025008597541,8.,0.163548119743618));
#6712=CARTESIAN_POINT('Ctrl Pts',(4.4960271335732,8.,0.134718541961701));
#6713=CARTESIAN_POINT('Ctrl Pts',(4.47449386814319,8.,0.114898478486032));
#6714=CARTESIAN_POINT('Ctrl Pts',(4.46308783721179,8.,0.104399919509889));
#6715=CARTESIAN_POINT('Ctrl Pts',(4.47986773680896,10.,0.318791866302491));
#6716=CARTESIAN_POINT('Ctrl Pts',(4.47986773680896,8.,0.318791866302491));
#6717=CARTESIAN_POINT('Ctrl Pts',(4.48636365218569,10.,0.292828211586442));
#6718=CARTESIAN_POINT('Ctrl Pts',(4.48636365218569,8.,0.292828211586442));
#6719=CARTESIAN_POINT('Ctrl Pts',(4.49802145883826,10.,0.246232889892766));
#6720=CARTESIAN_POINT('Ctrl Pts',(4.49802145883826,8.,0.246232889892766));
#6721=CARTESIAN_POINT('Ctrl Pts',(4.50094269223679,10.,0.198321332499872));
#6722=CARTESIAN_POINT('Ctrl Pts',(4.50094269223679,8.,0.198321332499872));
#6723=CARTESIAN_POINT('Ctrl Pts',(4.50223616790026,10.,0.177106857299806));
#6724=CARTESIAN_POINT('Ctrl Pts',(4.50223616790026,8.,0.177106857299806));
#6725=CARTESIAN_POINT('',(4.47986773680896,8.,0.318791866302491));
#6726=CARTESIAN_POINT('',(4.47986773680896,10.,0.318791866302491));
#6727=CARTESIAN_POINT('Ctrl Pts',(4.47986773680896,8.,0.318791866302491));
#6728=CARTESIAN_POINT('Ctrl Pts',(4.48636365218569,8.,0.292828211586442));
#6729=CARTESIAN_POINT('Ctrl Pts',(4.49802145883826,8.,0.246232889892766));
#6730=CARTESIAN_POINT('Ctrl Pts',(4.50094269223679,8.,0.198321332499872));
#6731=CARTESIAN_POINT('Ctrl Pts',(4.50223616790026,8.,0.177106857299806));
#6732=CARTESIAN_POINT('Ctrl Pts',(4.24869708251208,10.,1.03467583656311));
#6733=CARTESIAN_POINT('Ctrl Pts',(4.24869708251208,8.,1.03467583656311));
#6734=CARTESIAN_POINT('Ctrl Pts',(4.30366017247904,10.,0.870285146652208));
#6735=CARTESIAN_POINT('Ctrl Pts',(4.30366017247904,8.,0.870285146652208));
#6736=CARTESIAN_POINT('Ctrl Pts',(4.38318081836043,10.,0.632444554966758));
#6737=CARTESIAN_POINT('Ctrl Pts',(4.38318081836043,8.,0.632444554966758));
#6738=CARTESIAN_POINT('Ctrl Pts',(4.45705417580363,10.,0.392799134939732));
#6739=CARTESIAN_POINT('Ctrl Pts',(4.45705417580363,8.,0.392799134939732));
#6740=CARTESIAN_POINT('Ctrl Pts',(4.47986773680896,10.,0.318791866302491));
#6741=CARTESIAN_POINT('Ctrl Pts',(4.47986773680896,8.,0.318791866302491));
#6742=CARTESIAN_POINT('',(4.24869708251208,8.,1.03467583656311));
#6743=CARTESIAN_POINT('',(4.24869708251208,10.,1.03467583656311));
#6744=CARTESIAN_POINT('Ctrl Pts',(4.24869708251208,8.,1.03467583656311));
#6745=CARTESIAN_POINT('Ctrl Pts',(4.30366017247904,8.,0.870285146652208));
#6746=CARTESIAN_POINT('Ctrl Pts',(4.38318081836043,8.,0.632444554966758));
#6747=CARTESIAN_POINT('Ctrl Pts',(4.45705417580363,8.,0.392799134939732));
#6748=CARTESIAN_POINT('Ctrl Pts',(4.47986773680896,8.,0.318791866302491));
#6749=CARTESIAN_POINT('Origin',(3.76771144103259,10.,2.5));
#6750=CARTESIAN_POINT('',(3.76771144103259,8.,2.5));
#6751=CARTESIAN_POINT('',(3.76771144103259,10.,2.5));
#6752=CARTESIAN_POINT('',(3.76771144103259,8.,2.5));
#6753=CARTESIAN_POINT('Origin',(5.57979277800769,10.,2.5));
#6754=CARTESIAN_POINT('',(5.57979277800769,8.,2.5));
#6755=CARTESIAN_POINT('',(5.57979277800769,10.,2.5));
#6756=CARTESIAN_POINT('',(5.57979277800769,8.,2.5));
#6757=CARTESIAN_POINT('Origin',(6.05704955291003,10.,1.04213237762451));
#6758=CARTESIAN_POINT('',(6.05704955291003,8.,1.04213237762451));
#6759=CARTESIAN_POINT('',(6.05704955291003,10.,1.04213237762451));
#6760=CARTESIAN_POINT('',(6.05704955291003,8.,1.04213237762451));
#6761=CARTESIAN_POINT('Ctrl Pts',(6.29194430541247,10.,0.494034290313722));
#6762=CARTESIAN_POINT('Ctrl Pts',(6.29194430541247,8.,0.494034290313722));
#6763=CARTESIAN_POINT('Ctrl Pts',(6.25638984460765,10.,0.555098825072946));
#6764=CARTESIAN_POINT('Ctrl Pts',(6.25638984460765,8.,0.555098825072946));
#6765=CARTESIAN_POINT('Ctrl Pts',(6.15589069361547,10.,0.727705405516537));
#6766=CARTESIAN_POINT('Ctrl Pts',(6.15589069361547,8.,0.727705405516537));
#6767=CARTESIAN_POINT('Ctrl Pts',(6.09584946963775,10.,0.918704620238591));
#6768=CARTESIAN_POINT('Ctrl Pts',(6.09584946963775,8.,0.918704620238591));
#6769=CARTESIAN_POINT('Ctrl Pts',(6.05704955291003,10.,1.04213237762451));
#6770=CARTESIAN_POINT('Ctrl Pts',(6.05704955291003,8.,1.04213237762451));
#6771=CARTESIAN_POINT('',(6.29194430541247,8.,0.494034290313722));
#6772=CARTESIAN_POINT('',(6.29194430541247,10.,0.494034290313722));
#6773=CARTESIAN_POINT('Ctrl Pts',(6.29194430541247,8.,0.494034290313722));
#6774=CARTESIAN_POINT('Ctrl Pts',(6.25638984460765,8.,0.555098825072946));
#6775=CARTESIAN_POINT('Ctrl Pts',(6.15589069361547,8.,0.727705405516537));
#6776=CARTESIAN_POINT('Ctrl Pts',(6.09584946963775,8.,0.918704620238591));
#6777=CARTESIAN_POINT('Ctrl Pts',(6.05704955291003,8.,1.04213237762451));
#6778=CARTESIAN_POINT('Ctrl Pts',(6.4299028320238,10.,0.344892144203187));
#6779=CARTESIAN_POINT('Ctrl Pts',(6.4299028320238,8.,0.344892144203187));
#6780=CARTESIAN_POINT('Ctrl Pts',(6.41020965535868,10.,0.365290025252555));
#6781=CARTESIAN_POINT('Ctrl Pts',(6.41020965535868,8.,0.365290025252555));
#6782=CARTESIAN_POINT('Ctrl Pts',(6.36316372672446,10.,0.414019454356679));
#6783=CARTESIAN_POINT('Ctrl Pts',(6.36316372672446,8.,0.414019454356679));
#6784=CARTESIAN_POINT('Ctrl Pts',(6.31812819941076,10.,0.464616753012881));
#6785=CARTESIAN_POINT('Ctrl Pts',(6.31812819941076,8.,0.464616753012881));
#6786=CARTESIAN_POINT('Ctrl Pts',(6.29194430541247,10.,0.494034290313722));
#6787=CARTESIAN_POINT('Ctrl Pts',(6.29194430541247,8.,0.494034290313722));
#6788=CARTESIAN_POINT('',(6.4299028320238,8.,0.344892144203187));
#6789=CARTESIAN_POINT('',(6.4299028320238,10.,0.344892144203187));
#6790=CARTESIAN_POINT('Ctrl Pts',(6.4299028320238,8.,0.344892144203187));
#6791=CARTESIAN_POINT('Ctrl Pts',(6.41020965535868,8.,0.365290025252555));
#6792=CARTESIAN_POINT('Ctrl Pts',(6.36316372672446,8.,0.414019454356679));
#6793=CARTESIAN_POINT('Ctrl Pts',(6.31812819941076,8.,0.464616753012881));
#6794=CARTESIAN_POINT('Ctrl Pts',(6.29194430541247,8.,0.494034290313722));
#6795=CARTESIAN_POINT('Ctrl Pts',(6.54921702574939,10.,0.225577950477601));
#6796=CARTESIAN_POINT('Ctrl Pts',(6.54921702574939,8.,0.225577950477601));
#6797=CARTESIAN_POINT('Ctrl Pts',(6.53232925213134,10.,0.241624910813001));
#6798=CARTESIAN_POINT('Ctrl Pts',(6.53232925213134,8.,0.241624910813001));
#6799=CARTESIAN_POINT('Ctrl Pts',(6.49154538310812,10.,0.280378220949756));
#6800=CARTESIAN_POINT('Ctrl Pts',(6.49154538310812,8.,0.280378220949756));
#6801=CARTESIAN_POINT('Ctrl Pts',(6.45267675119254,10.,0.321057392922016));
#6802=CARTESIAN_POINT('Ctrl Pts',(6.45267675119254,8.,0.321057392922016));
#6803=CARTESIAN_POINT('Ctrl Pts',(6.4299028320238,10.,0.344892144203187));
#6804=CARTESIAN_POINT('Ctrl Pts',(6.4299028320238,8.,0.344892144203187));
#6805=CARTESIAN_POINT('',(6.54921702574939,8.,0.225577950477601));
#6806=CARTESIAN_POINT('',(6.54921702574939,10.,0.225577950477601));
#6807=CARTESIAN_POINT('Ctrl Pts',(6.54921702574939,8.,0.225577950477601));
#6808=CARTESIAN_POINT('Ctrl Pts',(6.53232925213134,8.,0.241624910813001));
#6809=CARTESIAN_POINT('Ctrl Pts',(6.49154538310812,8.,0.280378220949756));
#6810=CARTESIAN_POINT('Ctrl Pts',(6.45267675119254,8.,0.321057392922016));
#6811=CARTESIAN_POINT('Ctrl Pts',(6.4299028320238,8.,0.344892144203187));
#6812=CARTESIAN_POINT('Ctrl Pts',(6.66853121947497,10.,0.124906897544862));
#6813=CARTESIAN_POINT('Ctrl Pts',(6.66853121947497,8.,0.124906897544862));
#6814=CARTESIAN_POINT('Ctrl Pts',(6.64842632311681,10.,0.14049306576131));
#6815=CARTESIAN_POINT('Ctrl Pts',(6.64842632311681,8.,0.14049306576131));
#6816=CARTESIAN_POINT('Ctrl Pts',(6.60726623600399,10.,0.172402110708164));
#6817=CARTESIAN_POINT('Ctrl Pts',(6.60726623600399,8.,0.172402110708164));
#6818=CARTESIAN_POINT('Ctrl Pts',(6.56886231605367,10.,0.207581929431616));
#6819=CARTESIAN_POINT('Ctrl Pts',(6.56886231605367,8.,0.207581929431616));
#6820=CARTESIAN_POINT('Ctrl Pts',(6.54921702574939,10.,0.225577950477601));
#6821=CARTESIAN_POINT('Ctrl Pts',(6.54921702574939,8.,0.225577950477601));
#6822=CARTESIAN_POINT('',(6.66853121947497,8.,0.124906897544862));
#6823=CARTESIAN_POINT('',(6.66853121947497,10.,0.124906897544862));
#6824=CARTESIAN_POINT('Ctrl Pts',(6.66853121947497,8.,0.124906897544862));
#6825=CARTESIAN_POINT('Ctrl Pts',(6.64842632311681,8.,0.14049306576131));
#6826=CARTESIAN_POINT('Ctrl Pts',(6.60726623600399,8.,0.172402110708164));
#6827=CARTESIAN_POINT('Ctrl Pts',(6.56886231605367,8.,0.207581929431616));
#6828=CARTESIAN_POINT('Ctrl Pts',(6.54921702574939,8.,0.225577950477601));
#6829=CARTESIAN_POINT('Ctrl Pts',(6.78038768004626,10.,0.0577926635742199));
#6830=CARTESIAN_POINT('Ctrl Pts',(6.78038768004626,8.,0.0577926635742199));
#6831=CARTESIAN_POINT('Ctrl Pts',(6.76289446421598,10.,0.0675794522967166));
#6832=CARTESIAN_POINT('Ctrl Pts',(6.76289446421598,8.,0.0675794522967166));
#6833=CARTESIAN_POINT('Ctrl Pts',(6.72493172967614,10.,0.0888181579683411));
#6834=CARTESIAN_POINT('Ctrl Pts',(6.72493172967614,8.,0.0888181579683411));
#6835=CARTESIAN_POINT('Ctrl Pts',(6.68828899424131,10.,0.11226457949471));
#6836=CARTESIAN_POINT('Ctrl Pts',(6.68828899424131,8.,0.11226457949471));
#6837=CARTESIAN_POINT('Ctrl Pts',(6.66853121947497,10.,0.124906897544862));
#6838=CARTESIAN_POINT('Ctrl Pts',(6.66853121947497,8.,0.124906897544862));
#6839=CARTESIAN_POINT('',(6.78038768004626,8.,0.0577926635742199));
#6840=CARTESIAN_POINT('',(6.78038768004626,10.,0.0577926635742199));
#6841=CARTESIAN_POINT('Ctrl Pts',(6.78038768004626,8.,0.0577926635742199));
#6842=CARTESIAN_POINT('Ctrl Pts',(6.76289446421598,8.,0.0675794522967166));
#6843=CARTESIAN_POINT('Ctrl Pts',(6.72493172967614,8.,0.0888181579683411));
#6844=CARTESIAN_POINT('Ctrl Pts',(6.68828899424131,8.,0.11226457949471));
#6845=CARTESIAN_POINT('Ctrl Pts',(6.66853121947497,8.,0.124906897544862));
#6846=CARTESIAN_POINT('Ctrl Pts',(6.86987570952624,10.,0.0316929817199718));
#6847=CARTESIAN_POINT('Ctrl Pts',(6.86987570952624,8.,0.0316929817199718));
#6848=CARTESIAN_POINT('Ctrl Pts',(6.85601826256745,10.,0.0332017728613454));
#6849=CARTESIAN_POINT('Ctrl Pts',(6.85601826256745,8.,0.0332017728613454));
#6850=CARTESIAN_POINT('Ctrl Pts',(6.82471979163667,10.,0.0366095330223171));
#6851=CARTESIAN_POINT('Ctrl Pts',(6.82471979163667,8.,0.0366095330223171));
#6852=CARTESIAN_POINT('Ctrl Pts',(6.7962515584578,10.,0.0502124560137063));
#6853=CARTESIAN_POINT('Ctrl Pts',(6.7962515584578,8.,0.0502124560137063));
#6854=CARTESIAN_POINT('Ctrl Pts',(6.78038768004626,10.,0.0577926635742199));
#6855=CARTESIAN_POINT('Ctrl Pts',(6.78038768004626,8.,0.0577926635742199));
#6856=CARTESIAN_POINT('',(6.86987570952624,8.,0.0316929817199718));
#6857=CARTESIAN_POINT('',(6.86987570952624,10.,0.0316929817199718));
#6858=CARTESIAN_POINT('Ctrl Pts',(6.86987570952624,8.,0.0316929817199718));
#6859=CARTESIAN_POINT('Ctrl Pts',(6.85601826256745,8.,0.0332017728613454));
#6860=CARTESIAN_POINT('Ctrl Pts',(6.82471979163667,8.,0.0366095330223171));
#6861=CARTESIAN_POINT('Ctrl Pts',(6.7962515584578,8.,0.0502124560137063));
#6862=CARTESIAN_POINT('Ctrl Pts',(6.78038768004626,8.,0.0577926635742199));
#6863=CARTESIAN_POINT('Ctrl Pts',(6.93139247130603,10.,0.0615215301513683));
#6864=CARTESIAN_POINT('Ctrl Pts',(6.93139247130603,8.,0.0615215301513683));
#6865=CARTESIAN_POINT('Ctrl Pts',(6.92218586605955,10.,0.0528297442397874));
#6866=CARTESIAN_POINT('Ctrl Pts',(6.92218586605955,8.,0.0528297442397874));
#6867=CARTESIAN_POINT('Ctrl Pts',(6.90474637699573,10.,0.0363654448273387));
#6868=CARTESIAN_POINT('Ctrl Pts',(6.90474637699573,8.,0.0363654448273387));
#6869=CARTESIAN_POINT('Ctrl Pts',(6.88105839821803,10.,0.0331913958354813));
#6870=CARTESIAN_POINT('Ctrl Pts',(6.88105839821803,8.,0.0331913958354813));
#6871=CARTESIAN_POINT('Ctrl Pts',(6.86987570952624,10.,0.0316929817199718));
#6872=CARTESIAN_POINT('Ctrl Pts',(6.86987570952624,8.,0.0316929817199718));
#6873=CARTESIAN_POINT('',(6.93139247130603,8.,0.0615215301513683));
#6874=CARTESIAN_POINT('',(6.93139247130603,10.,0.0615215301513683));
#6875=CARTESIAN_POINT('Ctrl Pts',(6.93139247130603,8.,0.0615215301513683));
#6876=CARTESIAN_POINT('Ctrl Pts',(6.92218586605955,8.,0.0528297442397874));
#6877=CARTESIAN_POINT('Ctrl Pts',(6.90474637699573,8.,0.0363654448273387));
#6878=CARTESIAN_POINT('Ctrl Pts',(6.88105839821803,8.,0.0331913958354813));
#6879=CARTESIAN_POINT('Ctrl Pts',(6.86987570952624,8.,0.0316929817199718));
#6880=CARTESIAN_POINT('Ctrl Pts',(6.95935897063464,10.,0.124906897544862));
#6881=CARTESIAN_POINT('Ctrl Pts',(6.95935897063464,8.,0.124906897544862));
#6882=CARTESIAN_POINT('Ctrl Pts',(6.95795885727529,10.,0.113633569300607));
#6883=CARTESIAN_POINT('Ctrl Pts',(6.95795885727529,8.,0.113633569300607));
#6884=CARTESIAN_POINT('Ctrl Pts',(6.95499636390593,10.,0.0897803863055313));
#6885=CARTESIAN_POINT('Ctrl Pts',(6.95499636390593,8.,0.0897803863055313));
#6886=CARTESIAN_POINT('Ctrl Pts',(6.93954258885954,10.,0.0712789461627139));
#6887=CARTESIAN_POINT('Ctrl Pts',(6.93954258885954,8.,0.0712789461627139));
#6888=CARTESIAN_POINT('Ctrl Pts',(6.93139247130603,10.,0.0615215301513683));
#6889=CARTESIAN_POINT('Ctrl Pts',(6.93139247130603,8.,0.0615215301513683));
#6890=CARTESIAN_POINT('',(6.95935897063464,8.,0.124906897544862));
#6891=CARTESIAN_POINT('',(6.95935897063464,10.,0.124906897544862));
#6892=CARTESIAN_POINT('Ctrl Pts',(6.95935897063464,8.,0.124906897544862));
#6893=CARTESIAN_POINT('Ctrl Pts',(6.95795885727529,8.,0.113633569300607));
#6894=CARTESIAN_POINT('Ctrl Pts',(6.95499636390593,8.,0.0897803863055313));
#6895=CARTESIAN_POINT('Ctrl Pts',(6.93954258885954,8.,0.0712789461627139));
#6896=CARTESIAN_POINT('Ctrl Pts',(6.93139247130603,8.,0.0615215301513683));
#6897=CARTESIAN_POINT('Ctrl Pts',(6.92953280638903,10.,0.255406498908998));
#6898=CARTESIAN_POINT('Ctrl Pts',(6.92953280638903,8.,0.255406498908998));
#6899=CARTESIAN_POINT('Ctrl Pts',(6.93806479673349,10.,0.229224967819213));
#6900=CARTESIAN_POINT('Ctrl Pts',(6.93806479673349,8.,0.229224967819213));
#6901=CARTESIAN_POINT('Ctrl Pts',(6.95196574101521,10.,0.186568097593617));
#6902=CARTESIAN_POINT('Ctrl Pts',(6.95196574101521,8.,0.186568097593617));
#6903=CARTESIAN_POINT('Ctrl Pts',(6.95729907862985,10.,0.142086860771252));
#6904=CARTESIAN_POINT('Ctrl Pts',(6.95729907862985,8.,0.142086860771252));
#6905=CARTESIAN_POINT('Ctrl Pts',(6.95935897063464,10.,0.124906897544862));
#6906=CARTESIAN_POINT('Ctrl Pts',(6.95935897063464,8.,0.124906897544862));
#6907=CARTESIAN_POINT('',(6.92953280638903,8.,0.255406498908997));
#6908=CARTESIAN_POINT('',(6.92953280638903,10.,0.255406498908997));
#6909=CARTESIAN_POINT('Ctrl Pts',(6.92953280638903,8.,0.255406498908998));
#6910=CARTESIAN_POINT('Ctrl Pts',(6.93806479673349,8.,0.229224967819213));
#6911=CARTESIAN_POINT('Ctrl Pts',(6.95196574101521,8.,0.186568097593617));
#6912=CARTESIAN_POINT('Ctrl Pts',(6.95729907862985,8.,0.142086860771252));
#6913=CARTESIAN_POINT('Ctrl Pts',(6.95935897063464,8.,0.124906897544862));
#6914=CARTESIAN_POINT('Origin',(6.58277205657214,10.,1.34041786193848));
#6915=CARTESIAN_POINT('',(6.58277205657214,8.,1.34041786193848));
#6916=CARTESIAN_POINT('',(6.58277205657214,10.,1.34041786193848));
#6917=CARTESIAN_POINT('',(6.58277205657214,8.,1.34041786193848));
#6918=CARTESIAN_POINT('Ctrl Pts',(6.47091559600085,10.,1.89597368240356));
#6919=CARTESIAN_POINT('Ctrl Pts',(6.47091559600085,8.,1.89597368240356));
#6920=CARTESIAN_POINT('Ctrl Pts',(6.47783669084383,10.,1.81566387007061));
#6921=CARTESIAN_POINT('Ctrl Pts',(6.47783669084383,8.,1.81566387007061));
#6922=CARTESIAN_POINT('Ctrl Pts',(6.49413968746367,10.,1.6264899563028));
#6923=CARTESIAN_POINT('Ctrl Pts',(6.49413968746367,8.,1.6264899563028));
#6924=CARTESIAN_POINT('Ctrl Pts',(6.55039738378258,10.,1.44491118128025));
#6925=CARTESIAN_POINT('Ctrl Pts',(6.55039738378258,8.,1.44491118128025));
#6926=CARTESIAN_POINT('Ctrl Pts',(6.58277205657214,10.,1.34041786193848));
#6927=CARTESIAN_POINT('Ctrl Pts',(6.58277205657214,8.,1.34041786193848));
#6928=CARTESIAN_POINT('',(6.47091559600085,8.,1.89597368240356));
#6929=CARTESIAN_POINT('',(6.47091559600085,10.,1.89597368240356));
#6930=CARTESIAN_POINT('Ctrl Pts',(6.47091559600085,8.,1.89597368240356));
#6931=CARTESIAN_POINT('Ctrl Pts',(6.47783669084383,8.,1.81566387007061));
#6932=CARTESIAN_POINT('Ctrl Pts',(6.49413968746367,8.,1.6264899563028));
#6933=CARTESIAN_POINT('Ctrl Pts',(6.55039738378258,8.,1.44491118128025));
#6934=CARTESIAN_POINT('Ctrl Pts',(6.58277205657214,8.,1.34041786193848));
#6935=CARTESIAN_POINT('Ctrl Pts',(6.73005274962634,10.,2.36204266548157));
#6936=CARTESIAN_POINT('Ctrl Pts',(6.73005274962634,8.,2.36204266548157));
#6937=CARTESIAN_POINT('Ctrl Pts',(6.65447402353752,10.,2.30120161228388));
#6938=CARTESIAN_POINT('Ctrl Pts',(6.65447402353752,8.,2.30120161228388));
#6939=CARTESIAN_POINT('Ctrl Pts',(6.50486699075991,10.,2.18076759717127));
#6940=CARTESIAN_POINT('Ctrl Pts',(6.50486699075991,8.,2.18076759717127));
#6941=CARTESIAN_POINT('Ctrl Pts',(6.48215426816122,10.,1.99024684744014));
#6942=CARTESIAN_POINT('Ctrl Pts',(6.48215426816122,8.,1.99024684744014));
#6943=CARTESIAN_POINT('Ctrl Pts',(6.47091559600085,10.,1.89597368240356));
#6944=CARTESIAN_POINT('Ctrl Pts',(6.47091559600085,8.,1.89597368240356));
#6945=CARTESIAN_POINT('',(6.73005274962634,8.,2.36204266548157));
#6946=CARTESIAN_POINT('',(6.73005274962634,10.,2.36204266548157));
#6947=CARTESIAN_POINT('Ctrl Pts',(6.73005274962634,8.,2.36204266548157));
#6948=CARTESIAN_POINT('Ctrl Pts',(6.65447402353752,8.,2.30120161228388));
#6949=CARTESIAN_POINT('Ctrl Pts',(6.50486699075991,8.,2.18076759717127));
#6950=CARTESIAN_POINT('Ctrl Pts',(6.48215426816122,8.,1.99024684744014));
#6951=CARTESIAN_POINT('Ctrl Pts',(6.47091559600085,8.,1.89597368240356));
#6952=CARTESIAN_POINT('Ctrl Pts',(7.45525531005114,10.,2.5298285484314));
#6953=CARTESIAN_POINT('Ctrl Pts',(7.45525531005114,8.,2.5298285484314));
#6954=CARTESIAN_POINT('Ctrl Pts',(7.31453058696714,10.,2.52640013686998));
#6955=CARTESIAN_POINT('Ctrl Pts',(7.31453058696714,8.,2.52640013686998));
#6956=CARTESIAN_POINT('Ctrl Pts',(7.06047847787556,10.,2.52021078244154));
#6957=CARTESIAN_POINT('Ctrl Pts',(7.06047847787556,8.,2.52021078244154));
#6958=CARTESIAN_POINT('Ctrl Pts',(6.83198082278139,10.,2.41083357374926));
#6959=CARTESIAN_POINT('Ctrl Pts',(6.83198082278139,8.,2.41083357374926));
#6960=CARTESIAN_POINT('Ctrl Pts',(6.73005274962634,10.,2.36204266548157));
#6961=CARTESIAN_POINT('Ctrl Pts',(6.73005274962634,8.,2.36204266548157));
#6962=CARTESIAN_POINT('',(7.45525531005114,8.,2.5298285484314));
#6963=CARTESIAN_POINT('',(7.45525531005114,10.,2.5298285484314));
#6964=CARTESIAN_POINT('Ctrl Pts',(7.45525531005114,8.,2.5298285484314));
#6965=CARTESIAN_POINT('Ctrl Pts',(7.31453058696714,8.,2.52640013686998));
#6966=CARTESIAN_POINT('Ctrl Pts',(7.06047847787556,8.,2.52021078244154));
#6967=CARTESIAN_POINT('Ctrl Pts',(6.83198082278139,8.,2.41083357374926));
#6968=CARTESIAN_POINT('Ctrl Pts',(6.73005274962634,8.,2.36204266548157));
#6969=CARTESIAN_POINT('Ctrl Pts',(8.98396662902087,10.,1.26957535743713));
#6970=CARTESIAN_POINT('Ctrl Pts',(8.98396662902087,8.,1.26957535743713));
#6971=CARTESIAN_POINT('Ctrl Pts',(8.82205807155808,10.,1.63656769949909));
#6972=CARTESIAN_POINT('Ctrl Pts',(8.82205807155808,8.,1.63656769949909));
#6973=CARTESIAN_POINT('Ctrl Pts',(8.51990629941433,10.,2.32144432526166));
#6974=CARTESIAN_POINT('Ctrl Pts',(8.51990629941433,8.,2.32144432526166));
#6975=CARTESIAN_POINT('Ctrl Pts',(7.79275930921087,10.,2.46376886372322));
#6976=CARTESIAN_POINT('Ctrl Pts',(7.79275930921087,8.,2.46376886372322));
#6977=CARTESIAN_POINT('Ctrl Pts',(7.45525531005114,10.,2.5298285484314));
#6978=CARTESIAN_POINT('Ctrl Pts',(7.45525531005114,8.,2.5298285484314));
#6979=CARTESIAN_POINT('',(8.98396662902087,8.,1.26957535743713));
#6980=CARTESIAN_POINT('',(8.98396662902087,10.,1.26957535743713));
#6981=CARTESIAN_POINT('Ctrl Pts',(8.98396662902087,8.,1.26957535743713));
#6982=CARTESIAN_POINT('Ctrl Pts',(8.82205807155808,8.,1.63656769949909));
#6983=CARTESIAN_POINT('Ctrl Pts',(8.51990629941433,8.,2.32144432526166));
#6984=CARTESIAN_POINT('Ctrl Pts',(7.79275930921087,8.,2.46376886372322));
#6985=CARTESIAN_POINT('Ctrl Pts',(7.45525531005114,8.,2.5298285484314));
#6986=CARTESIAN_POINT('Origin',(8.81618193816394,10.,1.20991826057434));
#6987=CARTESIAN_POINT('',(8.81618193816394,8.,1.20991826057434));
#6988=CARTESIAN_POINT('Origin',(2.18860805034637E-7,8.,-0.0149139761924744));
#6989=CARTESIAN_POINT('Ctrl Pts',(11.7953031463549,10.,1.76547288894653));
#6990=CARTESIAN_POINT('Ctrl Pts',(11.7953031463549,8.,1.76547288894653));
#6991=CARTESIAN_POINT('Ctrl Pts',(11.8044517683789,10.,1.68582443624191));
#6992=CARTESIAN_POINT('Ctrl Pts',(11.8044517683789,8.,1.68582443624191));
#6993=CARTESIAN_POINT('Ctrl Pts',(11.8261475145569,10.,1.49693996721344));
#6994=CARTESIAN_POINT('Ctrl Pts',(11.8261475145569,8.,1.49693996721344));
#6995=CARTESIAN_POINT('Ctrl Pts',(11.8822006100002,10.,1.31508751049916));
#6996=CARTESIAN_POINT('Ctrl Pts',(11.8822006100002,8.,1.31508751049916));
#6997=CARTESIAN_POINT('Ctrl Pts',(11.9146173400804,10.,1.20991826057434));
#6998=CARTESIAN_POINT('Ctrl Pts',(11.9146173400804,8.,1.20991826057434));
#6999=CARTESIAN_POINT('',(11.7953031463549,10.,1.76547288894653));
#7000=CARTESIAN_POINT('',(11.9146173400804,10.,1.20991826057434));
#7001=CARTESIAN_POINT('Ctrl Pts',(11.7953031463549,10.,1.76547288894653));
#7002=CARTESIAN_POINT('Ctrl Pts',(11.8044517683789,10.,1.68582443624191));
#7003=CARTESIAN_POINT('Ctrl Pts',(11.8261475145569,10.,1.49693996721344));
#7004=CARTESIAN_POINT('Ctrl Pts',(11.8822006100002,10.,1.31508751049916));
#7005=CARTESIAN_POINT('Ctrl Pts',(11.9146173400804,10.,1.20991826057434));
#7006=CARTESIAN_POINT('',(11.7953031463549,8.,1.76547288894653));
#7007=CARTESIAN_POINT('',(11.7953031463549,10.,1.76547288894653));
#7008=CARTESIAN_POINT('',(11.9146173400804,8.,1.20991826057434));
#7009=CARTESIAN_POINT('Ctrl Pts',(11.7953031463549,8.,1.76547288894653));
#7010=CARTESIAN_POINT('Ctrl Pts',(11.8044517683789,8.,1.68582443624191));
#7011=CARTESIAN_POINT('Ctrl Pts',(11.8261475145569,8.,1.49693996721344));
#7012=CARTESIAN_POINT('Ctrl Pts',(11.8822006100002,8.,1.31508751049916));
#7013=CARTESIAN_POINT('Ctrl Pts',(11.9146173400804,8.,1.20991826057434));
#7014=CARTESIAN_POINT('',(11.9146173400804,10.,1.20991826057434));
#7015=CARTESIAN_POINT('Ctrl Pts',(11.2285583419725,10.,2.0861291885376));
#7016=CARTESIAN_POINT('Ctrl Pts',(11.2285583419725,8.,2.0861291885376));
#7017=CARTESIAN_POINT('Ctrl Pts',(11.3103686920636,10.,2.06378178951568));
#7018=CARTESIAN_POINT('Ctrl Pts',(11.3103686920636,8.,2.06378178951568));
#7019=CARTESIAN_POINT('Ctrl Pts',(11.524388570684,10.,2.00531990027027));
#7020=CARTESIAN_POINT('Ctrl Pts',(11.524388570684,8.,2.00531990027027));
#7021=CARTESIAN_POINT('Ctrl Pts',(11.6918529841747,10.,1.85705973752569));
#7022=CARTESIAN_POINT('Ctrl Pts',(11.6918529841747,8.,1.85705973752569));
#7023=CARTESIAN_POINT('Ctrl Pts',(11.7953031463549,10.,1.76547288894653));
#7024=CARTESIAN_POINT('Ctrl Pts',(11.7953031463549,8.,1.76547288894653));
#7025=CARTESIAN_POINT('',(11.2285583419725,10.,2.0861291885376));
#7026=CARTESIAN_POINT('Ctrl Pts',(11.2285583419725,10.,2.0861291885376));
#7027=CARTESIAN_POINT('Ctrl Pts',(11.3103686920636,10.,2.06378178951568));
#7028=CARTESIAN_POINT('Ctrl Pts',(11.524388570684,10.,2.00531990027027));
#7029=CARTESIAN_POINT('Ctrl Pts',(11.6918529841747,10.,1.85705973752569));
#7030=CARTESIAN_POINT('Ctrl Pts',(11.7953031463549,10.,1.76547288894653));
#7031=CARTESIAN_POINT('',(11.2285583419725,8.,2.0861291885376));
#7032=CARTESIAN_POINT('',(11.2285583419725,10.,2.0861291885376));
#7033=CARTESIAN_POINT('Ctrl Pts',(11.2285583419725,8.,2.0861291885376));
#7034=CARTESIAN_POINT('Ctrl Pts',(11.3103686920636,8.,2.06378178951568));
#7035=CARTESIAN_POINT('Ctrl Pts',(11.524388570684,8.,2.00531990027027));
#7036=CARTESIAN_POINT('Ctrl Pts',(11.6918529841747,8.,1.85705973752569));
#7037=CARTESIAN_POINT('Ctrl Pts',(11.7953031463549,8.,1.76547288894653));
#7038=CARTESIAN_POINT('Ctrl Pts',(11.0756891174242,10.,1.90343022346497));
#7039=CARTESIAN_POINT('Ctrl Pts',(11.0756891174242,8.,1.90343022346497));
#7040=CARTESIAN_POINT('Ctrl Pts',(11.0800454325143,10.,1.95663546588325));
#7041=CARTESIAN_POINT('Ctrl Pts',(11.0800454325143,8.,1.95663546588325));
#7042=CARTESIAN_POINT('Ctrl Pts',(11.0881810689774,10.,2.05599891900576));
#7043=CARTESIAN_POINT('Ctrl Pts',(11.0881810689774,8.,2.05599891900576));
#7044=CARTESIAN_POINT('Ctrl Pts',(11.1840318874598,10.,2.07657212814499));
#7045=CARTESIAN_POINT('Ctrl Pts',(11.1840318874598,8.,2.07657212814499));
#7046=CARTESIAN_POINT('Ctrl Pts',(11.2285583419725,10.,2.0861291885376));
#7047=CARTESIAN_POINT('Ctrl Pts',(11.2285583419725,8.,2.0861291885376));
#7048=CARTESIAN_POINT('',(11.0756891174242,10.,1.90343022346497));
#7049=CARTESIAN_POINT('Ctrl Pts',(11.0756891174242,10.,1.90343022346497));
#7050=CARTESIAN_POINT('Ctrl Pts',(11.0800454325143,10.,1.95663546588325));
#7051=CARTESIAN_POINT('Ctrl Pts',(11.0881810689774,10.,2.05599891900576));
#7052=CARTESIAN_POINT('Ctrl Pts',(11.1840318874598,10.,2.07657212814499));
#7053=CARTESIAN_POINT('Ctrl Pts',(11.2285583419725,10.,2.0861291885376));
#7054=CARTESIAN_POINT('',(11.0756891174242,8.,1.90343022346497));
#7055=CARTESIAN_POINT('',(11.0756891174242,10.,1.90343022346497));
#7056=CARTESIAN_POINT('Ctrl Pts',(11.0756891174242,8.,1.90343022346497));
#7057=CARTESIAN_POINT('Ctrl Pts',(11.0800454325143,8.,1.95663546588325));
#7058=CARTESIAN_POINT('Ctrl Pts',(11.0881810689774,8.,2.05599891900576));
#7059=CARTESIAN_POINT('Ctrl Pts',(11.1840318874598,8.,2.07657212814499));
#7060=CARTESIAN_POINT('Ctrl Pts',(11.2285583419725,8.,2.0861291885376));
#7061=CARTESIAN_POINT('Ctrl Pts',(11.1278884811327,10.,1.62378787994385));
#7062=CARTESIAN_POINT('Ctrl Pts',(11.1278884811327,8.,1.62378787994385));
#7063=CARTESIAN_POINT('Ctrl Pts',(11.1126818288429,10.,1.67217849655629));
#7064=CARTESIAN_POINT('Ctrl Pts',(11.1126818288429,8.,1.67217849655629));
#7065=CARTESIAN_POINT('Ctrl Pts',(11.0840310028201,10.,1.7633511696255));
#7066=CARTESIAN_POINT('Ctrl Pts',(11.0840310028201,8.,1.7633511696255));
#7067=CARTESIAN_POINT('Ctrl Pts',(11.0783533235573,10.,1.858692198828));
#7068=CARTESIAN_POINT('Ctrl Pts',(11.0783533235573,8.,1.858692198828));
#7069=CARTESIAN_POINT('Ctrl Pts',(11.0756891174242,10.,1.90343022346497));
#7070=CARTESIAN_POINT('Ctrl Pts',(11.0756891174242,8.,1.90343022346497));
#7071=CARTESIAN_POINT('',(11.1278884811327,10.,1.62378787994385));
#7072=CARTESIAN_POINT('Ctrl Pts',(11.1278884811327,10.,1.62378787994385));
#7073=CARTESIAN_POINT('Ctrl Pts',(11.1126818288429,10.,1.67217849655629));
#7074=CARTESIAN_POINT('Ctrl Pts',(11.0840310028201,10.,1.7633511696255));
#7075=CARTESIAN_POINT('Ctrl Pts',(11.0783533235573,10.,1.858692198828));
#7076=CARTESIAN_POINT('Ctrl Pts',(11.0756891174242,10.,1.90343022346497));
#7077=CARTESIAN_POINT('',(11.1278884811327,8.,1.62378787994385));
#7078=CARTESIAN_POINT('',(11.1278884811327,10.,1.62378787994385));
#7079=CARTESIAN_POINT('Ctrl Pts',(11.1278884811327,8.,1.62378787994385));
#7080=CARTESIAN_POINT('Ctrl Pts',(11.1126818288429,8.,1.67217849655629));
#7081=CARTESIAN_POINT('Ctrl Pts',(11.0840310028201,8.,1.7633511696255));
#7082=CARTESIAN_POINT('Ctrl Pts',(11.0783533235573,8.,1.858692198828));
#7083=CARTESIAN_POINT('Ctrl Pts',(11.0756891174242,8.,1.90343022346497));
#7084=CARTESIAN_POINT('Origin',(11.7020862502977,10.,-0.151006579399108));
#7085=CARTESIAN_POINT('',(11.7020862502977,10.,-0.151006579399108));
#7086=CARTESIAN_POINT('',(11.1255682763977,10.,1.63095942732583));
#7087=CARTESIAN_POINT('',(11.7020862502977,8.,-0.151006579399108));
#7088=CARTESIAN_POINT('',(11.7020862502977,10.,-0.151006579399108));
#7089=CARTESIAN_POINT('',(11.7020862502977,8.,-0.151006579399108));
#7090=CARTESIAN_POINT('Ctrl Pts',(11.8549602432176,10.,-0.432512760162352));
#7091=CARTESIAN_POINT('Ctrl Pts',(11.8549602432176,8.,-0.432512760162352));
#7092=CARTESIAN_POINT('Ctrl Pts',(11.8245662288756,10.,-0.393763441122529));
#7093=CARTESIAN_POINT('Ctrl Pts',(11.8245662288756,8.,-0.393763441122529));
#7094=CARTESIAN_POINT('Ctrl Pts',(11.7578382574037,10.,-0.308691971906664));
#7095=CARTESIAN_POINT('Ctrl Pts',(11.7578382574037,8.,-0.308691971906664));
#7096=CARTESIAN_POINT('Ctrl Pts',(11.7217413359688,10.,-0.206597760052379));
#7097=CARTESIAN_POINT('Ctrl Pts',(11.7217413359688,8.,-0.206597760052379));
#7098=CARTESIAN_POINT('Ctrl Pts',(11.7020862502977,10.,-0.151006579399108));
#7099=CARTESIAN_POINT('Ctrl Pts',(11.7020862502977,8.,-0.151006579399108));
#7100=CARTESIAN_POINT('',(11.8549602432176,10.,-0.432512760162352));
#7101=CARTESIAN_POINT('Ctrl Pts',(11.8549602432176,10.,-0.432512760162352));
#7102=CARTESIAN_POINT('Ctrl Pts',(11.8245662288756,10.,-0.393763441122529));
#7103=CARTESIAN_POINT('Ctrl Pts',(11.7578382574037,10.,-0.308691971906664));
#7104=CARTESIAN_POINT('Ctrl Pts',(11.7217413359688,10.,-0.206597760052379));
#7105=CARTESIAN_POINT('Ctrl Pts',(11.7020862502977,10.,-0.151006579399108));
#7106=CARTESIAN_POINT('',(11.8549602432176,8.,-0.432512760162352));
#7107=CARTESIAN_POINT('',(11.8549602432176,10.,-0.432512760162352));
#7108=CARTESIAN_POINT('Ctrl Pts',(11.8549602432176,8.,-0.432512760162352));
#7109=CARTESIAN_POINT('Ctrl Pts',(11.8245662288756,8.,-0.393763441122529));
#7110=CARTESIAN_POINT('Ctrl Pts',(11.7578382574037,8.,-0.308691971906664));
#7111=CARTESIAN_POINT('Ctrl Pts',(11.7217413359688,8.,-0.206597760052379));
#7112=CARTESIAN_POINT('Ctrl Pts',(11.7020862502977,8.,-0.151006579399108));
#7113=CARTESIAN_POINT('Ctrl Pts',(12.0749442977831,10.,-0.531319379806517));
#7114=CARTESIAN_POINT('Ctrl Pts',(12.0749442977831,8.,-0.531319379806517));
#7115=CARTESIAN_POINT('Ctrl Pts',(12.0337941971537,10.,-0.526889794423147));
#7116=CARTESIAN_POINT('Ctrl Pts',(12.0337941971537,8.,-0.526889794423147));
#7117=CARTESIAN_POINT('Ctrl Pts',(11.9498523649554,10.,-0.517853910980032));
#7118=CARTESIAN_POINT('Ctrl Pts',(11.9498523649554,8.,-0.517853910980032));
#7119=CARTESIAN_POINT('Ctrl Pts',(11.8870006757653,10.,-0.461328296544514));
#7120=CARTESIAN_POINT('Ctrl Pts',(11.8870006757653,8.,-0.461328296544514));
#7121=CARTESIAN_POINT('Ctrl Pts',(11.8549602432176,10.,-0.432512760162352));
#7122=CARTESIAN_POINT('Ctrl Pts',(11.8549602432176,8.,-0.432512760162352));
#7123=CARTESIAN_POINT('',(12.0749442977831,10.,-0.531319379806517));
#7124=CARTESIAN_POINT('Ctrl Pts',(12.0749442977831,10.,-0.531319379806517));
#7125=CARTESIAN_POINT('Ctrl Pts',(12.0337941971537,10.,-0.526889794423147));
#7126=CARTESIAN_POINT('Ctrl Pts',(11.9498523649554,10.,-0.517853910980032));
#7127=CARTESIAN_POINT('Ctrl Pts',(11.8870006757653,10.,-0.461328296544514));
#7128=CARTESIAN_POINT('Ctrl Pts',(11.8549602432176,10.,-0.432512760162352));
#7129=CARTESIAN_POINT('',(12.0749442977831,8.,-0.531319379806517));
#7130=CARTESIAN_POINT('',(12.0749442977831,10.,-0.531319379806517));
#7131=CARTESIAN_POINT('Ctrl Pts',(12.0749442977831,8.,-0.531319379806517));
#7132=CARTESIAN_POINT('Ctrl Pts',(12.0337941971537,8.,-0.526889794423147));
#7133=CARTESIAN_POINT('Ctrl Pts',(11.9498523649554,8.,-0.517853910980032));
#7134=CARTESIAN_POINT('Ctrl Pts',(11.8870006757653,8.,-0.461328296544514));
#7135=CARTESIAN_POINT('Ctrl Pts',(11.8549602432176,8.,-0.432512760162352));
#7136=CARTESIAN_POINT('Ctrl Pts',(12.4217002792284,10.,-0.363534688949584));
#7137=CARTESIAN_POINT('Ctrl Pts',(12.4217002792284,8.,-0.363534688949584));
#7138=CARTESIAN_POINT('Ctrl Pts',(12.3673986541635,10.,-0.412355823542664));
#7139=CARTESIAN_POINT('Ctrl Pts',(12.3673986541635,8.,-0.412355823542664));
#7140=CARTESIAN_POINT('Ctrl Pts',(12.2674926671617,10.,-0.502178616732488));
#7141=CARTESIAN_POINT('Ctrl Pts',(12.2674926671617,8.,-0.502178616732488));
#7142=CARTESIAN_POINT('Ctrl Pts',(12.1352908338993,10.,-0.522186380565983));
#7143=CARTESIAN_POINT('Ctrl Pts',(12.1352908338993,8.,-0.522186380565983));
#7144=CARTESIAN_POINT('Ctrl Pts',(12.0749442977831,10.,-0.531319379806517));
#7145=CARTESIAN_POINT('Ctrl Pts',(12.0749442977831,8.,-0.531319379806517));
#7146=CARTESIAN_POINT('',(12.4217002792284,10.,-0.363534688949584));
#7147=CARTESIAN_POINT('Ctrl Pts',(12.4217002792284,10.,-0.363534688949584));
#7148=CARTESIAN_POINT('Ctrl Pts',(12.3673986541635,10.,-0.412355823542664));
#7149=CARTESIAN_POINT('Ctrl Pts',(12.2674926671617,10.,-0.502178616732488));
#7150=CARTESIAN_POINT('Ctrl Pts',(12.1352908338993,10.,-0.522186380565983));
#7151=CARTESIAN_POINT('Ctrl Pts',(12.0749442977831,10.,-0.531319379806517));
#7152=CARTESIAN_POINT('',(12.4217002792284,8.,-0.363534688949584));
#7153=CARTESIAN_POINT('',(12.4217002792284,10.,-0.363534688949584));
#7154=CARTESIAN_POINT('Ctrl Pts',(12.4217002792284,8.,-0.363534688949584));
#7155=CARTESIAN_POINT('Ctrl Pts',(12.3673986541635,8.,-0.412355823542664));
#7156=CARTESIAN_POINT('Ctrl Pts',(12.2674926671617,8.,-0.502178616732488));
#7157=CARTESIAN_POINT('Ctrl Pts',(12.1352908338993,8.,-0.522186380565983));
#7158=CARTESIAN_POINT('Ctrl Pts',(12.0749442977831,8.,-0.531319379806517));
#7159=CARTESIAN_POINT('Origin',(11.9146173400804,10.,1.20991826057434));
#7160=CARTESIAN_POINT('',(11.5307223081649,10.,2.40112530707856));
#7161=CARTESIAN_POINT('',(11.9146173400804,8.,1.20991826057434));
#7162=CARTESIAN_POINT('Origin',(12.4738996429369,10.,-0.508948564529418));
#7163=CARTESIAN_POINT('',(12.4738996429369,8.,-0.508948564529418));
#7164=CARTESIAN_POINT('',(12.4738996429369,10.,-0.508948564529418));
#7165=CARTESIAN_POINT('',(12.4962728423998,8.,-0.598434209823607));
#7166=CARTESIAN_POINT('',(12.4738996429369,8.,-0.508948564529418));
#7167=CARTESIAN_POINT('',(12.4962728423998,10.,-0.598434209823607));
#7168=CARTESIAN_POINT('Ctrl Pts',(11.772929946892,10.,-0.714019536972045));
#7169=CARTESIAN_POINT('Ctrl Pts',(11.772929946892,8.,-0.714019536972045));
#7170=CARTESIAN_POINT('Ctrl Pts',(11.9095803700926,10.,-0.708804006383007));
#7171=CARTESIAN_POINT('Ctrl Pts',(11.9095803700926,8.,-0.708804006383007));
#7172=CARTESIAN_POINT('Ctrl Pts',(12.16137186361,10.,-0.699193891714193));
#7173=CARTESIAN_POINT('Ctrl Pts',(12.16137186361,8.,-0.699193891714193));
#7174=CARTESIAN_POINT('Ctrl Pts',(12.3758304428653,10.,-0.568646320340261));
#7175=CARTESIAN_POINT('Ctrl Pts',(12.3758304428653,8.,-0.568646320340261));
#7176=CARTESIAN_POINT('Ctrl Pts',(12.4738996429369,10.,-0.508948564529418));
#7177=CARTESIAN_POINT('Ctrl Pts',(12.4738996429369,8.,-0.508948564529418));
#7178=CARTESIAN_POINT('',(11.772929946892,8.,-0.714019536972045));
#7179=CARTESIAN_POINT('',(11.772929946892,10.,-0.714019536972045));
#7180=CARTESIAN_POINT('Ctrl Pts',(11.772929946892,8.,-0.714019536972045));
#7181=CARTESIAN_POINT('Ctrl Pts',(11.9095803700926,8.,-0.708804006383007));
#7182=CARTESIAN_POINT('Ctrl Pts',(12.16137186361,8.,-0.699193891714193));
#7183=CARTESIAN_POINT('Ctrl Pts',(12.3758304428653,8.,-0.568646320340261));
#7184=CARTESIAN_POINT('Ctrl Pts',(12.4738996429369,8.,-0.508948564529418));
#7185=CARTESIAN_POINT('Ctrl Pts',(10.0577943725511,10.,-0.0410139560699452));
#7186=CARTESIAN_POINT('Ctrl Pts',(10.0577943725511,8.,-0.0410139560699452));
#7187=CARTESIAN_POINT('Ctrl Pts',(10.3178686842557,10.,-0.237282241994997));
#7188=CARTESIAN_POINT('Ctrl Pts',(10.3178686842557,8.,-0.237282241994997));
#7189=CARTESIAN_POINT('Ctrl Pts',(10.8274338627353,10.,-0.621831886640086));
#7190=CARTESIAN_POINT('Ctrl Pts',(10.8274338627353,8.,-0.621831886640086));
#7191=CARTESIAN_POINT('Ctrl Pts',(11.4621589056185,10.,-0.683718774688328));
#7192=CARTESIAN_POINT('Ctrl Pts',(11.4621589056185,8.,-0.683718774688328));
#7193=CARTESIAN_POINT('Ctrl Pts',(11.772929946892,10.,-0.714019536972045));
#7194=CARTESIAN_POINT('Ctrl Pts',(11.772929946892,8.,-0.714019536972045));
#7195=CARTESIAN_POINT('',(10.0577943725511,8.,-0.0410139560699452));
#7196=CARTESIAN_POINT('',(10.0577943725511,10.,-0.0410139560699452));
#7197=CARTESIAN_POINT('Ctrl Pts',(10.0577943725511,8.,-0.0410139560699452));
#7198=CARTESIAN_POINT('Ctrl Pts',(10.3178686842557,8.,-0.237282241994997));
#7199=CARTESIAN_POINT('Ctrl Pts',(10.8274338627353,8.,-0.621831886640086));
#7200=CARTESIAN_POINT('Ctrl Pts',(11.4621589056185,8.,-0.683718774688328));
#7201=CARTESIAN_POINT('Ctrl Pts',(11.772929946892,8.,-0.714019536972045));
#7202=CARTESIAN_POINT('Ctrl Pts',(9.28970984648913,10.,1.45227432250977));
#7203=CARTESIAN_POINT('Ctrl Pts',(9.28970984648913,8.,1.45227432250977));
#7204=CARTESIAN_POINT('Ctrl Pts',(9.32900652301768,10.,1.17884444559303));
#7205=CARTESIAN_POINT('Ctrl Pts',(9.32900652301768,8.,1.17884444559303));
#7206=CARTESIAN_POINT('Ctrl Pts',(9.41283746192075,10.,0.595541089406637));
#7207=CARTESIAN_POINT('Ctrl Pts',(9.41283746192075,8.,0.595541089406637));
#7208=CARTESIAN_POINT('Ctrl Pts',(9.83403684331114,10.,0.179828679854184));
#7209=CARTESIAN_POINT('Ctrl Pts',(9.83403684331114,8.,0.179828679854184));
#7210=CARTESIAN_POINT('Ctrl Pts',(10.0577943725511,10.,-0.0410139560699452));
#7211=CARTESIAN_POINT('Ctrl Pts',(10.0577943725511,8.,-0.0410139560699452));
#7212=CARTESIAN_POINT('',(9.28970984648913,8.,1.45227432250977));
#7213=CARTESIAN_POINT('',(9.28970984648913,10.,1.45227432250977));
#7214=CARTESIAN_POINT('Ctrl Pts',(9.28970984648913,8.,1.45227432250977));
#7215=CARTESIAN_POINT('Ctrl Pts',(9.32900652301768,8.,1.17884444559303));
#7216=CARTESIAN_POINT('Ctrl Pts',(9.41283746192075,8.,0.595541089406637));
#7217=CARTESIAN_POINT('Ctrl Pts',(9.83403684331114,8.,0.179828679854184));
#7218=CARTESIAN_POINT('Ctrl Pts',(10.0577943725511,8.,-0.0410139560699452));
#7219=CARTESIAN_POINT('Ctrl Pts',(9.62900809478015,10.,2.22035765647888));
#7220=CARTESIAN_POINT('Ctrl Pts',(9.62900809478015,8.,2.22035765647888));
#7221=CARTESIAN_POINT('Ctrl Pts',(9.53004762130896,10.,2.11228724442347));
#7222=CARTESIAN_POINT('Ctrl Pts',(9.53004762130896,8.,2.11228724442347));
#7223=CARTESIAN_POINT('Ctrl Pts',(9.33066153566599,10.,1.89454640631171));
#7224=CARTESIAN_POINT('Ctrl Pts',(9.33066153566599,8.,1.89454640631171));
#7225=CARTESIAN_POINT('Ctrl Pts',(9.30342711797997,10.,1.6004187914749));
#7226=CARTESIAN_POINT('Ctrl Pts',(9.30342711797997,8.,1.6004187914749));
#7227=CARTESIAN_POINT('Ctrl Pts',(9.28970984648913,10.,1.45227432250977));
#7228=CARTESIAN_POINT('Ctrl Pts',(9.28970984648913,8.,1.45227432250977));
#7229=CARTESIAN_POINT('',(9.62900809478015,8.,2.22035765647888));
#7230=CARTESIAN_POINT('',(9.62900809478015,10.,2.22035765647888));
#7231=CARTESIAN_POINT('Ctrl Pts',(9.62900809478015,8.,2.22035765647888));
#7232=CARTESIAN_POINT('Ctrl Pts',(9.53004762130896,8.,2.11228724442347));
#7233=CARTESIAN_POINT('Ctrl Pts',(9.33066153566599,8.,1.89454640631171));
#7234=CARTESIAN_POINT('Ctrl Pts',(9.30342711797997,8.,1.6004187914749));
#7235=CARTESIAN_POINT('Ctrl Pts',(9.28970984648913,8.,1.45227432250977));
#7236=CARTESIAN_POINT('Ctrl Pts',(10.4940336151049,10.,2.5223708152771));
#7237=CARTESIAN_POINT('Ctrl Pts',(10.4940336151049,8.,2.5223708152771));
#7238=CARTESIAN_POINT('Ctrl Pts',(10.329054902016,10.,2.5119418827825));
#7239=CARTESIAN_POINT('Ctrl Pts',(10.329054902016,8.,2.5119418827825));
#7240=CARTESIAN_POINT('Ctrl Pts',(10.0118732369513,10.,2.49189162228797));
#7241=CARTESIAN_POINT('Ctrl Pts',(10.0118732369513,8.,2.49189162228797));
#7242=CARTESIAN_POINT('Ctrl Pts',(9.75315618726452,10.,2.30840543149634));
#7243=CARTESIAN_POINT('Ctrl Pts',(9.75315618726452,8.,2.30840543149634));
#7244=CARTESIAN_POINT('Ctrl Pts',(9.62900809478015,10.,2.22035765647888));
#7245=CARTESIAN_POINT('Ctrl Pts',(9.62900809478015,8.,2.22035765647888));
#7246=CARTESIAN_POINT('',(10.4940336151049,8.,2.5223708152771));
#7247=CARTESIAN_POINT('',(10.4940336151049,10.,2.5223708152771));
#7248=CARTESIAN_POINT('Ctrl Pts',(10.4940336151049,8.,2.5223708152771));
#7249=CARTESIAN_POINT('Ctrl Pts',(10.329054902016,8.,2.5119418827825));
#7250=CARTESIAN_POINT('Ctrl Pts',(10.0118732369513,8.,2.49189162228797));
#7251=CARTESIAN_POINT('Ctrl Pts',(9.75315618726452,8.,2.30840543149634));
#7252=CARTESIAN_POINT('Ctrl Pts',(9.62900809478015,8.,2.22035765647888));
#7253=CARTESIAN_POINT('Ctrl Pts',(11.8325870437548,10.,1.93325877189636));
#7254=CARTESIAN_POINT('Ctrl Pts',(11.8325870437548,8.,1.93325877189636));
#7255=CARTESIAN_POINT('Ctrl Pts',(11.6283606258632,10.,2.10496542759097));
#7256=CARTESIAN_POINT('Ctrl Pts',(11.6283606258632,8.,2.10496542759097));
#7257=CARTESIAN_POINT('Ctrl Pts',(11.2385217513931,10.,2.43272875070119));
#7258=CARTESIAN_POINT('Ctrl Pts',(11.2385217513931,8.,2.43272875070119));
#7259=CARTESIAN_POINT('Ctrl Pts',(10.7341690782,10.,2.49345666924777));
#7260=CARTESIAN_POINT('Ctrl Pts',(10.7341690782,8.,2.49345666924777));
#7261=CARTESIAN_POINT('Ctrl Pts',(10.4940336151049,10.,2.5223708152771));
#7262=CARTESIAN_POINT('Ctrl Pts',(10.4940336151049,8.,2.5223708152771));
#7263=CARTESIAN_POINT('',(11.8325870437548,8.,1.93325877189636));
#7264=CARTESIAN_POINT('',(11.8325870437548,10.,1.93325877189636));
#7265=CARTESIAN_POINT('Ctrl Pts',(11.8325870437548,8.,1.93325877189636));
#7266=CARTESIAN_POINT('Ctrl Pts',(11.6283606258632,8.,2.10496542759097));
#7267=CARTESIAN_POINT('Ctrl Pts',(11.2385217513931,8.,2.43272875070119));
#7268=CARTESIAN_POINT('Ctrl Pts',(10.7341690782,8.,2.49345666924777));
#7269=CARTESIAN_POINT('Ctrl Pts',(10.4940336151049,8.,2.5223708152771));
#7270=CARTESIAN_POINT('Ctrl Pts',(12.1961229247972,10.,2.36204266548157));
#7271=CARTESIAN_POINT('Ctrl Pts',(12.1961229247972,8.,2.36204266548157));
#7272=CARTESIAN_POINT('Ctrl Pts',(12.1156014019806,10.,2.3049918512184));
#7273=CARTESIAN_POINT('Ctrl Pts',(12.1156014019806,8.,2.3049918512184));
#7274=CARTESIAN_POINT('Ctrl Pts',(11.95761772235,10.,2.19305783348073));
#7275=CARTESIAN_POINT('Ctrl Pts',(11.95761772235,8.,2.19305783348073));
#7276=CARTESIAN_POINT('Ctrl Pts',(11.8737223901179,10.,2.01873318908069));
#7277=CARTESIAN_POINT('Ctrl Pts',(11.8737223901179,8.,2.01873318908069));
#7278=CARTESIAN_POINT('Ctrl Pts',(11.8325870437548,10.,1.93325877189636));
#7279=CARTESIAN_POINT('Ctrl Pts',(11.8325870437548,8.,1.93325877189636));
#7280=CARTESIAN_POINT('',(12.1961229247972,8.,2.36204266548157));
#7281=CARTESIAN_POINT('',(12.1961229247972,10.,2.36204266548157));
#7282=CARTESIAN_POINT('Ctrl Pts',(12.1961229247972,8.,2.36204266548157));
#7283=CARTESIAN_POINT('Ctrl Pts',(12.1156014019806,8.,2.3049918512184));
#7284=CARTESIAN_POINT('Ctrl Pts',(11.95761772235,8.,2.19305783348073));
#7285=CARTESIAN_POINT('Ctrl Pts',(11.8737223901179,8.,2.01873318908069));
#7286=CARTESIAN_POINT('Ctrl Pts',(11.8325870437548,8.,1.93325877189636));
#7287=CARTESIAN_POINT('Ctrl Pts',(12.7871005935594,10.,2.5223708152771));
#7288=CARTESIAN_POINT('Ctrl Pts',(12.7871005935594,8.,2.5223708152771));
#7289=CARTESIAN_POINT('Ctrl Pts',(12.6812104732047,10.,2.51615160785293));
#7290=CARTESIAN_POINT('Ctrl Pts',(12.6812104732047,8.,2.51615160785293));
#7291=CARTESIAN_POINT('Ctrl Pts',(12.4729334118387,10.,2.50391894401243));
#7292=CARTESIAN_POINT('Ctrl Pts',(12.4729334118387,8.,2.50391894401243));
#7293=CARTESIAN_POINT('Ctrl Pts',(12.2873526095728,10.,2.408801472584));
#7294=CARTESIAN_POINT('Ctrl Pts',(12.2873526095728,8.,2.408801472584));
#7295=CARTESIAN_POINT('Ctrl Pts',(12.1961229247972,10.,2.36204266548157));
#7296=CARTESIAN_POINT('Ctrl Pts',(12.1961229247972,8.,2.36204266548157));
#7297=CARTESIAN_POINT('',(12.7871005935594,8.,2.5223708152771));
#7298=CARTESIAN_POINT('',(12.7871005935594,10.,2.5223708152771));
#7299=CARTESIAN_POINT('Ctrl Pts',(12.7871005935594,8.,2.5223708152771));
#7300=CARTESIAN_POINT('Ctrl Pts',(12.6812104732047,8.,2.51615160785293));
#7301=CARTESIAN_POINT('Ctrl Pts',(12.4729334118387,8.,2.50391894401243));
#7302=CARTESIAN_POINT('Ctrl Pts',(12.2873526095728,8.,2.408801472584));
#7303=CARTESIAN_POINT('Ctrl Pts',(12.1961229247972,8.,2.36204266548157));
#7304=CARTESIAN_POINT('Ctrl Pts',(14.2375104827806,10.,1.38516068458557));
#7305=CARTESIAN_POINT('Ctrl Pts',(14.2375104827806,8.,1.38516068458557));
#7306=CARTESIAN_POINT('Ctrl Pts',(14.0746016448739,10.,1.71634222212791));
#7307=CARTESIAN_POINT('Ctrl Pts',(14.0746016448739,8.,1.71634222212791));
#7308=CARTESIAN_POINT('Ctrl Pts',(13.7702063352921,10.,2.33515522173724));
#7309=CARTESIAN_POINT('Ctrl Pts',(13.7702063352921,8.,2.33515522173724));
#7310=CARTESIAN_POINT('Ctrl Pts',(13.0990580866176,10.,2.46296387180919));
#7311=CARTESIAN_POINT('Ctrl Pts',(13.0990580866176,8.,2.46296387180919));
#7312=CARTESIAN_POINT('Ctrl Pts',(12.7871005935594,10.,2.5223708152771));
#7313=CARTESIAN_POINT('Ctrl Pts',(12.7871005935594,8.,2.5223708152771));
#7314=CARTESIAN_POINT('',(14.2375104827806,8.,1.38516068458557));
#7315=CARTESIAN_POINT('',(14.2375104827806,10.,1.38516068458557));
#7316=CARTESIAN_POINT('Ctrl Pts',(14.2375104827806,8.,1.38516068458557));
#7317=CARTESIAN_POINT('Ctrl Pts',(14.0746016448739,8.,1.71634222212791));
#7318=CARTESIAN_POINT('Ctrl Pts',(13.7702063352921,8.,2.33515522173724));
#7319=CARTESIAN_POINT('Ctrl Pts',(13.0990580866176,8.,2.46296387180919));
#7320=CARTESIAN_POINT('Ctrl Pts',(12.7871005935594,8.,2.5223708152771));
#7321=CARTESIAN_POINT('Origin',(14.092094223015,10.,1.31804585456848));
#7322=CARTESIAN_POINT('',(14.092094223015,8.,1.31804585456848));
#7323=CARTESIAN_POINT('',(14.092094223015,10.,1.31804585456848));
#7324=CARTESIAN_POINT('',(14.092094223015,8.,1.31804585456848));
#7325=CARTESIAN_POINT('Ctrl Pts',(13.8087242050096,10.,1.82326674461365));
#7326=CARTESIAN_POINT('Ctrl Pts',(13.8087242050096,8.,1.82326674461365));
#7327=CARTESIAN_POINT('Ctrl Pts',(13.8612967440927,10.,1.74607265563165));
#7328=CARTESIAN_POINT('Ctrl Pts',(13.8612967440927,8.,1.74607265563165));
#7329=CARTESIAN_POINT('Ctrl Pts',(13.9703763828384,10.,1.58590722542161));
#7330=CARTESIAN_POINT('Ctrl Pts',(13.9703763828384,8.,1.58590722542161));
#7331=CARTESIAN_POINT('Ctrl Pts',(14.0505575505031,10.,1.40945455869585));
#7332=CARTESIAN_POINT('Ctrl Pts',(14.0505575505031,8.,1.40945455869585));
#7333=CARTESIAN_POINT('Ctrl Pts',(14.092094223015,10.,1.31804585456848));
#7334=CARTESIAN_POINT('Ctrl Pts',(14.092094223015,8.,1.31804585456848));
#7335=CARTESIAN_POINT('',(13.8087242050096,8.,1.82326674461365));
#7336=CARTESIAN_POINT('',(13.8087242050096,10.,1.82326674461365));
#7337=CARTESIAN_POINT('Ctrl Pts',(13.8087242050096,8.,1.82326674461365));
#7338=CARTESIAN_POINT('Ctrl Pts',(13.8612967440927,8.,1.74607265563165));
#7339=CARTESIAN_POINT('Ctrl Pts',(13.9703763828384,8.,1.58590722542161));
#7340=CARTESIAN_POINT('Ctrl Pts',(14.0505575505031,8.,1.40945455869585));
#7341=CARTESIAN_POINT('Ctrl Pts',(14.092094223015,8.,1.31804585456848));
#7342=CARTESIAN_POINT('Ctrl Pts',(13.5663669509813,10.,2.0413875579834));
#7343=CARTESIAN_POINT('Ctrl Pts',(13.5663669509813,8.,2.0413875579834));
#7344=CARTESIAN_POINT('Ctrl Pts',(13.6017671864159,10.,2.02511940006976));
#7345=CARTESIAN_POINT('Ctrl Pts',(13.6017671864159,8.,2.02511940006976));
#7346=CARTESIAN_POINT('Ctrl Pts',(13.7034193239347,10.,1.97840521850824));
#7347=CARTESIAN_POINT('Ctrl Pts',(13.7034193239347,8.,1.97840521850824));
#7348=CARTESIAN_POINT('Ctrl Pts',(13.7671728004904,10.,1.88448158498469));
#7349=CARTESIAN_POINT('Ctrl Pts',(13.7671728004904,8.,1.88448158498469));
#7350=CARTESIAN_POINT('Ctrl Pts',(13.8087242050096,10.,1.82326674461365));
#7351=CARTESIAN_POINT('Ctrl Pts',(13.8087242050096,8.,1.82326674461365));
#7352=CARTESIAN_POINT('',(13.5663669509813,8.,2.0413875579834));
#7353=CARTESIAN_POINT('',(13.5663669509813,10.,2.0413875579834));
#7354=CARTESIAN_POINT('Ctrl Pts',(13.5663669509813,8.,2.0413875579834));
#7355=CARTESIAN_POINT('Ctrl Pts',(13.6017671864159,8.,2.02511940006976));
#7356=CARTESIAN_POINT('Ctrl Pts',(13.7034193239347,8.,1.97840521850824));
#7357=CARTESIAN_POINT('Ctrl Pts',(13.7671728004904,8.,1.88448158498469));
#7358=CARTESIAN_POINT('Ctrl Pts',(13.8087242050096,8.,1.82326674461365));
#7359=CARTESIAN_POINT('Ctrl Pts',(13.4992521209642,10.,2.00969457626343));
#7360=CARTESIAN_POINT('Ctrl Pts',(13.4992521209642,8.,2.00969457626343));
#7361=CARTESIAN_POINT('Ctrl Pts',(13.5098517797624,10.,2.01891632241348));
#7362=CARTESIAN_POINT('Ctrl Pts',(13.5098517797624,8.,2.01891632241348));
#7363=CARTESIAN_POINT('Ctrl Pts',(13.5293387509967,10.,2.03587006643284));
#7364=CARTESIAN_POINT('Ctrl Pts',(13.5293387509967,8.,2.03587006643284));
#7365=CARTESIAN_POINT('Ctrl Pts',(13.5547690834886,10.,2.03965938497141));
#7366=CARTESIAN_POINT('Ctrl Pts',(13.5547690834886,8.,2.03965938497141));
#7367=CARTESIAN_POINT('Ctrl Pts',(13.5663669509813,10.,2.0413875579834));
#7368=CARTESIAN_POINT('Ctrl Pts',(13.5663669509813,8.,2.0413875579834));
#7369=CARTESIAN_POINT('',(13.4992521209642,8.,2.00969457626343));
#7370=CARTESIAN_POINT('',(13.4992521209642,10.,2.00969457626343));
#7371=CARTESIAN_POINT('Ctrl Pts',(13.4992521209642,8.,2.00969457626343));
#7372=CARTESIAN_POINT('Ctrl Pts',(13.5098517797624,8.,2.01891632241348));
#7373=CARTESIAN_POINT('Ctrl Pts',(13.5293387509967,8.,2.03587006643284));
#7374=CARTESIAN_POINT('Ctrl Pts',(13.5547690834886,8.,2.03965938497141));
#7375=CARTESIAN_POINT('Ctrl Pts',(13.5663669509813,8.,2.0413875579834));
#7376=CARTESIAN_POINT('Ctrl Pts',(13.4656970901415,10.,1.94071531295776));
#7377=CARTESIAN_POINT('Ctrl Pts',(13.4656970901415,8.,1.94071531295776));
#7378=CARTESIAN_POINT('Ctrl Pts',(13.467402513416,10.,1.95319119321175));
#7379=CARTESIAN_POINT('Ctrl Pts',(13.467402513416,8.,1.95319119321175));
#7380=CARTESIAN_POINT('Ctrl Pts',(13.4710317436959,10.,1.9797405215015));
#7381=CARTESIAN_POINT('Ctrl Pts',(13.4710317436959,8.,1.9797405215015));
#7382=CARTESIAN_POINT('Ctrl Pts',(13.4894753885752,10.,1.99931722465717));
#7383=CARTESIAN_POINT('Ctrl Pts',(13.4894753885752,8.,1.99931722465717));
#7384=CARTESIAN_POINT('Ctrl Pts',(13.4992521209642,10.,2.00969457626343));
#7385=CARTESIAN_POINT('Ctrl Pts',(13.4992521209642,8.,2.00969457626343));
#7386=CARTESIAN_POINT('',(13.4656970901415,8.,1.94071531295776));
#7387=CARTESIAN_POINT('',(13.4656970901415,10.,1.94071531295776));
#7388=CARTESIAN_POINT('Ctrl Pts',(13.4656970901415,8.,1.94071531295776));
#7389=CARTESIAN_POINT('Ctrl Pts',(13.467402513416,8.,1.95319119321175));
#7390=CARTESIAN_POINT('Ctrl Pts',(13.4710317436959,8.,1.9797405215015));
#7391=CARTESIAN_POINT('Ctrl Pts',(13.4894753885752,8.,1.99931722465717));
#7392=CARTESIAN_POINT('Ctrl Pts',(13.4992521209642,8.,2.00969457626343));
#7393=CARTESIAN_POINT('Ctrl Pts',(13.5234897537157,10.,1.70581698417664));
#7394=CARTESIAN_POINT('Ctrl Pts',(13.5234897537157,8.,1.70581698417664));
#7395=CARTESIAN_POINT('Ctrl Pts',(13.506962883373,10.,1.75287990459621));
#7396=CARTESIAN_POINT('Ctrl Pts',(13.506962883373,8.,1.75287990459621));
#7397=CARTESIAN_POINT('Ctrl Pts',(13.4800796896402,10.,1.82943412091425));
#7398=CARTESIAN_POINT('Ctrl Pts',(13.4800796896402,8.,1.82943412091425));
#7399=CARTESIAN_POINT('Ctrl Pts',(13.4696968963449,10.,1.90976797257631));
#7400=CARTESIAN_POINT('Ctrl Pts',(13.4696968963449,8.,1.90976797257631));
#7401=CARTESIAN_POINT('Ctrl Pts',(13.4656970901415,10.,1.94071531295776));
#7402=CARTESIAN_POINT('Ctrl Pts',(13.4656970901415,8.,1.94071531295776));
#7403=CARTESIAN_POINT('',(13.5234897537157,8.,1.70581698417664));
#7404=CARTESIAN_POINT('',(13.5234897537157,10.,1.70581698417664));
#7405=CARTESIAN_POINT('Ctrl Pts',(13.5234897537157,8.,1.70581698417664));
#7406=CARTESIAN_POINT('Ctrl Pts',(13.506962883373,8.,1.75287990459621));
#7407=CARTESIAN_POINT('Ctrl Pts',(13.4800796896402,8.,1.82943412091425));
#7408=CARTESIAN_POINT('Ctrl Pts',(13.4696968963449,8.,1.90976797257631));
#7409=CARTESIAN_POINT('Ctrl Pts',(13.4656970901415,8.,1.94071531295776));
#7410=CARTESIAN_POINT('Ctrl Pts',(14.2747943801805,10.,-0.598434209823607));
#7411=CARTESIAN_POINT('Ctrl Pts',(14.2747943801805,8.,-0.598434209823607));
#7412=CARTESIAN_POINT('Ctrl Pts',(14.0971787872583,10.,-0.0501467152999557));
#7413=CARTESIAN_POINT('Ctrl Pts',(14.0971787872583,8.,-0.0501467152999557));
#7414=CARTESIAN_POINT('Ctrl Pts',(13.8482062715424,10.,0.71841484284429));
#7415=CARTESIAN_POINT('Ctrl Pts',(13.8482062715424,8.,0.71841484284429));
#7416=CARTESIAN_POINT('Ctrl Pts',(13.5958239469143,10.,1.48586224416558));
#7417=CARTESIAN_POINT('Ctrl Pts',(13.5958239469143,8.,1.48586224416558));
#7418=CARTESIAN_POINT('Ctrl Pts',(13.5234897537157,10.,1.70581698417664));
#7419=CARTESIAN_POINT('Ctrl Pts',(13.5234897537157,8.,1.70581698417664));
#7420=CARTESIAN_POINT('',(14.2747943801805,8.,-0.598434209823607));
#7421=CARTESIAN_POINT('',(14.2747943801805,10.,-0.598434209823607));
#7422=CARTESIAN_POINT('Ctrl Pts',(14.2747943801805,8.,-0.598434209823607));
#7423=CARTESIAN_POINT('Ctrl Pts',(14.0971787872583,8.,-0.0501467152999557));
#7424=CARTESIAN_POINT('Ctrl Pts',(13.8482062715424,8.,0.71841484284429));
#7425=CARTESIAN_POINT('Ctrl Pts',(13.5958239469143,8.,1.48586224416558));
#7426=CARTESIAN_POINT('Ctrl Pts',(13.5234897537157,8.,1.70581698417664));
#7427=CARTESIAN_POINT('Origin',(12.4962728423998,10.,-0.598434209823607));
#7428=CARTESIAN_POINT('',(12.4962728423998,8.,-0.598434209823607));
#7429=CARTESIAN_POINT('Origin',(2.18860805034637E-7,8.,-0.0149139761924744));
#7430=CARTESIAN_POINT('Ctrl Pts',(-1.33295841980726,10.,1.76547288894653));
#7431=CARTESIAN_POINT('Ctrl Pts',(-1.33295841980726,8.,1.76547288894653));
#7432=CARTESIAN_POINT('Ctrl Pts',(-1.32380968611962,10.,1.68582446651323));
#7433=CARTESIAN_POINT('Ctrl Pts',(-1.32380968611962,8.,1.68582446651323));
#7434=CARTESIAN_POINT('Ctrl Pts',(-1.30211369880282,10.,1.49694027533261));
#7435=CARTESIAN_POINT('Ctrl Pts',(-1.30211369880282,8.,1.49694027533261));
#7436=CARTESIAN_POINT('Ctrl Pts',(-1.24606232113544,10.,1.31508757039547));
#7437=CARTESIAN_POINT('Ctrl Pts',(-1.24606232113544,8.,1.31508757039547));
#7438=CARTESIAN_POINT('Ctrl Pts',(-1.21364661026746,10.,1.20991826057434));
#7439=CARTESIAN_POINT('Ctrl Pts',(-1.21364661026746,8.,1.20991826057434));
#7440=CARTESIAN_POINT('',(-1.33295841980726,10.,1.76547288894653));
#7441=CARTESIAN_POINT('',(-1.21364661026746,10.,1.20991826057434));
#7442=CARTESIAN_POINT('Ctrl Pts',(-1.33295841980726,10.,1.76547288894653));
#7443=CARTESIAN_POINT('Ctrl Pts',(-1.32380968611962,10.,1.68582446651323));
#7444=CARTESIAN_POINT('Ctrl Pts',(-1.30211369880282,10.,1.49694027533261));
#7445=CARTESIAN_POINT('Ctrl Pts',(-1.24606232113544,10.,1.31508757039547));
#7446=CARTESIAN_POINT('Ctrl Pts',(-1.21364661026746,10.,1.20991826057434));
#7447=CARTESIAN_POINT('',(-1.33295841980726,8.,1.76547288894653));
#7448=CARTESIAN_POINT('',(-1.33295841980726,10.,1.76547288894653));
#7449=CARTESIAN_POINT('',(-1.21364661026746,8.,1.20991826057434));
#7450=CARTESIAN_POINT('Ctrl Pts',(-1.33295841980726,8.,1.76547288894653));
#7451=CARTESIAN_POINT('Ctrl Pts',(-1.32380968611962,8.,1.68582446651323));
#7452=CARTESIAN_POINT('Ctrl Pts',(-1.30211369880282,8.,1.49694027533261));
#7453=CARTESIAN_POINT('Ctrl Pts',(-1.24606232113544,8.,1.31508757039547));
#7454=CARTESIAN_POINT('Ctrl Pts',(-1.21364661026746,8.,1.20991826057434));
#7455=CARTESIAN_POINT('',(-1.21364661026746,10.,1.20991826057434));
#7456=CARTESIAN_POINT('Ctrl Pts',(-1.89970084000379,10.,2.0861291885376));
#7457=CARTESIAN_POINT('Ctrl Pts',(-1.89970084000379,8.,2.0861291885376));
#7458=CARTESIAN_POINT('Ctrl Pts',(-1.81789133297879,10.,2.06378168013881));
#7459=CARTESIAN_POINT('Ctrl Pts',(-1.81789133297879,8.,2.06378168013881));
#7460=CARTESIAN_POINT('Ctrl Pts',(-1.60387247288285,10.,2.00531918051722));
#7461=CARTESIAN_POINT('Ctrl Pts',(-1.60387247288285,8.,2.00531918051722));
#7462=CARTESIAN_POINT('Ctrl Pts',(-1.43640860189189,10.,1.85705965697731));
#7463=CARTESIAN_POINT('Ctrl Pts',(-1.43640860189189,8.,1.85705965697731));
#7464=CARTESIAN_POINT('Ctrl Pts',(-1.33295841980726,10.,1.76547288894653));
#7465=CARTESIAN_POINT('Ctrl Pts',(-1.33295841980726,8.,1.76547288894653));
#7466=CARTESIAN_POINT('',(-1.89970084000379,10.,2.0861291885376));
#7467=CARTESIAN_POINT('Ctrl Pts',(-1.89970084000379,10.,2.0861291885376));
#7468=CARTESIAN_POINT('Ctrl Pts',(-1.81789133297879,10.,2.06378168013881));
#7469=CARTESIAN_POINT('Ctrl Pts',(-1.60387247288285,10.,2.00531918051722));
#7470=CARTESIAN_POINT('Ctrl Pts',(-1.43640860189189,10.,1.85705965697731));
#7471=CARTESIAN_POINT('Ctrl Pts',(-1.33295841980726,10.,1.76547288894653));
#7472=CARTESIAN_POINT('',(-1.89970084000379,8.,2.0861291885376));
#7473=CARTESIAN_POINT('',(-1.89970084000379,10.,2.0861291885376));
#7474=CARTESIAN_POINT('Ctrl Pts',(-1.89970084000379,8.,2.0861291885376));
#7475=CARTESIAN_POINT('Ctrl Pts',(-1.81789133297879,8.,2.06378168013881));
#7476=CARTESIAN_POINT('Ctrl Pts',(-1.60387247288285,8.,2.00531918051722));
#7477=CARTESIAN_POINT('Ctrl Pts',(-1.43640860189189,8.,1.85705965697731));
#7478=CARTESIAN_POINT('Ctrl Pts',(-1.33295841980726,8.,1.76547288894653));
#7479=CARTESIAN_POINT('Ctrl Pts',(-2.05257244873792,10.,1.90343022346497));
#7480=CARTESIAN_POINT('Ctrl Pts',(-2.05257244873792,8.,1.90343022346497));
#7481=CARTESIAN_POINT('Ctrl Pts',(-2.04821609734752,10.,1.95663548742375));
#7482=CARTESIAN_POINT('Ctrl Pts',(-2.04821609734752,8.,1.95663548742375));
#7483=CARTESIAN_POINT('Ctrl Pts',(-2.04008032526376,10.,2.05599980917671));
#7484=CARTESIAN_POINT('Ctrl Pts',(-2.04008032526376,8.,2.05599980917671));
#7485=CARTESIAN_POINT('Ctrl Pts',(-1.94422828840003,10.,2.07657234779112));
#7486=CARTESIAN_POINT('Ctrl Pts',(-1.94422828840003,8.,2.07657234779112));
#7487=CARTESIAN_POINT('Ctrl Pts',(-1.89970084000379,10.,2.0861291885376));
#7488=CARTESIAN_POINT('Ctrl Pts',(-1.89970084000379,8.,2.0861291885376));
#7489=CARTESIAN_POINT('',(-2.05257244873792,10.,1.90343022346497));
#7490=CARTESIAN_POINT('Ctrl Pts',(-2.05257244873792,10.,1.90343022346497));
#7491=CARTESIAN_POINT('Ctrl Pts',(-2.04821609734752,10.,1.95663548742375));
#7492=CARTESIAN_POINT('Ctrl Pts',(-2.04008032526376,10.,2.05599980917671));
#7493=CARTESIAN_POINT('Ctrl Pts',(-1.94422828840003,10.,2.07657234779112));
#7494=CARTESIAN_POINT('Ctrl Pts',(-1.89970084000379,10.,2.0861291885376));
#7495=CARTESIAN_POINT('',(-2.05257244873792,8.,1.90343022346497));
#7496=CARTESIAN_POINT('',(-2.05257244873792,10.,1.90343022346497));
#7497=CARTESIAN_POINT('Ctrl Pts',(-2.05257244873792,8.,1.90343022346497));
#7498=CARTESIAN_POINT('Ctrl Pts',(-2.04821609734752,8.,1.95663548742375));
#7499=CARTESIAN_POINT('Ctrl Pts',(-2.04008032526376,8.,2.05599980917671));
#7500=CARTESIAN_POINT('Ctrl Pts',(-1.94422828840003,8.,2.07657234779112));
#7501=CARTESIAN_POINT('Ctrl Pts',(-1.89970084000379,8.,2.0861291885376));
#7502=CARTESIAN_POINT('Ctrl Pts',(-2.00037308502942,10.,1.62378787994385));
#7503=CARTESIAN_POINT('Ctrl Pts',(-2.00037308502942,8.,1.62378787994385));
#7504=CARTESIAN_POINT('Ctrl Pts',(-2.01557973731925,10.,1.67217849655629));
#7505=CARTESIAN_POINT('Ctrl Pts',(-2.01557973731925,8.,1.67217849655629));
#7506=CARTESIAN_POINT('Ctrl Pts',(-2.04423056334202,10.,1.7633511696255));
#7507=CARTESIAN_POINT('Ctrl Pts',(-2.04423056334202,8.,1.7633511696255));
#7508=CARTESIAN_POINT('Ctrl Pts',(-2.04990824260479,10.,1.858692198828));
#7509=CARTESIAN_POINT('Ctrl Pts',(-2.04990824260479,8.,1.858692198828));
#7510=CARTESIAN_POINT('Ctrl Pts',(-2.05257244873792,10.,1.90343022346497));
#7511=CARTESIAN_POINT('Ctrl Pts',(-2.05257244873792,8.,1.90343022346497));
#7512=CARTESIAN_POINT('',(-2.00037308502942,10.,1.62378787994385));
#7513=CARTESIAN_POINT('Ctrl Pts',(-2.00037308502942,10.,1.62378787994385));
#7514=CARTESIAN_POINT('Ctrl Pts',(-2.01557973731925,10.,1.67217849655629));
#7515=CARTESIAN_POINT('Ctrl Pts',(-2.04423056334202,10.,1.7633511696255));
#7516=CARTESIAN_POINT('Ctrl Pts',(-2.04990824260479,10.,1.858692198828));
#7517=CARTESIAN_POINT('Ctrl Pts',(-2.05257244873792,10.,1.90343022346497));
#7518=CARTESIAN_POINT('',(-2.00037308502942,8.,1.62378787994385));
#7519=CARTESIAN_POINT('',(-2.00037308502942,10.,1.62378787994385));
#7520=CARTESIAN_POINT('Ctrl Pts',(-2.00037308502942,8.,1.62378787994385));
#7521=CARTESIAN_POINT('Ctrl Pts',(-2.01557973731925,8.,1.67217849655629));
#7522=CARTESIAN_POINT('Ctrl Pts',(-2.04423056334202,8.,1.7633511696255));
#7523=CARTESIAN_POINT('Ctrl Pts',(-2.04990824260479,8.,1.858692198828));
#7524=CARTESIAN_POINT('Ctrl Pts',(-2.05257244873792,8.,1.90343022346497));
#7525=CARTESIAN_POINT('Origin',(-1.42617531586438,10.,-0.151006579399109));
#7526=CARTESIAN_POINT('',(-1.42617531586438,10.,-0.151006579399109));
#7527=CARTESIAN_POINT('',(-1.38072091140401,10.,-0.291502118603852));
#7528=CARTESIAN_POINT('',(-1.42617531586438,8.,-0.151006579399109));
#7529=CARTESIAN_POINT('',(-1.42617531586438,10.,-0.151006579399109));
#7530=CARTESIAN_POINT('',(-1.42617531586438,8.,-0.151006579399109));
#7531=CARTESIAN_POINT('Ctrl Pts',(-1.27330132294446,10.,-0.432512760162354));
#7532=CARTESIAN_POINT('Ctrl Pts',(-1.27330132294446,8.,-0.432512760162354));
#7533=CARTESIAN_POINT('Ctrl Pts',(-1.30369533728651,10.,-0.39376344112253));
#7534=CARTESIAN_POINT('Ctrl Pts',(-1.30369533728651,8.,-0.39376344112253));
#7535=CARTESIAN_POINT('Ctrl Pts',(-1.37042330875842,10.,-0.308691971906665));
#7536=CARTESIAN_POINT('Ctrl Pts',(-1.37042330875842,8.,-0.308691971906665));
#7537=CARTESIAN_POINT('Ctrl Pts',(-1.40652023019332,10.,-0.206597760052381));
#7538=CARTESIAN_POINT('Ctrl Pts',(-1.40652023019332,8.,-0.206597760052381));
#7539=CARTESIAN_POINT('Ctrl Pts',(-1.42617531586438,10.,-0.151006579399109));
#7540=CARTESIAN_POINT('Ctrl Pts',(-1.42617531586438,8.,-0.151006579399109));
#7541=CARTESIAN_POINT('',(-1.27330132294446,10.,-0.432512760162354));
#7542=CARTESIAN_POINT('Ctrl Pts',(-1.27330132294446,10.,-0.432512760162354));
#7543=CARTESIAN_POINT('Ctrl Pts',(-1.30369533728651,10.,-0.39376344112253));
#7544=CARTESIAN_POINT('Ctrl Pts',(-1.37042330875842,10.,-0.308691971906665));
#7545=CARTESIAN_POINT('Ctrl Pts',(-1.40652023019332,10.,-0.206597760052381));
#7546=CARTESIAN_POINT('Ctrl Pts',(-1.42617531586438,10.,-0.151006579399109));
#7547=CARTESIAN_POINT('',(-1.27330132294446,8.,-0.432512760162354));
#7548=CARTESIAN_POINT('',(-1.27330132294446,10.,-0.432512760162354));
#7549=CARTESIAN_POINT('Ctrl Pts',(-1.27330132294446,8.,-0.432512760162354));
#7550=CARTESIAN_POINT('Ctrl Pts',(-1.30369533728651,8.,-0.39376344112253));
#7551=CARTESIAN_POINT('Ctrl Pts',(-1.37042330875842,8.,-0.308691971906665));
#7552=CARTESIAN_POINT('Ctrl Pts',(-1.40652023019332,8.,-0.206597760052381));
#7553=CARTESIAN_POINT('Ctrl Pts',(-1.42617531586438,8.,-0.151006579399109));
#7554=CARTESIAN_POINT('Ctrl Pts',(-1.05331726837903,10.,-0.531319379806519));
#7555=CARTESIAN_POINT('Ctrl Pts',(-1.05331726837903,8.,-0.531319379806519));
#7556=CARTESIAN_POINT('Ctrl Pts',(-1.09446736900838,10.,-0.526889794423148));
#7557=CARTESIAN_POINT('Ctrl Pts',(-1.09446736900838,8.,-0.526889794423148));
#7558=CARTESIAN_POINT('Ctrl Pts',(-1.1784092012067,10.,-0.517853910980033));
#7559=CARTESIAN_POINT('Ctrl Pts',(-1.1784092012067,8.,-0.517853910980033));
#7560=CARTESIAN_POINT('Ctrl Pts',(-1.24126089039678,10.,-0.461328296544515));
#7561=CARTESIAN_POINT('Ctrl Pts',(-1.24126089039678,8.,-0.461328296544515));
#7562=CARTESIAN_POINT('Ctrl Pts',(-1.27330132294446,10.,-0.432512760162354));
#7563=CARTESIAN_POINT('Ctrl Pts',(-1.27330132294446,8.,-0.432512760162354));
#7564=CARTESIAN_POINT('',(-1.05331726837903,10.,-0.531319379806519));
#7565=CARTESIAN_POINT('Ctrl Pts',(-1.05331726837903,10.,-0.531319379806519));
#7566=CARTESIAN_POINT('Ctrl Pts',(-1.09446736900838,10.,-0.526889794423148));
#7567=CARTESIAN_POINT('Ctrl Pts',(-1.1784092012067,10.,-0.517853910980033));
#7568=CARTESIAN_POINT('Ctrl Pts',(-1.24126089039678,10.,-0.461328296544515));
#7569=CARTESIAN_POINT('Ctrl Pts',(-1.27330132294446,10.,-0.432512760162354));
#7570=CARTESIAN_POINT('',(-1.05331726837903,8.,-0.531319379806519));
#7571=CARTESIAN_POINT('',(-1.05331726837903,10.,-0.531319379806519));
#7572=CARTESIAN_POINT('Ctrl Pts',(-1.05331726837903,8.,-0.531319379806519));
#7573=CARTESIAN_POINT('Ctrl Pts',(-1.09446736900838,8.,-0.526889794423148));
#7574=CARTESIAN_POINT('Ctrl Pts',(-1.1784092012067,8.,-0.517853910980033));
#7575=CARTESIAN_POINT('Ctrl Pts',(-1.24126089039678,8.,-0.461328296544515));
#7576=CARTESIAN_POINT('Ctrl Pts',(-1.27330132294446,8.,-0.432512760162354));
#7577=CARTESIAN_POINT('Ctrl Pts',(-0.70656128693372,10.,-0.363534688949585));
#7578=CARTESIAN_POINT('Ctrl Pts',(-0.70656128693372,8.,-0.363534688949585));
#7579=CARTESIAN_POINT('Ctrl Pts',(-0.760862911998572,10.,-0.412355823542665));
#7580=CARTESIAN_POINT('Ctrl Pts',(-0.760862911998572,8.,-0.412355823542665));
#7581=CARTESIAN_POINT('Ctrl Pts',(-0.860768899000419,10.,-0.502178616732489));
#7582=CARTESIAN_POINT('Ctrl Pts',(-0.860768899000419,8.,-0.502178616732489));
#7583=CARTESIAN_POINT('Ctrl Pts',(-0.992970732262819,10.,-0.522186380565984));
#7584=CARTESIAN_POINT('Ctrl Pts',(-0.992970732262819,8.,-0.522186380565984));
#7585=CARTESIAN_POINT('Ctrl Pts',(-1.05331726837903,10.,-0.531319379806519));
#7586=CARTESIAN_POINT('Ctrl Pts',(-1.05331726837903,8.,-0.531319379806519));
#7587=CARTESIAN_POINT('',(-0.70656128693372,10.,-0.363534688949585));
#7588=CARTESIAN_POINT('Ctrl Pts',(-0.70656128693372,10.,-0.363534688949585));
#7589=CARTESIAN_POINT('Ctrl Pts',(-0.760862911998572,10.,-0.412355823542665));
#7590=CARTESIAN_POINT('Ctrl Pts',(-0.860768899000419,10.,-0.502178616732489));
#7591=CARTESIAN_POINT('Ctrl Pts',(-0.992970732262819,10.,-0.522186380565984));
#7592=CARTESIAN_POINT('Ctrl Pts',(-1.05331726837903,10.,-0.531319379806519));
#7593=CARTESIAN_POINT('',(-0.70656128693372,8.,-0.363534688949585));
#7594=CARTESIAN_POINT('',(-0.70656128693372,10.,-0.363534688949585));
#7595=CARTESIAN_POINT('Ctrl Pts',(-0.70656128693372,8.,-0.363534688949585));
#7596=CARTESIAN_POINT('Ctrl Pts',(-0.760862911998572,8.,-0.412355823542665));
#7597=CARTESIAN_POINT('Ctrl Pts',(-0.860768899000419,8.,-0.502178616732489));
#7598=CARTESIAN_POINT('Ctrl Pts',(-0.992970732262819,8.,-0.522186380565984));
#7599=CARTESIAN_POINT('Ctrl Pts',(-1.05331726837903,8.,-0.531319379806519));
#7600=CARTESIAN_POINT('Origin',(-1.21364661026746,10.,1.20991826057434));
#7601=CARTESIAN_POINT('',(-0.979931531617355,10.,0.484715493054693));
#7602=CARTESIAN_POINT('',(-1.21364661026746,8.,1.20991826057434));
#7603=CARTESIAN_POINT('Origin',(-0.654361923225224,10.,-0.508948564529419));
#7604=CARTESIAN_POINT('',(-0.654361923225224,8.,-0.508948564529419));
#7605=CARTESIAN_POINT('',(-0.654361923225224,10.,-0.508948564529419));
#7606=CARTESIAN_POINT('',(-0.631991107948124,8.,-0.598434209823608));
#7607=CARTESIAN_POINT('',(-0.654361923225224,8.,-0.508948564529419));
#7608=CARTESIAN_POINT('',(-0.631991107948124,10.,-0.598434209823608));
#7609=CARTESIAN_POINT('Ctrl Pts',(-1.35533161927015,10.,-0.714019536972046));
#7610=CARTESIAN_POINT('Ctrl Pts',(-1.35533161927015,8.,-0.714019536972046));
#7611=CARTESIAN_POINT('Ctrl Pts',(-1.21868119606951,10.,-0.708804006383008));
#7612=CARTESIAN_POINT('Ctrl Pts',(-1.21868119606951,8.,-0.708804006383008));
#7613=CARTESIAN_POINT('Ctrl Pts',(-0.96688970255209,10.,-0.699193891714194));
#7614=CARTESIAN_POINT('Ctrl Pts',(-0.96688970255209,8.,-0.699193891714194));
#7615=CARTESIAN_POINT('Ctrl Pts',(-0.752431123296766,10.,-0.568646320340263));
#7616=CARTESIAN_POINT('Ctrl Pts',(-0.752431123296766,8.,-0.568646320340263));
#7617=CARTESIAN_POINT('Ctrl Pts',(-0.654361923225224,10.,-0.508948564529419));
#7618=CARTESIAN_POINT('Ctrl Pts',(-0.654361923225224,8.,-0.508948564529419));
#7619=CARTESIAN_POINT('',(-1.35533161927015,8.,-0.714019536972046));
#7620=CARTESIAN_POINT('',(-1.35533161927015,10.,-0.714019536972046));
#7621=CARTESIAN_POINT('Ctrl Pts',(-1.35533161927015,8.,-0.714019536972046));
#7622=CARTESIAN_POINT('Ctrl Pts',(-1.21868119606951,8.,-0.708804006383008));
#7623=CARTESIAN_POINT('Ctrl Pts',(-0.96688970255209,8.,-0.699193891714194));
#7624=CARTESIAN_POINT('Ctrl Pts',(-0.752431123296766,8.,-0.568646320340263));
#7625=CARTESIAN_POINT('Ctrl Pts',(-0.654361923225224,8.,-0.508948564529419));
#7626=CARTESIAN_POINT('Ctrl Pts',(-3.07046957779676,10.,-0.0410139560699463));
#7627=CARTESIAN_POINT('Ctrl Pts',(-3.07046957779676,8.,-0.0410139560699463));
#7628=CARTESIAN_POINT('Ctrl Pts',(-2.81039607002628,10.,-0.237282250675521));
#7629=CARTESIAN_POINT('Ctrl Pts',(-2.81039607002628,8.,-0.237282250675521));
#7630=CARTESIAN_POINT('Ctrl Pts',(-2.3008306643942,10.,-0.621833272464609));
#7631=CARTESIAN_POINT('Ctrl Pts',(-2.3008306643942,8.,-0.621833272464609));
#7632=CARTESIAN_POINT('Ctrl Pts',(-1.66610440296987,10.,-0.683719155192075));
#7633=CARTESIAN_POINT('Ctrl Pts',(-1.66610440296987,8.,-0.683719155192075));
#7634=CARTESIAN_POINT('Ctrl Pts',(-1.35533161927015,10.,-0.714019536972046));
#7635=CARTESIAN_POINT('Ctrl Pts',(-1.35533161927015,8.,-0.714019536972046));
#7636=CARTESIAN_POINT('',(-3.07046957779676,8.,-0.0410139560699463));
#7637=CARTESIAN_POINT('',(-3.07046957779676,10.,-0.0410139560699463));
#7638=CARTESIAN_POINT('Ctrl Pts',(-3.07046957779676,8.,-0.0410139560699463));
#7639=CARTESIAN_POINT('Ctrl Pts',(-2.81039607002628,8.,-0.237282250675521));
#7640=CARTESIAN_POINT('Ctrl Pts',(-2.3008306643942,8.,-0.621833272464609));
#7641=CARTESIAN_POINT('Ctrl Pts',(-1.66610440296987,8.,-0.683719155192075));
#7642=CARTESIAN_POINT('Ctrl Pts',(-1.35533161927015,8.,-0.714019536972046));
#7643=CARTESIAN_POINT('Ctrl Pts',(-3.83855171967298,10.,1.45227432250977));
#7644=CARTESIAN_POINT('Ctrl Pts',(-3.83855171967298,8.,1.45227432250977));
#7645=CARTESIAN_POINT('Ctrl Pts',(-3.79925598696429,10.,1.17884441575182));
#7646=CARTESIAN_POINT('Ctrl Pts',(-3.79925598696429,8.,1.17884441575182));
#7647=CARTESIAN_POINT('Ctrl Pts',(-3.71542703016339,10.,0.595540777883197));
#7648=CARTESIAN_POINT('Ctrl Pts',(-3.71542703016339,8.,0.595540777883197));
#7649=CARTESIAN_POINT('Ctrl Pts',(-3.29422734317865,10.,0.179828619343312));
#7650=CARTESIAN_POINT('Ctrl Pts',(-3.29422734317865,8.,0.179828619343312));
#7651=CARTESIAN_POINT('Ctrl Pts',(-3.07046957779676,10.,-0.0410139560699463));
#7652=CARTESIAN_POINT('Ctrl Pts',(-3.07046957779676,8.,-0.0410139560699463));
#7653=CARTESIAN_POINT('',(-3.83855171967298,8.,1.45227432250977));
#7654=CARTESIAN_POINT('',(-3.83855171967298,10.,1.45227432250977));
#7655=CARTESIAN_POINT('Ctrl Pts',(-3.83855171967298,8.,1.45227432250977));
#7656=CARTESIAN_POINT('Ctrl Pts',(-3.79925598696429,8.,1.17884441575182));
#7657=CARTESIAN_POINT('Ctrl Pts',(-3.71542703016339,8.,0.595540777883197));
#7658=CARTESIAN_POINT('Ctrl Pts',(-3.29422734317865,8.,0.179828619343312));
#7659=CARTESIAN_POINT('Ctrl Pts',(-3.07046957779676,8.,-0.0410139560699463));
#7660=CARTESIAN_POINT('Ctrl Pts',(-3.49925347138196,10.,2.22035765647888));
#7661=CARTESIAN_POINT('Ctrl Pts',(-3.49925347138196,8.,2.22035765647888));
#7662=CARTESIAN_POINT('Ctrl Pts',(-3.59821394485315,10.,2.11228724442347));
#7663=CARTESIAN_POINT('Ctrl Pts',(-3.59821394485315,8.,2.11228724442347));
#7664=CARTESIAN_POINT('Ctrl Pts',(-3.79760003049612,10.,1.89454640631171));
#7665=CARTESIAN_POINT('Ctrl Pts',(-3.79760003049612,8.,1.89454640631171));
#7666=CARTESIAN_POINT('Ctrl Pts',(-3.82483444818214,10.,1.6004187914749));
#7667=CARTESIAN_POINT('Ctrl Pts',(-3.82483444818214,8.,1.6004187914749));
#7668=CARTESIAN_POINT('Ctrl Pts',(-3.83855171967298,10.,1.45227432250977));
#7669=CARTESIAN_POINT('Ctrl Pts',(-3.83855171967298,8.,1.45227432250977));
#7670=CARTESIAN_POINT('',(-3.49925347138196,8.,2.22035765647888));
#7671=CARTESIAN_POINT('',(-3.49925347138196,10.,2.22035765647888));
#7672=CARTESIAN_POINT('Ctrl Pts',(-3.49925347138196,8.,2.22035765647888));
#7673=CARTESIAN_POINT('Ctrl Pts',(-3.59821394485315,8.,2.11228724442347));
#7674=CARTESIAN_POINT('Ctrl Pts',(-3.79760003049612,8.,1.89454640631171));
#7675=CARTESIAN_POINT('Ctrl Pts',(-3.82483444818214,8.,1.6004187914749));
#7676=CARTESIAN_POINT('Ctrl Pts',(-3.83855171967298,8.,1.45227432250977));
#7677=CARTESIAN_POINT('Ctrl Pts',(-2.63422795105726,10.,2.5223708152771));
#7678=CARTESIAN_POINT('Ctrl Pts',(-2.63422795105726,8.,2.5223708152771));
#7679=CARTESIAN_POINT('Ctrl Pts',(-2.7992075708015,10.,2.51194215077658));
#7680=CARTESIAN_POINT('Ctrl Pts',(-2.7992075708015,8.,2.51194215077658));
#7681=CARTESIAN_POINT('Ctrl Pts',(-3.11638954054577,10.,2.49189249644229));
#7682=CARTESIAN_POINT('Ctrl Pts',(-3.11638954054577,8.,2.49189249644229));
#7683=CARTESIAN_POINT('Ctrl Pts',(-3.37510618406895,10.,2.30840542247973));
#7684=CARTESIAN_POINT('Ctrl Pts',(-3.37510618406895,8.,2.30840542247973));
#7685=CARTESIAN_POINT('Ctrl Pts',(-3.49925347138196,10.,2.22035765647888));
#7686=CARTESIAN_POINT('Ctrl Pts',(-3.49925347138196,8.,2.22035765647888));
#7687=CARTESIAN_POINT('',(-2.63422795105726,8.,2.5223708152771));
#7688=CARTESIAN_POINT('',(-2.63422795105726,10.,2.5223708152771));
#7689=CARTESIAN_POINT('Ctrl Pts',(-2.63422795105726,8.,2.5223708152771));
#7690=CARTESIAN_POINT('Ctrl Pts',(-2.7992075708015,8.,2.51194215077658));
#7691=CARTESIAN_POINT('Ctrl Pts',(-3.11638954054577,8.,2.49189249644229));
#7692=CARTESIAN_POINT('Ctrl Pts',(-3.37510618406895,8.,2.30840542247973));
#7693=CARTESIAN_POINT('Ctrl Pts',(-3.49925347138196,8.,2.22035765647888));
#7694=CARTESIAN_POINT('Ctrl Pts',(-1.29567452240735,10.,1.93325877189636));
#7695=CARTESIAN_POINT('Ctrl Pts',(-1.29567452240735,8.,1.93325877189636));
#7696=CARTESIAN_POINT('Ctrl Pts',(-1.49990094029887,10.,2.10496542759097));
#7697=CARTESIAN_POINT('Ctrl Pts',(-1.49990094029887,8.,2.10496542759097));
#7698=CARTESIAN_POINT('Ctrl Pts',(-1.88973981476903,10.,2.43272875070119));
#7699=CARTESIAN_POINT('Ctrl Pts',(-1.88973981476903,8.,2.43272875070119));
#7700=CARTESIAN_POINT('Ctrl Pts',(-2.39409248796212,10.,2.49345666924777));
#7701=CARTESIAN_POINT('Ctrl Pts',(-2.39409248796212,8.,2.49345666924777));
#7702=CARTESIAN_POINT('Ctrl Pts',(-2.63422795105726,10.,2.5223708152771));
#7703=CARTESIAN_POINT('Ctrl Pts',(-2.63422795105726,8.,2.5223708152771));
#7704=CARTESIAN_POINT('',(-1.29567452240735,8.,1.93325877189636));
#7705=CARTESIAN_POINT('',(-1.29567452240735,10.,1.93325877189636));
#7706=CARTESIAN_POINT('Ctrl Pts',(-1.29567452240735,8.,1.93325877189636));
#7707=CARTESIAN_POINT('Ctrl Pts',(-1.49990094029887,8.,2.10496542759097));
#7708=CARTESIAN_POINT('Ctrl Pts',(-1.88973981476903,8.,2.43272875070119));
#7709=CARTESIAN_POINT('Ctrl Pts',(-2.39409248796212,8.,2.49345666924777));
#7710=CARTESIAN_POINT('Ctrl Pts',(-2.63422795105726,8.,2.5223708152771));
#7711=CARTESIAN_POINT('Ctrl Pts',(-0.932138641364872,10.,2.36204266548157));
#7712=CARTESIAN_POINT('Ctrl Pts',(-0.932138641364872,8.,2.36204266548157));
#7713=CARTESIAN_POINT('Ctrl Pts',(-1.01265905499709,10.,2.30499159777815));
#7714=CARTESIAN_POINT('Ctrl Pts',(-1.01265905499709,8.,2.30499159777815));
#7715=CARTESIAN_POINT('Ctrl Pts',(-1.17064137752359,10.,2.19305650241747));
#7716=CARTESIAN_POINT('Ctrl Pts',(-1.17064137752359,8.,2.19305650241747));
#7717=CARTESIAN_POINT('Ctrl Pts',(-1.25453821586331,10.,2.01873306027085));
#7718=CARTESIAN_POINT('Ctrl Pts',(-1.25453821586331,8.,2.01873306027085));
#7719=CARTESIAN_POINT('Ctrl Pts',(-1.29567452240735,10.,1.93325877189636));
#7720=CARTESIAN_POINT('Ctrl Pts',(-1.29567452240735,8.,1.93325877189636));
#7721=CARTESIAN_POINT('',(-0.932138641364872,8.,2.36204266548157));
#7722=CARTESIAN_POINT('',(-0.932138641364872,10.,2.36204266548157));
#7723=CARTESIAN_POINT('Ctrl Pts',(-0.932138641364872,8.,2.36204266548157));
#7724=CARTESIAN_POINT('Ctrl Pts',(-1.01265905499709,8.,2.30499159777815));
#7725=CARTESIAN_POINT('Ctrl Pts',(-1.17064137752359,8.,2.19305650241747));
#7726=CARTESIAN_POINT('Ctrl Pts',(-1.25453821586331,8.,2.01873306027085));
#7727=CARTESIAN_POINT('Ctrl Pts',(-1.29567452240735,8.,1.93325877189636));
#7728=CARTESIAN_POINT('Ctrl Pts',(-0.341163356788456,10.,2.5223708152771));
#7729=CARTESIAN_POINT('Ctrl Pts',(-0.341163356788456,8.,2.5223708152771));
#7730=CARTESIAN_POINT('Ctrl Pts',(-0.447052657189841,10.,2.51615150217981));
#7731=CARTESIAN_POINT('Ctrl Pts',(-0.447052657189841,8.,2.51615150217981));
#7732=CARTESIAN_POINT('Ctrl Pts',(-0.6553288759432,10.,2.50391858525395));
#7733=CARTESIAN_POINT('Ctrl Pts',(-0.6553288759432,8.,2.50391858525395));
#7734=CARTESIAN_POINT('Ctrl Pts',(-0.840908960510758,10.,2.40880147423242));
#7735=CARTESIAN_POINT('Ctrl Pts',(-0.840908960510758,8.,2.40880147423242));
#7736=CARTESIAN_POINT('Ctrl Pts',(-0.932138641364872,10.,2.36204266548157));
#7737=CARTESIAN_POINT('Ctrl Pts',(-0.932138641364872,8.,2.36204266548157));
#7738=CARTESIAN_POINT('',(-0.341163356788456,8.,2.5223708152771));
#7739=CARTESIAN_POINT('',(-0.341163356788456,10.,2.5223708152771));
#7740=CARTESIAN_POINT('Ctrl Pts',(-0.341163356788456,8.,2.5223708152771));
#7741=CARTESIAN_POINT('Ctrl Pts',(-0.447052657189841,8.,2.51615150217981));
#7742=CARTESIAN_POINT('Ctrl Pts',(-0.6553288759432,8.,2.50391858525395));
#7743=CARTESIAN_POINT('Ctrl Pts',(-0.840908960510758,8.,2.40880147423242));
#7744=CARTESIAN_POINT('Ctrl Pts',(-0.932138641364872,8.,2.36204266548157));
#7745=CARTESIAN_POINT('Ctrl Pts',(1.10924891661853,10.,1.38516068458557));
#7746=CARTESIAN_POINT('Ctrl Pts',(1.10924891661853,8.,1.38516068458557));
#7747=CARTESIAN_POINT('Ctrl Pts',(0.94634006220212,10.,1.71634224070241));
#7748=CARTESIAN_POINT('Ctrl Pts',(0.94634006220212,8.,1.71634224070241));
#7749=CARTESIAN_POINT('Ctrl Pts',(0.641944367057605,10.,2.33515599612636));
#7750=CARTESIAN_POINT('Ctrl Pts',(0.641944367057605,8.,2.33515599612636));
#7751=CARTESIAN_POINT('Ctrl Pts',(-0.0292049490204515,10.,2.46296406312144));
#7752=CARTESIAN_POINT('Ctrl Pts',(-0.0292049490204515,8.,2.46296406312144));
#7753=CARTESIAN_POINT('Ctrl Pts',(-0.341163356788456,10.,2.5223708152771));
#7754=CARTESIAN_POINT('Ctrl Pts',(-0.341163356788456,8.,2.5223708152771));
#7755=CARTESIAN_POINT('',(1.10924891661853,8.,1.38516068458557));
#7756=CARTESIAN_POINT('',(1.10924891661853,10.,1.38516068458557));
#7757=CARTESIAN_POINT('Ctrl Pts',(1.10924891661853,8.,1.38516068458557));
#7758=CARTESIAN_POINT('Ctrl Pts',(0.94634006220212,8.,1.71634224070241));
#7759=CARTESIAN_POINT('Ctrl Pts',(0.641944367057605,8.,2.33515599612636));
#7760=CARTESIAN_POINT('Ctrl Pts',(-0.0292049490204516,8.,2.46296406312144));
#7761=CARTESIAN_POINT('Ctrl Pts',(-0.341163356788456,8.,2.5223708152771));
#7762=CARTESIAN_POINT('Origin',(0.963832656852901,10.,1.31804585456848));
#7763=CARTESIAN_POINT('',(0.963832656852901,8.,1.31804585456848));
#7764=CARTESIAN_POINT('',(0.963832656852901,10.,1.31804585456848));
#7765=CARTESIAN_POINT('',(0.963832656852901,8.,1.31804585456848));
#7766=CARTESIAN_POINT('Ctrl Pts',(0.68046263884753,10.,1.82326674461365));
#7767=CARTESIAN_POINT('Ctrl Pts',(0.68046263884753,8.,1.82326674461365));
#7768=CARTESIAN_POINT('Ctrl Pts',(0.733035177930548,10.,1.74607265563165));
#7769=CARTESIAN_POINT('Ctrl Pts',(0.733035177930548,8.,1.74607265563165));
#7770=CARTESIAN_POINT('Ctrl Pts',(0.84211481667634,10.,1.58590722542161));
#7771=CARTESIAN_POINT('Ctrl Pts',(0.84211481667634,8.,1.58590722542161));
#7772=CARTESIAN_POINT('Ctrl Pts',(0.922295984340984,10.,1.40945455869585));
#7773=CARTESIAN_POINT('Ctrl Pts',(0.922295984340984,8.,1.40945455869585));
#7774=CARTESIAN_POINT('Ctrl Pts',(0.963832656852901,10.,1.31804585456848));
#7775=CARTESIAN_POINT('Ctrl Pts',(0.963832656852901,8.,1.31804585456848));
#7776=CARTESIAN_POINT('',(0.68046263884753,8.,1.82326674461365));
#7777=CARTESIAN_POINT('',(0.68046263884753,10.,1.82326674461365));
#7778=CARTESIAN_POINT('Ctrl Pts',(0.68046263884753,8.,1.82326674461365));
#7779=CARTESIAN_POINT('Ctrl Pts',(0.733035177930548,8.,1.74607265563165));
#7780=CARTESIAN_POINT('Ctrl Pts',(0.84211481667634,8.,1.58590722542161));
#7781=CARTESIAN_POINT('Ctrl Pts',(0.922295984340984,8.,1.40945455869585));
#7782=CARTESIAN_POINT('Ctrl Pts',(0.963832656852901,8.,1.31804585456848));
#7783=CARTESIAN_POINT('Ctrl Pts',(0.43810538481921,10.,2.0413875579834));
#7784=CARTESIAN_POINT('Ctrl Pts',(0.43810538481921,8.,2.0413875579834));
#7785=CARTESIAN_POINT('Ctrl Pts',(0.473505620253833,10.,2.02511940006976));
#7786=CARTESIAN_POINT('Ctrl Pts',(0.473505620253833,8.,2.02511940006976));
#7787=CARTESIAN_POINT('Ctrl Pts',(0.575157757772558,10.,1.97840521850824));
#7788=CARTESIAN_POINT('Ctrl Pts',(0.575157757772558,8.,1.97840521850824));
#7789=CARTESIAN_POINT('Ctrl Pts',(0.638911234328257,10.,1.88448158498469));
#7790=CARTESIAN_POINT('Ctrl Pts',(0.638911234328257,8.,1.88448158498469));
#7791=CARTESIAN_POINT('Ctrl Pts',(0.68046263884753,10.,1.82326674461365));
#7792=CARTESIAN_POINT('Ctrl Pts',(0.68046263884753,8.,1.82326674461365));
#7793=CARTESIAN_POINT('',(0.43810538481921,8.,2.0413875579834));
#7794=CARTESIAN_POINT('',(0.43810538481921,10.,2.0413875579834));
#7795=CARTESIAN_POINT('Ctrl Pts',(0.43810538481921,8.,2.0413875579834));
#7796=CARTESIAN_POINT('Ctrl Pts',(0.473505620253833,8.,2.02511940006976));
#7797=CARTESIAN_POINT('Ctrl Pts',(0.575157757772558,8.,1.97840521850824));
#7798=CARTESIAN_POINT('Ctrl Pts',(0.638911234328257,8.,1.88448158498469));
#7799=CARTESIAN_POINT('Ctrl Pts',(0.68046263884753,8.,1.82326674461365));
#7800=CARTESIAN_POINT('Ctrl Pts',(0.37099055480212,10.,2.00969457626343));
#7801=CARTESIAN_POINT('Ctrl Pts',(0.37099055480212,8.,2.00969457626343));
#7802=CARTESIAN_POINT('Ctrl Pts',(0.381591035790061,10.,2.01891629208725));
#7803=CARTESIAN_POINT('Ctrl Pts',(0.381591035790061,8.,2.01891629208725));
#7804=CARTESIAN_POINT('Ctrl Pts',(0.401078500000813,10.,2.03586909425566));
#7805=CARTESIAN_POINT('Ctrl Pts',(0.401078500000813,8.,2.03586909425566));
#7806=CARTESIAN_POINT('Ctrl Pts',(0.426508425796674,10.,2.0396591544725));
#7807=CARTESIAN_POINT('Ctrl Pts',(0.426508425796674,8.,2.0396591544725));
#7808=CARTESIAN_POINT('Ctrl Pts',(0.43810538481921,10.,2.0413875579834));
#7809=CARTESIAN_POINT('Ctrl Pts',(0.43810538481921,8.,2.0413875579834));
#7810=CARTESIAN_POINT('',(0.37099055480212,8.,2.00969457626343));
#7811=CARTESIAN_POINT('',(0.37099055480212,10.,2.00969457626343));
#7812=CARTESIAN_POINT('Ctrl Pts',(0.37099055480212,8.,2.00969457626343));
#7813=CARTESIAN_POINT('Ctrl Pts',(0.381591035790061,8.,2.01891629208725));
#7814=CARTESIAN_POINT('Ctrl Pts',(0.401078500000813,8.,2.03586909425566));
#7815=CARTESIAN_POINT('Ctrl Pts',(0.426508425796674,8.,2.0396591544725));
#7816=CARTESIAN_POINT('Ctrl Pts',(0.43810538481921,8.,2.0413875579834));
#7817=CARTESIAN_POINT('Ctrl Pts',(0.337435523979366,10.,1.94071531295776));
#7818=CARTESIAN_POINT('Ctrl Pts',(0.337435523979366,8.,1.94071531295776));
#7819=CARTESIAN_POINT('Ctrl Pts',(0.339140947253842,10.,1.95319119321175));
#7820=CARTESIAN_POINT('Ctrl Pts',(0.339140947253842,8.,1.95319119321175));
#7821=CARTESIAN_POINT('Ctrl Pts',(0.342770177533813,10.,1.9797405215015));
#7822=CARTESIAN_POINT('Ctrl Pts',(0.342770177533813,8.,1.9797405215015));
#7823=CARTESIAN_POINT('Ctrl Pts',(0.361213822413062,10.,1.99931722465717));
#7824=CARTESIAN_POINT('Ctrl Pts',(0.361213822413062,8.,1.99931722465717));
#7825=CARTESIAN_POINT('Ctrl Pts',(0.37099055480212,10.,2.00969457626343));
#7826=CARTESIAN_POINT('Ctrl Pts',(0.37099055480212,8.,2.00969457626343));
#7827=CARTESIAN_POINT('',(0.337435523979366,8.,1.94071531295776));
#7828=CARTESIAN_POINT('',(0.337435523979366,10.,1.94071531295776));
#7829=CARTESIAN_POINT('Ctrl Pts',(0.337435523979366,8.,1.94071531295776));
#7830=CARTESIAN_POINT('Ctrl Pts',(0.339140947253842,8.,1.95319119321175));
#7831=CARTESIAN_POINT('Ctrl Pts',(0.342770177533813,8.,1.9797405215015));
#7832=CARTESIAN_POINT('Ctrl Pts',(0.361213822413062,8.,1.99931722465717));
#7833=CARTESIAN_POINT('Ctrl Pts',(0.37099055480212,8.,2.00969457626343));
#7834=CARTESIAN_POINT('Ctrl Pts',(0.395228187553585,10.,1.70581698417664));
#7835=CARTESIAN_POINT('Ctrl Pts',(0.395228187553585,8.,1.70581698417664));
#7836=CARTESIAN_POINT('Ctrl Pts',(0.378701317210925,10.,1.75287990459621));
#7837=CARTESIAN_POINT('Ctrl Pts',(0.378701317210925,8.,1.75287990459621));
#7838=CARTESIAN_POINT('Ctrl Pts',(0.351818123478091,10.,1.82943412091425));
#7839=CARTESIAN_POINT('Ctrl Pts',(0.351818123478091,8.,1.82943412091425));
#7840=CARTESIAN_POINT('Ctrl Pts',(0.341435330182764,10.,1.90976797257631));
#7841=CARTESIAN_POINT('Ctrl Pts',(0.341435330182764,8.,1.90976797257631));
#7842=CARTESIAN_POINT('Ctrl Pts',(0.337435523979366,10.,1.94071531295776));
#7843=CARTESIAN_POINT('Ctrl Pts',(0.337435523979366,8.,1.94071531295776));
#7844=CARTESIAN_POINT('',(0.395228187553585,8.,1.70581698417664));
#7845=CARTESIAN_POINT('',(0.395228187553585,10.,1.70581698417664));
#7846=CARTESIAN_POINT('Ctrl Pts',(0.395228187553585,8.,1.70581698417664));
#7847=CARTESIAN_POINT('Ctrl Pts',(0.378701317210925,8.,1.75287990459621));
#7848=CARTESIAN_POINT('Ctrl Pts',(0.351818123478091,8.,1.82943412091425));
#7849=CARTESIAN_POINT('Ctrl Pts',(0.341435330182764,8.,1.90976797257631));
#7850=CARTESIAN_POINT('Ctrl Pts',(0.337435523979366,8.,1.94071531295776));
#7851=CARTESIAN_POINT('Ctrl Pts',(1.14653281401843,10.,-0.598434209823607));
#7852=CARTESIAN_POINT('Ctrl Pts',(1.14653281401843,8.,-0.598434209823607));
#7853=CARTESIAN_POINT('Ctrl Pts',(0.968917221096142,10.,-0.0501467152999557));
#7854=CARTESIAN_POINT('Ctrl Pts',(0.968917221096142,8.,-0.0501467152999557));
#7855=CARTESIAN_POINT('Ctrl Pts',(0.71994470538034,10.,0.71841484284429));
#7856=CARTESIAN_POINT('Ctrl Pts',(0.71994470538034,8.,0.71841484284429));
#7857=CARTESIAN_POINT('Ctrl Pts',(0.467562380752216,10.,1.48586224416558));
#7858=CARTESIAN_POINT('Ctrl Pts',(0.467562380752216,8.,1.48586224416558));
#7859=CARTESIAN_POINT('Ctrl Pts',(0.395228187553585,10.,1.70581698417664));
#7860=CARTESIAN_POINT('Ctrl Pts',(0.395228187553585,8.,1.70581698417664));
#7861=CARTESIAN_POINT('',(1.14653281401843,8.,-0.598434209823607));
#7862=CARTESIAN_POINT('',(1.14653281401843,10.,-0.598434209823607));
#7863=CARTESIAN_POINT('Ctrl Pts',(1.14653281401843,8.,-0.598434209823607));
#7864=CARTESIAN_POINT('Ctrl Pts',(0.968917221096142,8.,-0.0501467152999557));
#7865=CARTESIAN_POINT('Ctrl Pts',(0.71994470538034,8.,0.71841484284429));
#7866=CARTESIAN_POINT('Ctrl Pts',(0.467562380752216,8.,1.48586224416558));
#7867=CARTESIAN_POINT('Ctrl Pts',(0.395228187553585,8.,1.70581698417664));
#7868=CARTESIAN_POINT('Origin',(-0.631991107948124,10.,-0.598434209823608));
#7869=CARTESIAN_POINT('',(-0.631991107948124,8.,-0.598434209823608));
#7870=CARTESIAN_POINT('Origin',(2.18860805034637E-7,8.,-0.0149139761924744));
#7871=CARTESIAN_POINT('Origin',(-5.83706208039075,10.,-2.5));
#7872=CARTESIAN_POINT('',(-5.83706208039075,8.,-2.5));
#7873=CARTESIAN_POINT('',(-5.83706208039075,10.,-2.5));
#7874=CARTESIAN_POINT('',(-5.63944764900953,8.,-2.5));
#7875=CARTESIAN_POINT('',(-5.83706208039075,8.,-2.5));
#7876=CARTESIAN_POINT('',(-5.63944764900953,10.,-2.5));
#7877=CARTESIAN_POINT('Origin',(-5.8929903106764,10.,-2.34712898731232));
#7878=CARTESIAN_POINT('',(-5.8929903106764,8.,-2.34712898731232));
#7879=CARTESIAN_POINT('',(-5.8929903106764,10.,-2.34712898731232));
#7880=CARTESIAN_POINT('',(-5.8929903106764,8.,-2.34712898731232));
#7881=CARTESIAN_POINT('Origin',(-5.40082045365125,10.,-2.34712898731232));
#7882=CARTESIAN_POINT('',(-5.40082045365125,8.,-2.34712898731232));
#7883=CARTESIAN_POINT('',(-5.40082045365125,10.,-2.34712898731232));
#7884=CARTESIAN_POINT('',(-5.40082045365125,8.,-2.34712898731232));
#7885=CARTESIAN_POINT('Origin',(-6.61633082199842,10.,1.39261722564697));
#7886=CARTESIAN_POINT('',(-6.61633082199842,8.,1.39261722564697));
#7887=CARTESIAN_POINT('',(-6.61633082199842,10.,1.39261722564697));
#7888=CARTESIAN_POINT('',(-6.61633082199842,8.,1.39261722564697));
#7889=CARTESIAN_POINT('Ctrl Pts',(-6.73191614914685,10.,1.84377312660217));
#7890=CARTESIAN_POINT('Ctrl Pts',(-6.73191614914685,8.,1.84377312660217));
#7891=CARTESIAN_POINT('Ctrl Pts',(-6.72334018495618,10.,1.78976798787542));
#7892=CARTESIAN_POINT('Ctrl Pts',(-6.72334018495618,8.,1.78976798787542));
#7893=CARTESIAN_POINT('Ctrl Pts',(-6.69892506247999,10.,1.63601943587103));
#7894=CARTESIAN_POINT('Ctrl Pts',(-6.69892506247999,8.,1.63601943587103));
#7895=CARTESIAN_POINT('Ctrl Pts',(-6.64882980654627,10.,1.48839054619407));
#7896=CARTESIAN_POINT('Ctrl Pts',(-6.64882980654627,8.,1.48839054619407));
#7897=CARTESIAN_POINT('Ctrl Pts',(-6.61633082199842,10.,1.39261722564697));
#7898=CARTESIAN_POINT('Ctrl Pts',(-6.61633082199842,8.,1.39261722564697));
#7899=CARTESIAN_POINT('',(-6.73191614914685,8.,1.84377312660217));
#7900=CARTESIAN_POINT('',(-6.73191614914685,10.,1.84377312660217));
#7901=CARTESIAN_POINT('Ctrl Pts',(-6.73191614914685,8.,1.84377312660217));
#7902=CARTESIAN_POINT('Ctrl Pts',(-6.72334018495618,8.,1.78976798787542));
#7903=CARTESIAN_POINT('Ctrl Pts',(-6.69892506247999,8.,1.63601943587103));
#7904=CARTESIAN_POINT('Ctrl Pts',(-6.64882980654627,8.,1.48839054619407));
#7905=CARTESIAN_POINT('Ctrl Pts',(-6.61633082199842,8.,1.39261722564697));
#7906=CARTESIAN_POINT('Ctrl Pts',(-6.45040937233716,10.,2.33221530914307));
#7907=CARTESIAN_POINT('Ctrl Pts',(-6.45040937233716,8.,2.33221530914307));
#7908=CARTESIAN_POINT('Ctrl Pts',(-6.53247880244304,10.,2.26639874005199));
#7909=CARTESIAN_POINT('Ctrl Pts',(-6.53247880244304,8.,2.26639874005199));
#7910=CARTESIAN_POINT('Ctrl Pts',(-6.69047714487153,10.,2.13969006415033));
#7911=CARTESIAN_POINT('Ctrl Pts',(-6.69047714487153,8.,2.13969006415033));
#7912=CARTESIAN_POINT('Ctrl Pts',(-6.71846573471906,10.,1.93982286321698));
#7913=CARTESIAN_POINT('Ctrl Pts',(-6.71846573471906,8.,1.93982286321698));
#7914=CARTESIAN_POINT('Ctrl Pts',(-6.73191614914685,10.,1.84377312660217));
#7915=CARTESIAN_POINT('Ctrl Pts',(-6.73191614914685,8.,1.84377312660217));
#7916=CARTESIAN_POINT('',(-6.45040937233716,8.,2.33221530914307));
#7917=CARTESIAN_POINT('',(-6.45040937233716,10.,2.33221530914307));
#7918=CARTESIAN_POINT('Ctrl Pts',(-6.45040937233716,8.,2.33221530914307));
#7919=CARTESIAN_POINT('Ctrl Pts',(-6.53247880244304,8.,2.26639874005199));
#7920=CARTESIAN_POINT('Ctrl Pts',(-6.69047714487153,8.,2.13969006415033));
#7921=CARTESIAN_POINT('Ctrl Pts',(-6.71846573471906,8.,1.93982286321698));
#7922=CARTESIAN_POINT('Ctrl Pts',(-6.73191614914685,8.,1.84377312660217));
#7923=CARTESIAN_POINT('Ctrl Pts',(-5.71401902008802,10.,2.5223708152771));
#7924=CARTESIAN_POINT('Ctrl Pts',(-5.71401902008802,8.,2.5223708152771));
#7925=CARTESIAN_POINT('Ctrl Pts',(-5.85409052634883,10.,2.51720821879824));
#7926=CARTESIAN_POINT('Ctrl Pts',(-5.85409052634883,8.,2.51720821879824));
#7927=CARTESIAN_POINT('Ctrl Pts',(-6.11411696631082,10.,2.5076244596227));
#7928=CARTESIAN_POINT('Ctrl Pts',(-6.11411696631082,8.,2.5076244596227));
#7929=CARTESIAN_POINT('Ctrl Pts',(-6.34424644945437,10.,2.38758958397533));
#7930=CARTESIAN_POINT('Ctrl Pts',(-6.34424644945437,8.,2.38758958397533));
#7931=CARTESIAN_POINT('Ctrl Pts',(-6.45040937233716,10.,2.33221530914307));
#7932=CARTESIAN_POINT('Ctrl Pts',(-6.45040937233716,8.,2.33221530914307));
#7933=CARTESIAN_POINT('',(-5.71401902008802,8.,2.5223708152771));
#7934=CARTESIAN_POINT('',(-5.71401902008802,10.,2.5223708152771));
#7935=CARTESIAN_POINT('Ctrl Pts',(-5.71401902008802,8.,2.5223708152771));
#7936=CARTESIAN_POINT('Ctrl Pts',(-5.85409052634883,8.,2.51720821879824));
#7937=CARTESIAN_POINT('Ctrl Pts',(-6.11411696631082,8.,2.5076244596227));
#7938=CARTESIAN_POINT('Ctrl Pts',(-6.34424644945437,8.,2.38758958397533));
#7939=CARTESIAN_POINT('Ctrl Pts',(-6.45040937233716,8.,2.33221530914307));
#7940=CARTESIAN_POINT('Ctrl Pts',(-4.82475586701185,10.,2.24459409713745));
#7941=CARTESIAN_POINT('Ctrl Pts',(-4.82475586701185,8.,2.24459409713745));
#7942=CARTESIAN_POINT('Ctrl Pts',(-4.9557645696923,10.,2.32558081211482));
#7943=CARTESIAN_POINT('Ctrl Pts',(-4.9557645696923,8.,2.32558081211482));
#7944=CARTESIAN_POINT('Ctrl Pts',(-5.22801092874071,10.,2.49387755754292));
#7945=CARTESIAN_POINT('Ctrl Pts',(-5.22801092874071,8.,2.49387755754292));
#7946=CARTESIAN_POINT('Ctrl Pts',(-5.54800862733164,10.,2.51263810302071));
#7947=CARTESIAN_POINT('Ctrl Pts',(-5.54800862733164,8.,2.51263810302071));
#7948=CARTESIAN_POINT('Ctrl Pts',(-5.71401902008802,10.,2.5223708152771));
#7949=CARTESIAN_POINT('Ctrl Pts',(-5.71401902008802,8.,2.5223708152771));
#7950=CARTESIAN_POINT('',(-4.82475586701185,8.,2.24459409713745));
#7951=CARTESIAN_POINT('',(-4.82475586701185,10.,2.24459409713745));
#7952=CARTESIAN_POINT('Ctrl Pts',(-4.82475586701185,8.,2.24459409713745));
#7953=CARTESIAN_POINT('Ctrl Pts',(-4.9557645696923,8.,2.32558081211482));
#7954=CARTESIAN_POINT('Ctrl Pts',(-5.22801092874071,8.,2.49387755754292));
#7955=CARTESIAN_POINT('Ctrl Pts',(-5.54800862733164,8.,2.51263810302071));
#7956=CARTESIAN_POINT('Ctrl Pts',(-5.71401902008802,8.,2.5223708152771));
#7957=CARTESIAN_POINT('Ctrl Pts',(-4.20395203400403,10.,1.38516068458557));
#7958=CARTESIAN_POINT('Ctrl Pts',(-4.20395203400403,8.,1.38516068458557));
#7959=CARTESIAN_POINT('Ctrl Pts',(-4.2880594111478,10.,1.56148367806352));
#7960=CARTESIAN_POINT('Ctrl Pts',(-4.2880594111478,8.,1.56148367806352));
#7961=CARTESIAN_POINT('Ctrl Pts',(-4.44302560699385,10.,1.88635534173173));
#7962=CARTESIAN_POINT('Ctrl Pts',(-4.44302560699385,8.,1.88635534173173));
#7963=CARTESIAN_POINT('Ctrl Pts',(-4.70497748310743,10.,2.13218681988256));
#7964=CARTESIAN_POINT('Ctrl Pts',(-4.70497748310743,8.,2.13218681988256));
#7965=CARTESIAN_POINT('Ctrl Pts',(-4.82475586701185,10.,2.24459409713745));
#7966=CARTESIAN_POINT('Ctrl Pts',(-4.82475586701185,8.,2.24459409713745));
#7967=CARTESIAN_POINT('',(-4.20395203400403,8.,1.38516068458557));
#7968=CARTESIAN_POINT('',(-4.20395203400403,10.,1.38516068458557));
#7969=CARTESIAN_POINT('Ctrl Pts',(-4.20395203400403,8.,1.38516068458557));
#7970=CARTESIAN_POINT('Ctrl Pts',(-4.2880594111478,8.,1.56148367806352));
#7971=CARTESIAN_POINT('Ctrl Pts',(-4.44302560699385,8.,1.88635534173173));
#7972=CARTESIAN_POINT('Ctrl Pts',(-4.70497748310743,8.,2.13218681988256));
#7973=CARTESIAN_POINT('Ctrl Pts',(-4.82475586701185,8.,2.24459409713745));
#7974=CARTESIAN_POINT('Origin',(-4.35682125855237,10.,1.32550358772278));
#7975=CARTESIAN_POINT('',(-4.35682125855237,8.,1.32550358772278));
#7976=CARTESIAN_POINT('',(-4.35682125855237,10.,1.32550358772278));
#7977=CARTESIAN_POINT('',(-4.35682125855237,8.,1.32550358772278));
#7978=CARTESIAN_POINT('Ctrl Pts',(-4.64764900971204,10.,1.82326674461365));
#7979=CARTESIAN_POINT('Ctrl Pts',(-4.64764900971204,8.,1.82326674461365));
#7980=CARTESIAN_POINT('Ctrl Pts',(-4.59135524630802,10.,1.74710447118449));
#7981=CARTESIAN_POINT('Ctrl Pts',(-4.59135524630802,8.,1.74710447118449));
#7982=CARTESIAN_POINT('Ctrl Pts',(-4.47648536908423,10.,1.59169203348509));
#7983=CARTESIAN_POINT('Ctrl Pts',(-4.47648536908423,8.,1.59169203348509));
#7984=CARTESIAN_POINT('Ctrl Pts',(-4.39723417623633,10.,1.41540064791234));
#7985=CARTESIAN_POINT('Ctrl Pts',(-4.39723417623633,8.,1.41540064791234));
#7986=CARTESIAN_POINT('Ctrl Pts',(-4.35682125855237,10.,1.32550358772278));
#7987=CARTESIAN_POINT('Ctrl Pts',(-4.35682125855237,8.,1.32550358772278));
#7988=CARTESIAN_POINT('',(-4.64764900971204,8.,1.82326674461365));
#7989=CARTESIAN_POINT('',(-4.64764900971204,10.,1.82326674461365));
#7990=CARTESIAN_POINT('Ctrl Pts',(-4.64764900971204,8.,1.82326674461365));
#7991=CARTESIAN_POINT('Ctrl Pts',(-4.59135524630802,8.,1.74710447118449));
#7992=CARTESIAN_POINT('Ctrl Pts',(-4.47648536908423,8.,1.59169203348509));
#7993=CARTESIAN_POINT('Ctrl Pts',(-4.39723417623633,8.,1.41540064791234));
#7994=CARTESIAN_POINT('Ctrl Pts',(-4.35682125855237,8.,1.32550358772278));
#7995=CARTESIAN_POINT('Ctrl Pts',(-4.89746399689466,10.,2.0413875579834));
#7996=CARTESIAN_POINT('Ctrl Pts',(-4.89746399689466,8.,2.0413875579834));
#7997=CARTESIAN_POINT('Ctrl Pts',(-4.86292507468515,10.,2.02486095086617));
#7998=CARTESIAN_POINT('Ctrl Pts',(-4.86292507468515,8.,2.02486095086617));
#7999=CARTESIAN_POINT('Ctrl Pts',(-4.76093241951999,10.,1.97605825428711));
#8000=CARTESIAN_POINT('Ctrl Pts',(-4.76093241951999,8.,1.97605825428711));
#8001=CARTESIAN_POINT('Ctrl Pts',(-4.69274521363964,10.,1.88409045296001));
#8002=CARTESIAN_POINT('Ctrl Pts',(-4.69274521363964,8.,1.88409045296001));
#8003=CARTESIAN_POINT('Ctrl Pts',(-4.64764900971204,10.,1.82326674461365));
#8004=CARTESIAN_POINT('Ctrl Pts',(-4.64764900971204,8.,1.82326674461365));
#8005=CARTESIAN_POINT('',(-4.89746399689466,8.,2.0413875579834));
#8006=CARTESIAN_POINT('',(-4.89746399689466,10.,2.0413875579834));
#8007=CARTESIAN_POINT('Ctrl Pts',(-4.89746399689466,8.,2.0413875579834));
#8008=CARTESIAN_POINT('Ctrl Pts',(-4.86292507468515,8.,2.02486095086617));
#8009=CARTESIAN_POINT('Ctrl Pts',(-4.76093241951999,8.,1.97605825428711));
#8010=CARTESIAN_POINT('Ctrl Pts',(-4.69274521363964,8.,1.88409045296001));
#8011=CARTESIAN_POINT('Ctrl Pts',(-4.64764900971204,8.,1.82326674461365));
#8012=CARTESIAN_POINT('Ctrl Pts',(-4.9832207756117,10.,1.95190191268921));
#8013=CARTESIAN_POINT('Ctrl Pts',(-4.9832207756117,8.,1.95190191268921));
#8014=CARTESIAN_POINT('Ctrl Pts',(-4.9798974584648,10.,1.97799999645687));
#8015=CARTESIAN_POINT('Ctrl Pts',(-4.9798974584648,8.,1.97799999645687));
#8016=CARTESIAN_POINT('Ctrl Pts',(-4.97336205630717,10.,2.02932265554291));
#8017=CARTESIAN_POINT('Ctrl Pts',(-4.97336205630717,8.,2.02932265554291));
#8018=CARTESIAN_POINT('Ctrl Pts',(-4.92247464987338,10.,2.03741181617265));
#8019=CARTESIAN_POINT('Ctrl Pts',(-4.92247464987338,8.,2.03741181617265));
#8020=CARTESIAN_POINT('Ctrl Pts',(-4.89746399689466,10.,2.0413875579834));
#8021=CARTESIAN_POINT('Ctrl Pts',(-4.89746399689466,8.,2.0413875579834));
#8022=CARTESIAN_POINT('',(-4.9832207756117,8.,1.95190191268921));
#8023=CARTESIAN_POINT('',(-4.9832207756117,10.,1.95190191268921));
#8024=CARTESIAN_POINT('Ctrl Pts',(-4.9832207756117,8.,1.95190191268921));
#8025=CARTESIAN_POINT('Ctrl Pts',(-4.9798974584648,8.,1.97799999645687));
#8026=CARTESIAN_POINT('Ctrl Pts',(-4.97336205630717,8.,2.02932265554291));
#8027=CARTESIAN_POINT('Ctrl Pts',(-4.92247464987338,8.,2.03741181617265));
#8028=CARTESIAN_POINT('Ctrl Pts',(-4.89746399689466,8.,2.0413875579834));
#8029=CARTESIAN_POINT('Ctrl Pts',(-4.94593449402601,10.,1.75801634788513));
#8030=CARTESIAN_POINT('Ctrl Pts',(-4.94593449402601,8.,1.75801634788513));
#8031=CARTESIAN_POINT('Ctrl Pts',(-4.95676714770759,10.,1.79316020286835));
#8032=CARTESIAN_POINT('Ctrl Pts',(-4.95676714770759,8.,1.79316020286835));
#8033=CARTESIAN_POINT('Ctrl Pts',(-4.97628662043494,10.,1.85648628519714));
#8034=CARTESIAN_POINT('Ctrl Pts',(-4.97628662043494,8.,1.85648628519714));
#8035=CARTESIAN_POINT('Ctrl Pts',(-4.98108523253003,10.,1.92251633103143));
#8036=CARTESIAN_POINT('Ctrl Pts',(-4.98108523253003,8.,1.92251633103143));
#8037=CARTESIAN_POINT('Ctrl Pts',(-4.9832207756117,10.,1.95190191268921));
#8038=CARTESIAN_POINT('Ctrl Pts',(-4.9832207756117,8.,1.95190191268921));
#8039=CARTESIAN_POINT('',(-4.94593449402601,8.,1.75801634788513));
#8040=CARTESIAN_POINT('',(-4.94593449402601,10.,1.75801634788513));
#8041=CARTESIAN_POINT('Ctrl Pts',(-4.94593449402601,8.,1.75801634788513));
#8042=CARTESIAN_POINT('Ctrl Pts',(-4.95676714770759,8.,1.79316020286835));
#8043=CARTESIAN_POINT('Ctrl Pts',(-4.97628662043494,8.,1.85648628519714));
#8044=CARTESIAN_POINT('Ctrl Pts',(-4.98108523253003,8.,1.92251633103143));
#8045=CARTESIAN_POINT('Ctrl Pts',(-4.9832207756117,8.,1.95190191268921));
#8046=CARTESIAN_POINT('Origin',(-3.5178978042677,10.,-2.63795673847198));
#8047=CARTESIAN_POINT('',(-3.5178978042677,8.,-2.63795673847198));
#8048=CARTESIAN_POINT('',(-3.5178978042677,10.,-2.63795673847198));
#8049=CARTESIAN_POINT('',(-3.5178978042677,8.,-2.63795673847198));
#8050=CARTESIAN_POINT('Ctrl Pts',(-5.63944764900953,10.,-2.5));
#8051=CARTESIAN_POINT('Ctrl Pts',(-5.63944764900953,8.,-2.5));
#8052=CARTESIAN_POINT('Ctrl Pts',(-5.25705408378946,10.,-2.50374413746875));
#8053=CARTESIAN_POINT('Ctrl Pts',(-5.25705408378946,8.,-2.50374413746875));
#8054=CARTESIAN_POINT('Ctrl Pts',(-4.54721780055535,10.,-2.51069437111927));
#8055=CARTESIAN_POINT('Ctrl Pts',(-4.54721780055535,8.,-2.51069437111927));
#8056=CARTESIAN_POINT('Ctrl Pts',(-3.84282806592833,10.,-2.59778323123167));
#8057=CARTESIAN_POINT('Ctrl Pts',(-3.84282806592833,8.,-2.59778323123167));
#8058=CARTESIAN_POINT('Ctrl Pts',(-3.5178978042677,10.,-2.63795673847198));
#8059=CARTESIAN_POINT('Ctrl Pts',(-3.5178978042677,8.,-2.63795673847198));
#8060=CARTESIAN_POINT('Ctrl Pts',(-5.63944764900953,8.,-2.5));
#8061=CARTESIAN_POINT('Ctrl Pts',(-5.25705408378946,8.,-2.50374413746875));
#8062=CARTESIAN_POINT('Ctrl Pts',(-4.54721780055535,8.,-2.51069437111927));
#8063=CARTESIAN_POINT('Ctrl Pts',(-3.84282806592833,8.,-2.59778323123167));
#8064=CARTESIAN_POINT('Ctrl Pts',(-3.5178978042677,8.,-2.63795673847198));
#8065=CARTESIAN_POINT('Origin',(2.18860805034637E-7,8.,-0.0149139761924744));
#8066=CARTESIAN_POINT('Origin',(-12.7460844116285,10.,-2.22781538963318));
#8067=CARTESIAN_POINT('',(-12.7460844116285,8.,-2.22781538963318));
#8068=CARTESIAN_POINT('',(-12.7460844116285,10.,-2.22781538963318));
#8069=CARTESIAN_POINT('',(-12.1867997245863,8.,-2.5));
#8070=CARTESIAN_POINT('',(-12.7460844116285,8.,-2.22781538963318));
#8071=CARTESIAN_POINT('',(-12.1867997245863,10.,-2.5));
#8072=CARTESIAN_POINT('Ctrl Pts',(-13.5458607273176,10.,-2.5298285484314));
#8073=CARTESIAN_POINT('Ctrl Pts',(-13.5458607273176,8.,-2.5298285484314));
#8074=CARTESIAN_POINT('Ctrl Pts',(-13.4225397321871,10.,-2.49445136865248));
#8075=CARTESIAN_POINT('Ctrl Pts',(-13.4225397321871,8.,-2.49445136865248));
#8076=CARTESIAN_POINT('Ctrl Pts',(-13.147825845139,10.,-2.41564400450839));
#8077=CARTESIAN_POINT('Ctrl Pts',(-13.147825845139,8.,-2.41564400450839));
#8078=CARTESIAN_POINT('Ctrl Pts',(-12.888820459081,10.,-2.29454964169049));
#8079=CARTESIAN_POINT('Ctrl Pts',(-12.888820459081,8.,-2.29454964169049));
#8080=CARTESIAN_POINT('Ctrl Pts',(-12.7460844116285,10.,-2.22781538963318));
#8081=CARTESIAN_POINT('Ctrl Pts',(-12.7460844116285,8.,-2.22781538963318));
#8082=CARTESIAN_POINT('',(-13.5458607273176,8.,-2.5298285484314));
#8083=CARTESIAN_POINT('',(-13.5458607273176,10.,-2.5298285484314));
#8084=CARTESIAN_POINT('Ctrl Pts',(-13.5458607273176,8.,-2.5298285484314));
#8085=CARTESIAN_POINT('Ctrl Pts',(-13.4225397321871,8.,-2.49445136865248));
#8086=CARTESIAN_POINT('Ctrl Pts',(-13.147825845139,8.,-2.41564400450839));
#8087=CARTESIAN_POINT('Ctrl Pts',(-12.888820459081,8.,-2.29454964169049));
#8088=CARTESIAN_POINT('Ctrl Pts',(-12.7460844116285,8.,-2.22781538963318));
#8089=CARTESIAN_POINT('Ctrl Pts',(-14.2859799461439,10.,-2.60812819004059));
#8090=CARTESIAN_POINT('Ctrl Pts',(-14.2859799461439,8.,-2.60812819004059));
#8091=CARTESIAN_POINT('Ctrl Pts',(-14.1561499329729,10.,-2.60546323332565));
#8092=CARTESIAN_POINT('Ctrl Pts',(-14.1561499329729,8.,-2.60546323332565));
#8093=CARTESIAN_POINT('Ctrl Pts',(-13.9071705926194,10.,-2.60035255707483));
#8094=CARTESIAN_POINT('Ctrl Pts',(-13.9071705926194,8.,-2.60035255707483));
#8095=CARTESIAN_POINT('Ctrl Pts',(-13.6628030661016,10.,-2.55265450283565));
#8096=CARTESIAN_POINT('Ctrl Pts',(-13.6628030661016,8.,-2.55265450283565));
#8097=CARTESIAN_POINT('Ctrl Pts',(-13.5458607273176,10.,-2.5298285484314));
#8098=CARTESIAN_POINT('Ctrl Pts',(-13.5458607273176,8.,-2.5298285484314));
#8099=CARTESIAN_POINT('',(-14.2859799461439,8.,-2.60812819004059));
#8100=CARTESIAN_POINT('',(-14.2859799461439,10.,-2.60812819004059));
#8101=CARTESIAN_POINT('Ctrl Pts',(-14.2859799461439,8.,-2.60812819004059));
#8102=CARTESIAN_POINT('Ctrl Pts',(-14.1561499329729,8.,-2.60546323332565));
#8103=CARTESIAN_POINT('Ctrl Pts',(-13.9071705926194,8.,-2.60035255707483));
#8104=CARTESIAN_POINT('Ctrl Pts',(-13.6628030661016,8.,-2.55265450283565));
#8105=CARTESIAN_POINT('Ctrl Pts',(-13.5458607273176,8.,-2.5298285484314));
#8106=CARTESIAN_POINT('Ctrl Pts',(-16.1129749612883,10.,-2.12714433670044));
#8107=CARTESIAN_POINT('Ctrl Pts',(-16.1129749612883,8.,-2.12714433670044));
#8108=CARTESIAN_POINT('Ctrl Pts',(-15.8443553482196,10.,-2.26729582852899));
#8109=CARTESIAN_POINT('Ctrl Pts',(-15.8443553482196,8.,-2.26729582852899));
#8110=CARTESIAN_POINT('Ctrl Pts',(-15.2729453814297,10.,-2.56542729546253));
#8111=CARTESIAN_POINT('Ctrl Pts',(-15.2729453814297,8.,-2.56542729546253));
#8112=CARTESIAN_POINT('Ctrl Pts',(-14.627827925662,10.,-2.59333819434951));
#8113=CARTESIAN_POINT('Ctrl Pts',(-14.627827925662,8.,-2.59333819434951));
#8114=CARTESIAN_POINT('Ctrl Pts',(-14.2859799461439,10.,-2.60812819004059));
#8115=CARTESIAN_POINT('Ctrl Pts',(-14.2859799461439,8.,-2.60812819004059));
#8116=CARTESIAN_POINT('',(-16.1129749612883,8.,-2.12714433670044));
#8117=CARTESIAN_POINT('',(-16.1129749612883,10.,-2.12714433670044));
#8118=CARTESIAN_POINT('Ctrl Pts',(-16.1129749612883,8.,-2.12714433670044));
#8119=CARTESIAN_POINT('Ctrl Pts',(-15.8443553482196,8.,-2.26729582852899));
#8120=CARTESIAN_POINT('Ctrl Pts',(-15.2729453814297,8.,-2.56542729546253));
#8121=CARTESIAN_POINT('Ctrl Pts',(-14.627827925662,8.,-2.59333819434951));
#8122=CARTESIAN_POINT('Ctrl Pts',(-14.2859799461439,8.,-2.60812819004059));
#8123=CARTESIAN_POINT('Ctrl Pts',(-16.8437726097181,10.,-0.922818779945374));
#8124=CARTESIAN_POINT('Ctrl Pts',(-16.8437726097181,8.,-0.922818779945374));
#8125=CARTESIAN_POINT('Ctrl Pts',(-16.8069452185188,10.,-1.15784653793598));
#8126=CARTESIAN_POINT('Ctrl Pts',(-16.8069452185188,8.,-1.15784653793598));
#8127=CARTESIAN_POINT('Ctrl Pts',(-16.7288412333871,10.,-1.65629630366158));
#8128=CARTESIAN_POINT('Ctrl Pts',(-16.7288412333871,8.,-1.65629630366158));
#8129=CARTESIAN_POINT('Ctrl Pts',(-16.3259146389924,10.,-1.96434563681189));
#8130=CARTESIAN_POINT('Ctrl Pts',(-16.3259146389924,8.,-1.96434563681189));
#8131=CARTESIAN_POINT('Ctrl Pts',(-16.1129749612883,10.,-2.12714433670044));
#8132=CARTESIAN_POINT('Ctrl Pts',(-16.1129749612883,8.,-2.12714433670044));
#8133=CARTESIAN_POINT('',(-16.8437726097181,8.,-0.922818779945374));
#8134=CARTESIAN_POINT('',(-16.8437726097181,10.,-0.922818779945374));
#8135=CARTESIAN_POINT('Ctrl Pts',(-16.8437726097181,8.,-0.922818779945374));
#8136=CARTESIAN_POINT('Ctrl Pts',(-16.8069452185188,8.,-1.15784653793598));
#8137=CARTESIAN_POINT('Ctrl Pts',(-16.7288412333871,8.,-1.65629630366158));
#8138=CARTESIAN_POINT('Ctrl Pts',(-16.3259146389924,8.,-1.96434563681189));
#8139=CARTESIAN_POINT('Ctrl Pts',(-16.1129749612883,8.,-2.12714433670044));
#8140=CARTESIAN_POINT('Ctrl Pts',(-16.6648019151762,10.,-0.281506776809692));
#8141=CARTESIAN_POINT('Ctrl Pts',(-16.6648019151762,8.,-0.281506776809692));
#8142=CARTESIAN_POINT('Ctrl Pts',(-16.716998537219,10.,-0.383841660958741));
#8143=CARTESIAN_POINT('Ctrl Pts',(-16.716998537219,8.,-0.383841660958741));
#8144=CARTESIAN_POINT('Ctrl Pts',(-16.8199212655625,10.,-0.585628387170647));
#8145=CARTESIAN_POINT('Ctrl Pts',(-16.8199212655625,8.,-0.585628387170647));
#8146=CARTESIAN_POINT('Ctrl Pts',(-16.835898252442,10.,-0.81149769022104));
#8147=CARTESIAN_POINT('Ctrl Pts',(-16.835898252442,8.,-0.81149769022104));
#8148=CARTESIAN_POINT('Ctrl Pts',(-16.8437726097181,10.,-0.922818779945374));
#8149=CARTESIAN_POINT('Ctrl Pts',(-16.8437726097181,8.,-0.922818779945374));
#8150=CARTESIAN_POINT('',(-16.6648019151762,8.,-0.281506776809692));
#8151=CARTESIAN_POINT('',(-16.6648019151762,10.,-0.281506776809692));
#8152=CARTESIAN_POINT('Ctrl Pts',(-16.6648019151762,8.,-0.281506776809692));
#8153=CARTESIAN_POINT('Ctrl Pts',(-16.716998537219,8.,-0.383841660958741));
#8154=CARTESIAN_POINT('Ctrl Pts',(-16.8199212655625,8.,-0.585628387170647));
#8155=CARTESIAN_POINT('Ctrl Pts',(-16.835898252442,8.,-0.81149769022104));
#8156=CARTESIAN_POINT('Ctrl Pts',(-16.8437726097181,8.,-0.922818779945374));
#8157=CARTESIAN_POINT('Ctrl Pts',(-15.7214755611494,10.,0.490305423736572));
#8158=CARTESIAN_POINT('Ctrl Pts',(-15.7214755611494,8.,0.490305423736572));
#8159=CARTESIAN_POINT('Ctrl Pts',(-15.9380664229267,10.,0.360634411445451));
#8160=CARTESIAN_POINT('Ctrl Pts',(-15.9380664229267,8.,0.360634411445451));
#8161=CARTESIAN_POINT('Ctrl Pts',(-16.2916611213179,10.,0.148940427198342));
#8162=CARTESIAN_POINT('Ctrl Pts',(-16.2916611213179,8.,0.148940427198342));
#8163=CARTESIAN_POINT('Ctrl Pts',(-16.5605991573037,10.,-0.16130071380504));
#8164=CARTESIAN_POINT('Ctrl Pts',(-16.5605991573037,8.,-0.16130071380504));
#8165=CARTESIAN_POINT('Ctrl Pts',(-16.6648019151762,10.,-0.281506776809692));
#8166=CARTESIAN_POINT('Ctrl Pts',(-16.6648019151762,8.,-0.281506776809692));
#8167=CARTESIAN_POINT('',(-15.7214755611494,8.,0.490305423736572));
#8168=CARTESIAN_POINT('',(-15.7214755611494,10.,0.490305423736572));
#8169=CARTESIAN_POINT('Ctrl Pts',(-15.7214755611494,8.,0.490305423736572));
#8170=CARTESIAN_POINT('Ctrl Pts',(-15.9380664229267,8.,0.360634411445451));
#8171=CARTESIAN_POINT('Ctrl Pts',(-16.2916611213179,8.,0.148940427198342));
#8172=CARTESIAN_POINT('Ctrl Pts',(-16.5605991573037,8.,-0.16130071380504));
#8173=CARTESIAN_POINT('Ctrl Pts',(-16.6648019151762,8.,-0.281506776809692));
#8174=CARTESIAN_POINT('Ctrl Pts',(-14.5451147155836,10.,1.26025319099426));
#8175=CARTESIAN_POINT('Ctrl Pts',(-14.5451147155836,8.,1.26025319099426));
#8176=CARTESIAN_POINT('Ctrl Pts',(-14.6772875503931,10.,1.16388082474244));
#8177=CARTESIAN_POINT('Ctrl Pts',(-14.6772875503931,8.,1.16388082474244));
#8178=CARTESIAN_POINT('Ctrl Pts',(-15.0562661363073,10.,0.887552764321016));
#8179=CARTESIAN_POINT('Ctrl Pts',(-15.0562661363073,8.,0.887552764321016));
#8180=CARTESIAN_POINT('Ctrl Pts',(-15.4591207816703,10.,0.646977495035665));
#8181=CARTESIAN_POINT('Ctrl Pts',(-15.4591207816703,8.,0.646977495035665));
#8182=CARTESIAN_POINT('Ctrl Pts',(-15.7214755611494,10.,0.490305423736572));
#8183=CARTESIAN_POINT('Ctrl Pts',(-15.7214755611494,8.,0.490305423736572));
#8184=CARTESIAN_POINT('',(-14.5451147155836,8.,1.26025319099426));
#8185=CARTESIAN_POINT('',(-14.5451147155836,10.,1.26025319099426));
#8186=CARTESIAN_POINT('Ctrl Pts',(-14.5451147155836,8.,1.26025319099426));
#8187=CARTESIAN_POINT('Ctrl Pts',(-14.6772875503931,8.,1.16388082474244));
#8188=CARTESIAN_POINT('Ctrl Pts',(-15.0562661363073,8.,0.887552764321016));
#8189=CARTESIAN_POINT('Ctrl Pts',(-15.4591207816703,8.,0.646977495035665));
#8190=CARTESIAN_POINT('Ctrl Pts',(-15.7214755611494,8.,0.490305423736572));
#8191=CARTESIAN_POINT('Ctrl Pts',(-14.3344516353682,10.,1.66853070259094));
#8192=CARTESIAN_POINT('Ctrl Pts',(-14.3344516353682,8.,1.66853070259094));
#8193=CARTESIAN_POINT('Ctrl Pts',(-14.3452751581915,10.,1.59387024586026));
#8194=CARTESIAN_POINT('Ctrl Pts',(-14.3452751581915,8.,1.59387024586026));
#8195=CARTESIAN_POINT('Ctrl Pts',(-14.3684038009836,10.,1.4343293031746));
#8196=CARTESIAN_POINT('Ctrl Pts',(-14.3684038009836,8.,1.4343293031746));
#8197=CARTESIAN_POINT('Ctrl Pts',(-14.483748130877,10.,1.32070478510037));
#8198=CARTESIAN_POINT('Ctrl Pts',(-14.483748130877,8.,1.32070478510037));
#8199=CARTESIAN_POINT('Ctrl Pts',(-14.5451147155836,10.,1.26025319099426));
#8200=CARTESIAN_POINT('Ctrl Pts',(-14.5451147155836,8.,1.26025319099426));
#8201=CARTESIAN_POINT('',(-14.3344516353682,8.,1.66853070259094));
#8202=CARTESIAN_POINT('',(-14.3344516353682,10.,1.66853070259094));
#8203=CARTESIAN_POINT('Ctrl Pts',(-14.3344516353682,8.,1.66853070259094));
#8204=CARTESIAN_POINT('Ctrl Pts',(-14.3452751581915,8.,1.59387024586026));
#8205=CARTESIAN_POINT('Ctrl Pts',(-14.3684038009836,8.,1.4343293031746));
#8206=CARTESIAN_POINT('Ctrl Pts',(-14.483748130877,8.,1.32070478510037));
#8207=CARTESIAN_POINT('Ctrl Pts',(-14.5451147155836,8.,1.26025319099426));
#8208=CARTESIAN_POINT('Ctrl Pts',(-14.6495146350935,10.,2.16629385948181));
#8209=CARTESIAN_POINT('Ctrl Pts',(-14.6495146350935,8.,2.16629385948181));
#8210=CARTESIAN_POINT('Ctrl Pts',(-14.5578165924664,10.,2.09750150983473));
#8211=CARTESIAN_POINT('Ctrl Pts',(-14.5578165924664,8.,2.09750150983473));
#8212=CARTESIAN_POINT('Ctrl Pts',(-14.3884054467597,10.,1.9704083850997));
#8213=CARTESIAN_POINT('Ctrl Pts',(-14.3884054467597,8.,1.9704083850997));
#8214=CARTESIAN_POINT('Ctrl Pts',(-14.35141847746,10.,1.76346210480439));
#8215=CARTESIAN_POINT('Ctrl Pts',(-14.35141847746,8.,1.76346210480439));
#8216=CARTESIAN_POINT('Ctrl Pts',(-14.3344516353682,10.,1.66853070259094));
#8217=CARTESIAN_POINT('Ctrl Pts',(-14.3344516353682,8.,1.66853070259094));
#8218=CARTESIAN_POINT('',(-14.6495146350935,8.,2.16629385948181));
#8219=CARTESIAN_POINT('',(-14.6495146350935,10.,2.16629385948181));
#8220=CARTESIAN_POINT('Ctrl Pts',(-14.6495146350935,8.,2.16629385948181));
#8221=CARTESIAN_POINT('Ctrl Pts',(-14.5578165924664,8.,2.09750150983473));
#8222=CARTESIAN_POINT('Ctrl Pts',(-14.3884054467597,8.,1.9704083850997));
#8223=CARTESIAN_POINT('Ctrl Pts',(-14.35141847746,8.,1.76346210480439));
#8224=CARTESIAN_POINT('Ctrl Pts',(-14.3344516353682,8.,1.66853070259094));
#8225=CARTESIAN_POINT('Ctrl Pts',(-15.4157341318205,10.,2.37695693969727));
#8226=CARTESIAN_POINT('Ctrl Pts',(-15.4157341318205,8.,2.37695693969727));
#8227=CARTESIAN_POINT('Ctrl Pts',(-15.2737168297398,10.,2.36992646345148));
#8228=CARTESIAN_POINT('Ctrl Pts',(-15.2737168297398,8.,2.36992646345148));
#8229=CARTESIAN_POINT('Ctrl Pts',(-15.0022703858722,10.,2.35648867983179));
#8230=CARTESIAN_POINT('Ctrl Pts',(-15.0022703858722,8.,2.35648867983179));
#8231=CARTESIAN_POINT('Ctrl Pts',(-14.7634075128779,10.,2.2277013216749));
#8232=CARTESIAN_POINT('Ctrl Pts',(-14.7634075128779,8.,2.2277013216749));
#8233=CARTESIAN_POINT('Ctrl Pts',(-14.6495146350935,10.,2.16629385948181));
#8234=CARTESIAN_POINT('Ctrl Pts',(-14.6495146350935,8.,2.16629385948181));
#8235=CARTESIAN_POINT('',(-15.4157341318205,8.,2.37695693969727));
#8236=CARTESIAN_POINT('',(-15.4157341318205,10.,2.37695693969727));
#8237=CARTESIAN_POINT('Ctrl Pts',(-15.4157341318205,8.,2.37695693969727));
#8238=CARTESIAN_POINT('Ctrl Pts',(-15.2737168297398,8.,2.36992646345148));
#8239=CARTESIAN_POINT('Ctrl Pts',(-15.0022703858722,8.,2.35648867983179));
#8240=CARTESIAN_POINT('Ctrl Pts',(-14.7634075128779,8.,2.2277013216749));
#8241=CARTESIAN_POINT('Ctrl Pts',(-14.6495146350935,8.,2.16629385948181));
#8242=CARTESIAN_POINT('Ctrl Pts',(-16.6163308219984,10.,1.91275119781494));
#8243=CARTESIAN_POINT('Ctrl Pts',(-16.6163308219984,8.,1.91275119781494));
#8244=CARTESIAN_POINT('Ctrl Pts',(-16.4360920253604,10.,2.0481401350499));
#8245=CARTESIAN_POINT('Ctrl Pts',(-16.4360920253604,8.,2.0481401350499));
#8246=CARTESIAN_POINT('Ctrl Pts',(-16.0794001008171,10.,2.31607435057386));
#8247=CARTESIAN_POINT('Ctrl Pts',(-16.0794001008171,8.,2.31607435057386));
#8248=CARTESIAN_POINT('Ctrl Pts',(-15.6353853047534,10.,2.3568068450158));
#8249=CARTESIAN_POINT('Ctrl Pts',(-15.6353853047534,8.,2.3568068450158));
#8250=CARTESIAN_POINT('Ctrl Pts',(-15.4157341318205,10.,2.37695693969727));
#8251=CARTESIAN_POINT('Ctrl Pts',(-15.4157341318205,8.,2.37695693969727));
#8252=CARTESIAN_POINT('',(-16.6163308219984,8.,1.91275119781494));
#8253=CARTESIAN_POINT('',(-16.6163308219984,10.,1.91275119781494));
#8254=CARTESIAN_POINT('Ctrl Pts',(-16.6163308219984,8.,1.91275119781494));
#8255=CARTESIAN_POINT('Ctrl Pts',(-16.4360920253604,8.,2.0481401350499));
#8256=CARTESIAN_POINT('Ctrl Pts',(-16.0794001008171,8.,2.31607435057386));
#8257=CARTESIAN_POINT('Ctrl Pts',(-15.6353853047534,8.,2.3568068450158));
#8258=CARTESIAN_POINT('Ctrl Pts',(-15.4157341318205,8.,2.37695693969727));
#8259=CARTESIAN_POINT('Ctrl Pts',(-17.1420574979857,10.,0.851976871490479));
#8260=CARTESIAN_POINT('Ctrl Pts',(-17.1420574979857,8.,0.851976871490479));
#8261=CARTESIAN_POINT('Ctrl Pts',(-17.1163730051799,10.,1.04855376106293));
#8262=CARTESIAN_POINT('Ctrl Pts',(-17.1163730051799,8.,1.04855376106293));
#8263=CARTESIAN_POINT('Ctrl Pts',(-17.0625164159437,10.,1.46074647497315));
#8264=CARTESIAN_POINT('Ctrl Pts',(-17.0625164159437,8.,1.46074647497315));
#8265=CARTESIAN_POINT('Ctrl Pts',(-16.769569697842,10.,1.75751378866458));
#8266=CARTESIAN_POINT('Ctrl Pts',(-16.769569697842,8.,1.75751378866458));
#8267=CARTESIAN_POINT('Ctrl Pts',(-16.6163308219984,10.,1.91275119781494));
#8268=CARTESIAN_POINT('Ctrl Pts',(-16.6163308219984,8.,1.91275119781494));
#8269=CARTESIAN_POINT('',(-17.1420574979857,8.,0.851976871490479));
#8270=CARTESIAN_POINT('',(-17.1420574979857,10.,0.851976871490479));
#8271=CARTESIAN_POINT('Ctrl Pts',(-17.1420574979857,8.,0.851976871490479));
#8272=CARTESIAN_POINT('Ctrl Pts',(-17.1163730051799,8.,1.04855376106293));
#8273=CARTESIAN_POINT('Ctrl Pts',(-17.0625164159437,8.,1.46074647497315));
#8274=CARTESIAN_POINT('Ctrl Pts',(-16.769569697842,8.,1.75751378866458));
#8275=CARTESIAN_POINT('Ctrl Pts',(-16.6163308219984,8.,1.91275119781494));
#8276=CARTESIAN_POINT('Ctrl Pts',(-17.0674867229536,10.,0.393363237380981));
#8277=CARTESIAN_POINT('Ctrl Pts',(-17.0674867229536,8.,0.393363237380981));
#8278=CARTESIAN_POINT('Ctrl Pts',(-17.0892093791223,10.,0.473351844655695));
#8279=CARTESIAN_POINT('Ctrl Pts',(-17.0892093791223,8.,0.473351844655695));
#8280=CARTESIAN_POINT('Ctrl Pts',(-17.1300398150503,10.,0.62370038762082));
#8281=CARTESIAN_POINT('Ctrl Pts',(-17.1300398150503,8.,0.62370038762082));
#8282=CARTESIAN_POINT('Ctrl Pts',(-17.1382263656086,10.,0.779204321824318));
#8283=CARTESIAN_POINT('Ctrl Pts',(-17.1382263656086,8.,0.779204321824318));
#8284=CARTESIAN_POINT('Ctrl Pts',(-17.1420574979857,10.,0.851976871490479));
#8285=CARTESIAN_POINT('Ctrl Pts',(-17.1420574979857,8.,0.851976871490479));
#8286=CARTESIAN_POINT('',(-17.0674867229536,8.,0.393363237380981));
#8287=CARTESIAN_POINT('',(-17.0674867229536,10.,0.393363237380981));
#8288=CARTESIAN_POINT('Ctrl Pts',(-17.0674867229536,8.,0.393363237380981));
#8289=CARTESIAN_POINT('Ctrl Pts',(-17.0892093791223,8.,0.473351844655695));
#8290=CARTESIAN_POINT('Ctrl Pts',(-17.1300398150503,8.,0.62370038762082));
#8291=CARTESIAN_POINT('Ctrl Pts',(-17.1382263656086,8.,0.779204321824318));
#8292=CARTESIAN_POINT('Ctrl Pts',(-17.1420574979857,8.,0.851976871490479));
#8293=CARTESIAN_POINT('Origin',(-17.2650999622419,10.,0.393363237380981));
#8294=CARTESIAN_POINT('',(-17.2650999622419,8.,0.393363237380981));
#8295=CARTESIAN_POINT('',(-17.2650999622419,10.,0.393363237380981));
#8296=CARTESIAN_POINT('',(-17.2650999622419,8.,0.393363237380981));
#8297=CARTESIAN_POINT('Origin',(-17.9436982469633,10.,2.5));
#8298=CARTESIAN_POINT('',(-17.9436982469633,8.,2.5));
#8299=CARTESIAN_POINT('',(-17.9436982469633,10.,2.5));
#8300=CARTESIAN_POINT('',(-17.9436982469633,8.,2.5));
#8301=CARTESIAN_POINT('Origin',(-17.6789701776579,10.,2.5));
#8302=CARTESIAN_POINT('',(-17.6789701776579,8.,2.5));
#8303=CARTESIAN_POINT('',(-17.6789701776579,10.,2.5));
#8304=CARTESIAN_POINT('',(-17.6789701776579,8.,2.5));
#8305=CARTESIAN_POINT('Origin',(-17.1718860464171,10.,2.0563018321991));
#8306=CARTESIAN_POINT('',(-17.1718860464171,8.,2.0563018321991));
#8307=CARTESIAN_POINT('',(-17.1718860464171,10.,2.0563018321991));
#8308=CARTESIAN_POINT('',(-17.1718860464171,8.,2.0563018321991));
#8309=CARTESIAN_POINT('Ctrl Pts',(-16.0831464128569,10.,2.50932097434998));
#8310=CARTESIAN_POINT('Ctrl Pts',(-16.0831464128569,8.,2.50932097434998));
#8311=CARTESIAN_POINT('Ctrl Pts',(-16.2471083454758,10.,2.45945627950778));
#8312=CARTESIAN_POINT('Ctrl Pts',(-16.2471083454758,8.,2.45945627950778));
#8313=CARTESIAN_POINT('Ctrl Pts',(-16.6247173970262,10.,2.34461645160107));
#8314=CARTESIAN_POINT('Ctrl Pts',(-16.6247173970262,8.,2.34461645160107));
#8315=CARTESIAN_POINT('Ctrl Pts',(-16.9741697072933,10.,2.16048271158147));
#8316=CARTESIAN_POINT('Ctrl Pts',(-16.9741697072933,8.,2.16048271158147));
#8317=CARTESIAN_POINT('Ctrl Pts',(-17.1718860464171,10.,2.0563018321991));
#8318=CARTESIAN_POINT('Ctrl Pts',(-17.1718860464171,8.,2.0563018321991));
#8319=CARTESIAN_POINT('',(-16.0831464128569,8.,2.50932097434998));
#8320=CARTESIAN_POINT('',(-16.0831464128569,10.,2.50932097434998));
#8321=CARTESIAN_POINT('Ctrl Pts',(-16.0831464128569,8.,2.50932097434998));
#8322=CARTESIAN_POINT('Ctrl Pts',(-16.2471083454758,8.,2.45945627950778));
#8323=CARTESIAN_POINT('Ctrl Pts',(-16.6247173970262,8.,2.34461645160107));
#8324=CARTESIAN_POINT('Ctrl Pts',(-16.9741697072933,8.,2.16048271158147));
#8325=CARTESIAN_POINT('Ctrl Pts',(-17.1718860464171,8.,2.0563018321991));
#8326=CARTESIAN_POINT('Ctrl Pts',(-15.20320602227,10.,2.60812878608704));
#8327=CARTESIAN_POINT('Ctrl Pts',(-15.20320602227,8.,2.60812878608704));
#8328=CARTESIAN_POINT('Ctrl Pts',(-15.3522026789357,10.,2.60411635983405));
#8329=CARTESIAN_POINT('Ctrl Pts',(-15.3522026789357,8.,2.60411635983405));
#8330=CARTESIAN_POINT('Ctrl Pts',(-15.6483281020986,10.,2.59614180893696));
#8331=CARTESIAN_POINT('Ctrl Pts',(-15.6483281020986,8.,2.59614180893696));
#8332=CARTESIAN_POINT('Ctrl Pts',(-15.9388177562878,10.,2.53813929710252));
#8333=CARTESIAN_POINT('Ctrl Pts',(-15.9388177562878,8.,2.53813929710252));
#8334=CARTESIAN_POINT('Ctrl Pts',(-16.0831464128569,10.,2.50932097434998));
#8335=CARTESIAN_POINT('Ctrl Pts',(-16.0831464128569,8.,2.50932097434998));
#8336=CARTESIAN_POINT('',(-15.20320602227,8.,2.60812878608704));
#8337=CARTESIAN_POINT('',(-15.20320602227,10.,2.60812878608704));
#8338=CARTESIAN_POINT('Ctrl Pts',(-15.20320602227,8.,2.60812878608704));
#8339=CARTESIAN_POINT('Ctrl Pts',(-15.3522026789357,8.,2.60411635983405));
#8340=CARTESIAN_POINT('Ctrl Pts',(-15.6483281020986,8.,2.59614180893696));
#8341=CARTESIAN_POINT('Ctrl Pts',(-15.9388177562878,8.,2.53813929710252));
#8342=CARTESIAN_POINT('Ctrl Pts',(-16.0831464128569,8.,2.50932097434998));
#8343=CARTESIAN_POINT('Ctrl Pts',(-13.381803710945,10.,2.05070853233337));
#8344=CARTESIAN_POINT('Ctrl Pts',(-13.381803710945,8.,2.05070853233337));
#8345=CARTESIAN_POINT('Ctrl Pts',(-13.6490527830389,10.,2.21320559134577));
#8346=CARTESIAN_POINT('Ctrl Pts',(-13.6490527830389,8.,2.21320559134577));
#8347=CARTESIAN_POINT('Ctrl Pts',(-14.2078442119284,10.,2.55297090122847));
#8348=CARTESIAN_POINT('Ctrl Pts',(-14.2078442119284,8.,2.55297090122847));
#8349=CARTESIAN_POINT('Ctrl Pts',(-14.8619398830945,10.,2.58921755379422));
#8350=CARTESIAN_POINT('Ctrl Pts',(-14.8619398830945,8.,2.58921755379422));
#8351=CARTESIAN_POINT('Ctrl Pts',(-15.20320602227,10.,2.60812878608704));
#8352=CARTESIAN_POINT('Ctrl Pts',(-15.20320602227,8.,2.60812878608704));
#8353=CARTESIAN_POINT('',(-13.381803710945,8.,2.05070853233337));
#8354=CARTESIAN_POINT('',(-13.381803710945,10.,2.05070853233337));
#8355=CARTESIAN_POINT('Ctrl Pts',(-13.381803710945,8.,2.05070853233337));
#8356=CARTESIAN_POINT('Ctrl Pts',(-13.6490527830389,8.,2.21320559134577));
#8357=CARTESIAN_POINT('Ctrl Pts',(-14.2078442119284,8.,2.55297090122847));
#8358=CARTESIAN_POINT('Ctrl Pts',(-14.8619398830945,8.,2.58921755379422));
#8359=CARTESIAN_POINT('Ctrl Pts',(-15.20320602227,8.,2.60812878608704));
#8360=CARTESIAN_POINT('Ctrl Pts',(-12.6454133586958,10.,0.684190988540649));
#8361=CARTESIAN_POINT('Ctrl Pts',(-12.6454133586958,8.,0.684190988540649));
#8362=CARTESIAN_POINT('Ctrl Pts',(-12.6805895295467,10.,0.946706946682063));
#8363=CARTESIAN_POINT('Ctrl Pts',(-12.6805895295467,8.,0.946706946682063));
#8364=CARTESIAN_POINT('Ctrl Pts',(-12.7537804669357,10.,1.49292299553525));
#8365=CARTESIAN_POINT('Ctrl Pts',(-12.7537804669357,8.,1.49292299553525));
#8366=CARTESIAN_POINT('Ctrl Pts',(-13.1671190665568,10.,1.86003407759835));
#8367=CARTESIAN_POINT('Ctrl Pts',(-13.1671190665568,8.,1.86003407759835));
#8368=CARTESIAN_POINT('Ctrl Pts',(-13.381803710945,10.,2.05070853233337));
#8369=CARTESIAN_POINT('Ctrl Pts',(-13.381803710945,8.,2.05070853233337));
#8370=CARTESIAN_POINT('',(-12.6454133586958,8.,0.684190988540649));
#8371=CARTESIAN_POINT('',(-12.6454133586958,10.,0.684190988540649));
#8372=CARTESIAN_POINT('Ctrl Pts',(-12.6454133586958,8.,0.684190988540649));
#8373=CARTESIAN_POINT('Ctrl Pts',(-12.6805895295467,8.,0.946706946682063));
#8374=CARTESIAN_POINT('Ctrl Pts',(-12.7537804669357,8.,1.49292299553525));
#8375=CARTESIAN_POINT('Ctrl Pts',(-13.1671190665568,8.,1.86003407759835));
#8376=CARTESIAN_POINT('Ctrl Pts',(-13.381803710945,8.,2.05070853233337));
#8377=CARTESIAN_POINT('Ctrl Pts',(-12.7386266784742,10.,0.152871012687683));
#8378=CARTESIAN_POINT('Ctrl Pts',(-12.7386266784742,8.,0.152871012687683));
#8379=CARTESIAN_POINT('Ctrl Pts',(-12.7114393807963,10.,0.239656724211197));
#8380=CARTESIAN_POINT('Ctrl Pts',(-12.7114393807963,8.,0.239656724211197));
#8381=CARTESIAN_POINT('Ctrl Pts',(-12.657227167742,10.,0.412709799913197));
#8382=CARTESIAN_POINT('Ctrl Pts',(-12.657227167742,8.,0.412709799913197));
#8383=CARTESIAN_POINT('Ctrl Pts',(-12.6493434236293,10.,0.593878144023934));
#8384=CARTESIAN_POINT('Ctrl Pts',(-12.6493434236293,8.,0.593878144023934));
#8385=CARTESIAN_POINT('Ctrl Pts',(-12.6454133586958,10.,0.684190988540649));
#8386=CARTESIAN_POINT('Ctrl Pts',(-12.6454133586958,8.,0.684190988540649));
#8387=CARTESIAN_POINT('',(-12.7386266784742,8.,0.152871012687683));
#8388=CARTESIAN_POINT('',(-12.7386266784742,10.,0.152871012687683));
#8389=CARTESIAN_POINT('Ctrl Pts',(-12.7386266784742,8.,0.152871012687683));
#8390=CARTESIAN_POINT('Ctrl Pts',(-12.7114393807963,8.,0.239656724211197));
#8391=CARTESIAN_POINT('Ctrl Pts',(-12.657227167742,8.,0.412709799913197));
#8392=CARTESIAN_POINT('Ctrl Pts',(-12.6493434236293,8.,0.593878144023934));
#8393=CARTESIAN_POINT('Ctrl Pts',(-12.6454133586958,8.,0.684190988540649));
#8394=CARTESIAN_POINT('Ctrl Pts',(-13.0275911884382,10.,-0.328113436698914));
#8395=CARTESIAN_POINT('Ctrl Pts',(-13.0275911884382,8.,-0.328113436698914));
#8396=CARTESIAN_POINT('Ctrl Pts',(-12.9669129637867,10.,-0.253433799765621));
#8397=CARTESIAN_POINT('Ctrl Pts',(-12.9669129637867,8.,-0.253433799765621));
#8398=CARTESIAN_POINT('Ctrl Pts',(-12.8477497607886,10.,-0.106773860606049));
#8399=CARTESIAN_POINT('Ctrl Pts',(-12.8477497607886,8.,-0.106773860606049));
#8400=CARTESIAN_POINT('Ctrl Pts',(-12.7745519610072,10.,0.0673912476969174));
#8401=CARTESIAN_POINT('Ctrl Pts',(-12.7745519610072,8.,0.0673912476969174));
#8402=CARTESIAN_POINT('Ctrl Pts',(-12.7386266784742,10.,0.152871012687683));
#8403=CARTESIAN_POINT('Ctrl Pts',(-12.7386266784742,8.,0.152871012687683));
#8404=CARTESIAN_POINT('',(-13.0275911884382,8.,-0.328113436698914));
#8405=CARTESIAN_POINT('',(-13.0275911884382,10.,-0.328113436698914));
#8406=CARTESIAN_POINT('Ctrl Pts',(-13.0275911884382,8.,-0.328113436698914));
#8407=CARTESIAN_POINT('Ctrl Pts',(-12.9669129637867,8.,-0.253433799765621));
#8408=CARTESIAN_POINT('Ctrl Pts',(-12.8477497607886,8.,-0.106773860606049));
#8409=CARTESIAN_POINT('Ctrl Pts',(-12.7745519610072,8.,0.0673912476969174));
#8410=CARTESIAN_POINT('Ctrl Pts',(-12.7386266784742,8.,0.152871012687683));
#8411=CARTESIAN_POINT('Ctrl Pts',(-13.7043244438246,10.,-0.844519138336182));
#8412=CARTESIAN_POINT('Ctrl Pts',(-13.7043244438246,8.,-0.844519138336182));
#8413=CARTESIAN_POINT('Ctrl Pts',(-13.5636992985345,10.,-0.757601901890088));
#8414=CARTESIAN_POINT('Ctrl Pts',(-13.5636992985345,8.,-0.757601901890088));
#8415=CARTESIAN_POINT('Ctrl Pts',(-13.3208971644069,10.,-0.607531368927843));
#8416=CARTESIAN_POINT('Ctrl Pts',(-13.3208971644069,8.,-0.607531368927843));
#8417=CARTESIAN_POINT('Ctrl Pts',(-13.1144634639978,10.,-0.41087230829948));
#8418=CARTESIAN_POINT('Ctrl Pts',(-13.1144634639978,8.,-0.41087230829948));
#8419=CARTESIAN_POINT('Ctrl Pts',(-13.0275911884382,10.,-0.328113436698914));
#8420=CARTESIAN_POINT('Ctrl Pts',(-13.0275911884382,8.,-0.328113436698914));
#8421=CARTESIAN_POINT('',(-13.7043244438246,8.,-0.844519138336182));
#8422=CARTESIAN_POINT('',(-13.7043244438246,10.,-0.844519138336182));
#8423=CARTESIAN_POINT('Ctrl Pts',(-13.7043244438246,8.,-0.844519138336182));
#8424=CARTESIAN_POINT('Ctrl Pts',(-13.5636992985345,8.,-0.757601901890088));
#8425=CARTESIAN_POINT('Ctrl Pts',(-13.3208971644069,8.,-0.607531368927843));
#8426=CARTESIAN_POINT('Ctrl Pts',(-13.1144634639978,8.,-0.41087230829948));
#8427=CARTESIAN_POINT('Ctrl Pts',(-13.0275911884382,8.,-0.328113436698914));
#8428=CARTESIAN_POINT('Origin',(-14.7371358470991,10.,-1.48583173751831));
#8429=CARTESIAN_POINT('',(-14.7371358470991,8.,-1.48583173751831));
#8430=CARTESIAN_POINT('',(-14.7371358470991,10.,-1.48583173751831));
#8431=CARTESIAN_POINT('',(-14.7371358470991,8.,-1.48583173751831));
#8432=CARTESIAN_POINT('Ctrl Pts',(-15.0950778322294,10.,-1.95935845375061));
#8433=CARTESIAN_POINT('Ctrl Pts',(-15.0950778322294,8.,-1.95935845375061));
#8434=CARTESIAN_POINT('Ctrl Pts',(-15.0726276941722,10.,-1.87376621003129));
#8435=CARTESIAN_POINT('Ctrl Pts',(-15.0726276941722,8.,-1.87376621003129));
#8436=CARTESIAN_POINT('Ctrl Pts',(-15.0192341321107,10.,-1.67020065665438));
#8437=CARTESIAN_POINT('Ctrl Pts',(-15.0192341321107,8.,-1.67020065665438));
#8438=CARTESIAN_POINT('Ctrl Pts',(-14.8406383227174,10.,-1.55347709579073));
#8439=CARTESIAN_POINT('Ctrl Pts',(-14.8406383227174,8.,-1.55347709579073));
#8440=CARTESIAN_POINT('Ctrl Pts',(-14.7371358470991,10.,-1.48583173751831));
#8441=CARTESIAN_POINT('Ctrl Pts',(-14.7371358470991,8.,-1.48583173751831));
#8442=CARTESIAN_POINT('',(-15.0950778322294,8.,-1.95935845375061));
#8443=CARTESIAN_POINT('',(-15.0950778322294,10.,-1.95935845375061));
#8444=CARTESIAN_POINT('Ctrl Pts',(-15.0950778322294,8.,-1.95935845375061));
#8445=CARTESIAN_POINT('Ctrl Pts',(-15.0726276941722,8.,-1.87376621003129));
#8446=CARTESIAN_POINT('Ctrl Pts',(-15.0192341321107,8.,-1.67020065665438));
#8447=CARTESIAN_POINT('Ctrl Pts',(-14.8406383227174,8.,-1.55347709579073));
#8448=CARTESIAN_POINT('Ctrl Pts',(-14.7371358470991,8.,-1.48583173751831));
#8449=CARTESIAN_POINT('Ctrl Pts',(-14.8564500408247,10.,-2.29120016098022));
#8450=CARTESIAN_POINT('Ctrl Pts',(-14.8564500408247,8.,-2.29120016098022));
#8451=CARTESIAN_POINT('Ctrl Pts',(-14.925831295101,10.,-2.24775809010733));
#8452=CARTESIAN_POINT('Ctrl Pts',(-14.925831295101,8.,-2.24775809010733));
#8453=CARTESIAN_POINT('Ctrl Pts',(-15.0520410503954,10.,-2.16873367361994));
#8454=CARTESIAN_POINT('Ctrl Pts',(-15.0520410503954,8.,-2.16873367361994));
#8455=CARTESIAN_POINT('Ctrl Pts',(-15.0817160583055,10.,-2.02436388013094));
#8456=CARTESIAN_POINT('Ctrl Pts',(-15.0817160583055,8.,-2.02436388013094));
#8457=CARTESIAN_POINT('Ctrl Pts',(-15.0950778322294,10.,-1.95935845375061));
#8458=CARTESIAN_POINT('Ctrl Pts',(-15.0950778322294,8.,-1.95935845375061));
#8459=CARTESIAN_POINT('',(-14.8564500408247,8.,-2.29120016098022));
#8460=CARTESIAN_POINT('',(-14.8564500408247,10.,-2.29120016098022));
#8461=CARTESIAN_POINT('Ctrl Pts',(-14.8564500408247,8.,-2.29120016098022));
#8462=CARTESIAN_POINT('Ctrl Pts',(-14.925831295101,8.,-2.24775809010733));
#8463=CARTESIAN_POINT('Ctrl Pts',(-15.0520410503954,8.,-2.16873367361994));
#8464=CARTESIAN_POINT('Ctrl Pts',(-15.0817160583055,8.,-2.02436388013094));
#8465=CARTESIAN_POINT('Ctrl Pts',(-15.0950778322294,8.,-1.95935845375061));
#8466=CARTESIAN_POINT('Ctrl Pts',(-14.2486948566511,10.,-2.42542862892151));
#8467=CARTESIAN_POINT('Ctrl Pts',(-14.2486948566511,8.,-2.42542862892151));
#8468=CARTESIAN_POINT('Ctrl Pts',(-14.3626104717769,10.,-2.42179731169276));
#8469=CARTESIAN_POINT('Ctrl Pts',(-14.3626104717769,8.,-2.42179731169276));
#8470=CARTESIAN_POINT('Ctrl Pts',(-14.5739893541827,10.,-2.41505913293976));
#8471=CARTESIAN_POINT('Ctrl Pts',(-14.5739893541827,8.,-2.41505913293976));
#8472=CARTESIAN_POINT('Ctrl Pts',(-14.7673121384163,10.,-2.33028711883688));
#8473=CARTESIAN_POINT('Ctrl Pts',(-14.7673121384163,8.,-2.33028711883688));
#8474=CARTESIAN_POINT('Ctrl Pts',(-14.8564500408247,10.,-2.29120016098022));
#8475=CARTESIAN_POINT('Ctrl Pts',(-14.8564500408247,8.,-2.29120016098022));
#8476=CARTESIAN_POINT('',(-14.2486948566511,8.,-2.42542862892151));
#8477=CARTESIAN_POINT('',(-14.2486948566511,10.,-2.42542862892151));
#8478=CARTESIAN_POINT('Ctrl Pts',(-14.2486948566511,8.,-2.42542862892151));
#8479=CARTESIAN_POINT('Ctrl Pts',(-14.3626104717769,8.,-2.42179731169276));
#8480=CARTESIAN_POINT('Ctrl Pts',(-14.5739893541827,8.,-2.41505913293976));
#8481=CARTESIAN_POINT('Ctrl Pts',(-14.7673121384163,8.,-2.33028711883688));
#8482=CARTESIAN_POINT('Ctrl Pts',(-14.8564500408247,8.,-2.29120016098022));
#8483=CARTESIAN_POINT('Ctrl Pts',(-13.1058914260939,10.,-2.07494378089905));
#8484=CARTESIAN_POINT('Ctrl Pts',(-13.1058914260939,8.,-2.07494378089905));
#8485=CARTESIAN_POINT('Ctrl Pts',(-13.2720350263863,10.,-2.17709829075581));
#8486=CARTESIAN_POINT('Ctrl Pts',(-13.2720350263863,8.,-2.17709829075581));
#8487=CARTESIAN_POINT('Ctrl Pts',(-13.621905313785,10.,-2.39221838963269));
#8488=CARTESIAN_POINT('Ctrl Pts',(-13.621905313785,8.,-2.39221838963269));
#8489=CARTESIAN_POINT('Ctrl Pts',(-14.0328803529604,10.,-2.41399376790453));
#8490=CARTESIAN_POINT('Ctrl Pts',(-14.0328803529604,8.,-2.41399376790453));
#8491=CARTESIAN_POINT('Ctrl Pts',(-14.2486948566511,10.,-2.42542862892151));
#8492=CARTESIAN_POINT('Ctrl Pts',(-14.2486948566511,8.,-2.42542862892151));
#8493=CARTESIAN_POINT('',(-13.1058914260939,8.,-2.07494378089905));
#8494=CARTESIAN_POINT('',(-13.1058914260939,10.,-2.07494378089905));
#8495=CARTESIAN_POINT('Ctrl Pts',(-13.1058914260939,8.,-2.07494378089905));
#8496=CARTESIAN_POINT('Ctrl Pts',(-13.2720350263863,8.,-2.17709829075581));
#8497=CARTESIAN_POINT('Ctrl Pts',(-13.621905313785,8.,-2.39221838963269));
#8498=CARTESIAN_POINT('Ctrl Pts',(-14.0328803529604,8.,-2.41399376790453));
#8499=CARTESIAN_POINT('Ctrl Pts',(-14.2486948566511,8.,-2.42542862892151));
#8500=CARTESIAN_POINT('Ctrl Pts',(-12.6528698997572,10.,-1.20246052742004));
#8501=CARTESIAN_POINT('Ctrl Pts',(-12.6528698997572,8.,-1.20246052742004));
#8502=CARTESIAN_POINT('Ctrl Pts',(-12.6737134392301,10.,-1.37080448349356));
#8503=CARTESIAN_POINT('Ctrl Pts',(-12.6737134392301,8.,-1.37080448349356));
#8504=CARTESIAN_POINT('Ctrl Pts',(-12.7165630880974,10.,-1.71688195349564));
#8505=CARTESIAN_POINT('Ctrl Pts',(-12.7165630880974,8.,-1.71688195349564));
#8506=CARTESIAN_POINT('Ctrl Pts',(-12.9737890156693,10.,-1.95345036296699));
#8507=CARTESIAN_POINT('Ctrl Pts',(-12.9737890156693,8.,-1.95345036296699));
#8508=CARTESIAN_POINT('Ctrl Pts',(-13.1058914260939,10.,-2.07494378089905));
#8509=CARTESIAN_POINT('Ctrl Pts',(-13.1058914260939,8.,-2.07494378089905));
#8510=CARTESIAN_POINT('',(-12.6528698997572,8.,-1.20246052742004));
#8511=CARTESIAN_POINT('',(-12.6528698997572,10.,-1.20246052742004));
#8512=CARTESIAN_POINT('Ctrl Pts',(-12.6528698997572,8.,-1.20246052742004));
#8513=CARTESIAN_POINT('Ctrl Pts',(-12.6737134392301,8.,-1.37080448349356));
#8514=CARTESIAN_POINT('Ctrl Pts',(-12.7165630880974,8.,-1.71688195349564));
#8515=CARTESIAN_POINT('Ctrl Pts',(-12.9737890156693,8.,-1.95345036296699));
#8516=CARTESIAN_POINT('Ctrl Pts',(-13.1058914260939,8.,-2.07494378089905));
#8517=CARTESIAN_POINT('Ctrl Pts',(-12.6826984481886,10.,-0.807233452796936));
#8518=CARTESIAN_POINT('Ctrl Pts',(-12.6826984481886,8.,-0.807233452796936));
#8519=CARTESIAN_POINT('Ctrl Pts',(-12.6739999383833,10.,-0.874254558024239));
#8520=CARTESIAN_POINT('Ctrl Pts',(-12.6739999383833,8.,-0.874254558024239));
#8521=CARTESIAN_POINT('Ctrl Pts',(-12.6569701099701,10.,-1.00546759883565));
#8522=CARTESIAN_POINT('Ctrl Pts',(-12.6569701099701,8.,-1.00546759883565));
#8523=CARTESIAN_POINT('Ctrl Pts',(-12.6542168482061,10.,-1.13774693815803));
#8524=CARTESIAN_POINT('Ctrl Pts',(-12.6542168482061,8.,-1.13774693815803));
#8525=CARTESIAN_POINT('Ctrl Pts',(-12.6528698997572,10.,-1.20246052742004));
#8526=CARTESIAN_POINT('Ctrl Pts',(-12.6528698997572,8.,-1.20246052742004));
#8527=CARTESIAN_POINT('',(-12.6826984481886,8.,-0.807233452796936));
#8528=CARTESIAN_POINT('',(-12.6826984481886,10.,-0.807233452796936));
#8529=CARTESIAN_POINT('Ctrl Pts',(-12.6826984481886,8.,-0.807233452796936));
#8530=CARTESIAN_POINT('Ctrl Pts',(-12.6739999383833,8.,-0.874254558024239));
#8531=CARTESIAN_POINT('Ctrl Pts',(-12.6569701099701,8.,-1.00546759883565));
#8532=CARTESIAN_POINT('Ctrl Pts',(-12.6542168482061,8.,-1.13774693815803));
#8533=CARTESIAN_POINT('Ctrl Pts',(-12.6528698997572,8.,-1.20246052742004));
#8534=CARTESIAN_POINT('Origin',(-12.5074560241774,10.,-0.807233452796936));
#8535=CARTESIAN_POINT('',(-12.5074560241774,8.,-0.807233452796936));
#8536=CARTESIAN_POINT('',(-12.5074560241774,10.,-0.807233452796936));
#8537=CARTESIAN_POINT('',(-12.5074560241774,8.,-0.807233452796936));
#8538=CARTESIAN_POINT('Origin',(-11.9593579368666,10.,-2.5));
#8539=CARTESIAN_POINT('',(-11.9593579368666,8.,-2.5));
#8540=CARTESIAN_POINT('',(-11.9593579368666,10.,-2.5));
#8541=CARTESIAN_POINT('',(-11.9593579368666,8.,-2.5));
#8542=CARTESIAN_POINT('Origin',(-12.1867997245863,10.,-2.5));
#8543=CARTESIAN_POINT('',(-12.1867997245863,8.,-2.5));
#8544=CARTESIAN_POINT('Origin',(2.18860805034637E-7,8.,-0.0149139761924744));
#8545=CARTESIAN_POINT('Origin',(0.,10.,1.11022302462516E-15));
#8546=CARTESIAN_POINT('Origin',(0.,10.,1.11022302462516E-15));
#8547=CARTESIAN_POINT('Origin',(0.,10.,1.11022302462516E-15));
#8548=CARTESIAN_POINT('Origin',(20.,0.,1.11022302462516E-15));
#8549=CARTESIAN_POINT('',(17.5,0.,1.41638472441199E-15));
#8550=CARTESIAN_POINT('',(17.5,0.,1.41638472441199E-15));
#8551=CARTESIAN_POINT('Origin',(20.,0.,1.11022302462516E-15));
#8552=CARTESIAN_POINT('Origin',(-25.,0.,-7.5));
#8553=CARTESIAN_POINT('',(-25.,0.,-7.5));
#8554=CARTESIAN_POINT('Origin',(0.,0.,1.11022302462516E-15));
#8555=UNCERTAINTY_MEASURE_WITH_UNIT(LENGTH_MEASURE(0.01),#8559,
'DISTANCE_ACCURACY_VALUE',
'Maximum model space distance between geometric entities at asserted c
onnectivities');
#8556=UNCERTAINTY_MEASURE_WITH_UNIT(LENGTH_MEASURE(0.01),#8559,
'DISTANCE_ACCURACY_VALUE',
'Maximum model space distance between geometric entities at asserted c
onnectivities');
#8557=(
GEOMETRIC_REPRESENTATION_CONTEXT(3)
GLOBAL_UNCERTAINTY_ASSIGNED_CONTEXT((#8555))
GLOBAL_UNIT_ASSIGNED_CONTEXT((#8559,#8561,#8562))
REPRESENTATION_CONTEXT('','3D')
);
#8558=(
GEOMETRIC_REPRESENTATION_CONTEXT(3)
GLOBAL_UNCERTAINTY_ASSIGNED_CONTEXT((#8556))
GLOBAL_UNIT_ASSIGNED_CONTEXT((#8559,#8561,#8562))
REPRESENTATION_CONTEXT('','3D')
);
#8559=(
LENGTH_UNIT()
NAMED_UNIT(*)
SI_UNIT(.MILLI.,.METRE.)
);
#8560=(
LENGTH_UNIT()
NAMED_UNIT(*)
SI_UNIT($,.METRE.)
);
#8561=(
NAMED_UNIT(*)
PLANE_ANGLE_UNIT()
SI_UNIT($,.RADIAN.)
);
#8562=(
NAMED_UNIT(*)
SI_UNIT($,.STERADIAN.)
SOLID_ANGLE_UNIT()
);
#8563=SHAPE_DEFINITION_REPRESENTATION(#8564,#8565);
#8564=PRODUCT_DEFINITION_SHAPE('',$,#8567);
#8565=SHAPE_REPRESENTATION('',(#4207),#8557);
#8566=PRODUCT_DEFINITION_CONTEXT('part definition',#8571,'design');
#8567=PRODUCT_DEFINITION('2026-09-01-12-27-27-830','FusionComponent',#8568,
#8566);
#8568=PRODUCT_DEFINITION_FORMATION('',$,#8573);
#8569=PRODUCT_RELATED_PRODUCT_CATEGORY('FusionComponent',
'FusionComponent',(#8573));
#8570=APPLICATION_PROTOCOL_DEFINITION('international standard',
'automotive_design',2009,#8571);
#8571=APPLICATION_CONTEXT(
'Core Data for Automotive Mechanical Design Process');
#8572=PRODUCT_CONTEXT('part definition',#8571,'mechanical');
#8573=PRODUCT('2026-09-01-12-27-27-830','FusionComponent',$,(#8572));
#8574=PRESENTATION_STYLE_ASSIGNMENT((#8575));
#8575=SURFACE_STYLE_USAGE(.BOTH.,#8576);
#8576=SURFACE_SIDE_STYLE('',(#8577));
#8577=SURFACE_STYLE_FILL_AREA(#8578);
#8578=FILL_AREA_STYLE('Acier - Satin\X\E9',(#8579));
#8579=FILL_AREA_STYLE_COLOUR('Acier - Satin\X\E9',#8580);
#8580=COLOUR_RGB('Acier - Satin\X\E9',0.627450980392157,0.627450980392157,
0.627450980392157);
ENDSEC;
END-ISO-10303-21;
